ISO-10303-21;
HEADER;
FILE_DESCRIPTION(('ViewDefinition[DesignTransferView]'),'2;1');
FILE_NAME('s05-activity.ifc','2026-10-07T15:29:59+08:00',(''),(''),'IfcOpenShell 0.8.5-post1','Bonsai 0.8.5-post1','Nobody');
FILE_SCHEMA(('IFC4'));
ENDSEC;
DATA;
#1=IFCPROJECT('0C13P1mIvFcAphuhMfPfVS',$,'My Project',$,$,$,$,(#10,#22),#5);
#2=IFCSIUNIT(*,.LENGTHUNIT.,$,.METRE.);
#3=IFCSIUNIT(*,.AREAUNIT.,$,.SQUARE_METRE.);
#4=IFCSIUNIT(*,.VOLUMEUNIT.,$,.CUBIC_METRE.);
#5=IFCUNITASSIGNMENT((#4,#2,#3));
#6=IFCCARTESIANPOINT((0.,0.,0.));
#7=IFCDIRECTION((0.,0.,1.));
#8=IFCDIRECTION((1.,0.,0.));
#9=IFCAXIS2PLACEMENT3D(#6,#7,#8);
#10=IFCGEOMETRICREPRESENTATIONCONTEXT($,'Model',3,1.0000000000000001E-05,#9,$);
#11=IFCGEOMETRICREPRESENTATIONSUBCONTEXT('Body','Model',*,*,*,*,#10,$,.MODEL_VIEW.,$);
#12=IFCGEOMETRICREPRESENTATIONSUBCONTEXT('Axis','Model',*,*,*,*,#10,$,.GRAPH_VIEW.,$);
#13=IFCGEOMETRICREPRESENTATIONSUBCONTEXT('Box','Model',*,*,*,*,#10,$,.MODEL_VIEW.,$);
#14=IFCGEOMETRICREPRESENTATIONSUBCONTEXT('Annotation','Model',*,*,*,*,#10,$,.SECTION_VIEW.,$);
#15=IFCGEOMETRICREPRESENTATIONSUBCONTEXT('Annotation','Model',*,*,*,*,#10,$,.ELEVATION_VIEW.,$);
#16=IFCGEOMETRICREPRESENTATIONSUBCONTEXT('Annotation','Model',*,*,*,*,#10,$,.MODEL_VIEW.,$);
#17=IFCGEOMETRICREPRESENTATIONSUBCONTEXT('Annotation','Model',*,*,*,*,#10,$,.PLAN_VIEW.,$);
#18=IFCGEOMETRICREPRESENTATIONSUBCONTEXT('Profile','Model',*,*,*,*,#10,$,.ELEVATION_VIEW.,$);
#19=IFCCARTESIANPOINT((0.,0.));
#20=IFCDIRECTION((1.,0.));
#21=IFCAXIS2PLACEMENT2D(#19,#20);
#22=IFCGEOMETRICREPRESENTATIONCONTEXT($,'Plan',2,1.0000000000000001E-05,#21,$);
#23=IFCGEOMETRICREPRESENTATIONSUBCONTEXT('Axis','Plan',*,*,*,*,#22,$,.GRAPH_VIEW.,$);
#24=IFCGEOMETRICREPRESENTATIONSUBCONTEXT('Body','Plan',*,*,*,*,#22,$,.PLAN_VIEW.,$);
#25=IFCGEOMETRICREPRESENTATIONSUBCONTEXT('Annotation','Plan',*,*,*,*,#22,$,.PLAN_VIEW.,$);
#26=IFCGEOMETRICREPRESENTATIONSUBCONTEXT('Annotation','Plan',*,*,*,*,#22,$,.REFLECTED_PLAN_VIEW.,$);
#27=IFCSITE('0iXovhi$9AbwOyRsWtgqI8',$,'My Site',$,$,#50,$,$,$,$,$,$,$,$);
#33=IFCBUILDING('0MkIp17NTDf9cz_k0ZY8nl',$,'My Building',$,$,#56,$,$,$,$,$,$);
#39=IFCBUILDINGSTOREY('1QFeD7$wLDIvyitEmJadTr',$,'2F',$,$,#4293,$,$,$,$);
#45=IFCRELAGGREGATES('3dqHNdQX53tA9HmlFO6dct',$,$,$,#1,(#27));
#46=IFCCARTESIANPOINT((0.,0.,0.));
#47=IFCDIRECTION((0.,0.,1.));
#48=IFCDIRECTION((1.,0.,0.));
#49=IFCAXIS2PLACEMENT3D(#46,#47,#48);
#50=IFCLOCALPLACEMENT($,#49);
#51=IFCRELAGGREGATES('0hpH_UsLHEa8uCuf0_XYm5',$,$,$,#27,(#33));
#52=IFCCARTESIANPOINT((0.,0.,0.));
#53=IFCDIRECTION((0.,0.,1.));
#54=IFCDIRECTION((1.,0.,0.));
#55=IFCAXIS2PLACEMENT3D(#52,#53,#54);
#56=IFCLOCALPLACEMENT(#50,#55);
#57=IFCRELAGGREGATES('0jGioSu8H34OCkpX$$6JaK',$,$,$,#33,(#8951,#39,#63));
#63=IFCBUILDINGSTOREY('0E6fcvj3P3ueI7eWu79Zp7',$,'GF',$,$,#79,$,$,$,$);
#75=IFCCARTESIANPOINT((0.,0.,0.));
#76=IFCDIRECTION((0.,0.,1.));
#77=IFCDIRECTION((1.,0.,0.));
#78=IFCAXIS2PLACEMENT3D(#75,#76,#77);
#79=IFCLOCALPLACEMENT(#56,#78);
#83=IFCWALLTYPE('2PJSHqPGbEDRtKcGR6b3cI',$,'WALL',$,$,(#88),$,$,$,.SOLIDWALL.);
#84=IFCMATERIAL('Unknown',$,$);
#85=IFCMATERIALLAYERSET((#87),$,$);
#86=IFCRELASSOCIATESMATERIAL('0VgxqxCt1AOQ7HNnJ6Xoyw',$,$,$,(#83),#85);
#87=IFCMATERIALLAYER(#84,0.10000000000000001,$,$,$,$,$);
#88=IFCPROPERTYSET('3WSxqn4hD4YfRScEm$0OLq',$,'EPset_Parametric',$,(#89));
#89=IFCPROPERTYSINGLEVALUE('LayerSetDirection',$,IFCLABEL('AXIS2'),$);
#90=IFCWALL('1sWNJ0s3v3ARcjujZCBt9N',$,'Wall',$,$,#628,#98,$,$);
#91=IFCRELCONTAINEDINSPATIALSTRUCTURE('3_3WB8mKT58vyRuBNrtDPj',$,$,$,(#1749,#772,#642,#1311,#842,#10852,#10874,#10962,#11435,#9298,#10759,#10825,#10671,#217,#142,#10803,#10693,#10715,#10737,#10781,#11331,#10475,#10323,#11287,#11038,#9120,#9874,#267,#1442,#2056,#10612,#192,#11309,#11388,#117,#10281,#4114,#2998,#9275,#3460,#10417,#10529,#2463,#10003,#667,#242,#867,#90,#10648,#11482,#167,#11504,#11011,#11264,#3858,#9050,#10302,#9899,#10161,#10984,#12089,#12111,#12133),#63);
#92=IFCRELDEFINESBYTYPE('2fCY2zTaPDLfFrljRFFSQm',$,$,$,(#90,#167,#267,#867,#772,#642,#5634,#192,#117,#842,#5430,#667,#217,#242,#142,#5333,#5532),#83);
#93=IFCMATERIALLAYERSETUSAGE(#85,.AXIS2.,.POSITIVE.,0.,$);
#94=IFCRELASSOCIATESMATERIAL('1t5WNkfrz59gW_PdNiaUKK',$,$,$,(#90),#93);
#98=IFCPRODUCTDEFINITIONSHAPE($,$,(#623,#620));
#114=IFCPROPERTYSET('3BW56xtXL58xDRgHeGUaND',$,'EPset_Parametric',$,(#116));
#115=IFCRELDEFINESBYPROPERTIES('18qDV7Dc13ag7K3KC9gyes',$,$,$,(#90),#114);
#116=IFCPROPERTYSINGLEVALUE('Engine',$,IFCLABEL('Bonsai.DumbLayer2'),$);
#117=IFCWALL('2xZ77DJR17buT6qlxVkseP',$,'Wall',$,$,#128,#123,$,$);
#118=IFCMATERIALLAYERSETUSAGE(#85,.AXIS2.,.POSITIVE.,0.,$);
#119=IFCRELASSOCIATESMATERIAL('0y5Wj6FiT7a8vZhEi5nc0k',$,$,$,(#117),#118);
#123=IFCPRODUCTDEFINITIONSHAPE($,$,(#454,#451));
#124=IFCCARTESIANPOINT((4.2174768447875977,-2.6000680923461914,0.));
#125=IFCDIRECTION((0.,0.,1.));
#126=IFCDIRECTION((7.5497901264043109E-08,0.99999999999999711,0.));
#127=IFCAXIS2PLACEMENT3D(#124,#125,#126);
#128=IFCLOCALPLACEMENT(#79,#127);
#139=IFCPROPERTYSET('3EM62EEAf109V$qgIqTD6d',$,'EPset_Parametric',$,(#141));
#140=IFCRELDEFINESBYPROPERTIES('1dT5at_PT81hV$ZfxVFEx2',$,$,$,(#117),#139);
#141=IFCPROPERTYSINGLEVALUE('Engine',$,IFCLABEL('Bonsai.DumbLayer2'),$);
#142=IFCWALL('2Yym9YG1j4lfbxu$SMUGxg',$,'Wall',$,$,#441,#148,$,$);
#143=IFCMATERIALLAYERSETUSAGE(#85,.AXIS2.,.POSITIVE.,0.,$);
#144=IFCRELASSOCIATESMATERIAL('381Zl475rBMxpGFr8QSN5Q',$,$,$,(#142),#143);
#148=IFCPRODUCTDEFINITIONSHAPE($,$,(#486,#483));
#164=IFCPROPERTYSET('0R299BVAz38uyYAAuj65AA',$,'EPset_Parametric',$,(#166));
#165=IFCRELDEFINESBYPROPERTIES('2$kIKaHG53qwuSicjv8uDt',$,$,$,(#142),#164);
#166=IFCPROPERTYSINGLEVALUE('Engine',$,IFCLABEL('Bonsai.DumbLayer2'),$);
#167=IFCWALL('0zrdIZG9LFHQu5T7EYGtuq',$,'Wall',$,$,#473,#173,$,$);
#168=IFCMATERIALLAYERSETUSAGE(#85,.AXIS2.,.POSITIVE.,0.,$);
#169=IFCRELASSOCIATESMATERIAL('3nf$OTkLr4nfxs9GtgSyB9',$,$,$,(#167),#168);
#173=IFCPRODUCTDEFINITIONSHAPE($,$,(#513,#510));
#189=IFCPROPERTYSET('2CF5hd7XD3mO2opl2yL8xk',$,'EPset_Parametric',$,(#191));
#190=IFCRELDEFINESBYPROPERTIES('2K5D$s87bAWAA0Q2sfySwu',$,$,$,(#167),#189);
#191=IFCPROPERTYSINGLEVALUE('Engine',$,IFCLABEL('Bonsai.DumbLayer2'),$);
#192=IFCWALL('36Odab5Ef5_uKT22ZDi7Gt',$,'Wall',$,$,#203,#198,$,$);
#193=IFCMATERIALLAYERSETUSAGE(#85,.AXIS2.,.POSITIVE.,0.,$);
#194=IFCRELASSOCIATESMATERIAL('0h4FUTvzL5Jej4bhbqNOkP',$,$,$,(#192),#193);
#198=IFCPRODUCTDEFINITIONSHAPE($,$,(#1272,#1269));
#199=IFCCARTESIANPOINT((0.76747643947601318,5.0399312973022461,0.));
#200=IFCDIRECTION((0.,0.,1.));
#201=IFCDIRECTION((-0.99999999999992428,3.8941436741876494E-07,0.));
#202=IFCAXIS2PLACEMENT3D(#199,#200,#201);
#203=IFCLOCALPLACEMENT(#79,#202);
#214=IFCPROPERTYSET('1fwJeAG0L4tfx1Ey87CqF3',$,'EPset_Parametric',$,(#216));
#215=IFCRELDEFINESBYPROPERTIES('2JnP9cbm1D1RfaMXRPmjvd',$,$,$,(#192),#214);
#216=IFCPROPERTYSINGLEVALUE('Engine',$,IFCLABEL('Bonsai.DumbLayer2'),$);
#217=IFCWALL('1BUltAc2HEBhiXz0gbX1Fy',$,'Wall',$,$,#532,#223,$,$);
#218=IFCMATERIALLAYERSETUSAGE(#85,.AXIS2.,.POSITIVE.,0.,$);
#219=IFCRELASSOCIATESMATERIAL('2wFo4PCPD2IeBPbp_s6dYx',$,$,$,(#217),#218);
#223=IFCPRODUCTDEFINITIONSHAPE($,$,(#771,#768));
#239=IFCPROPERTYSET('2srgHvff98xPNa5zOJk6ho',$,'EPset_Parametric',$,(#241));
#240=IFCRELDEFINESBYPROPERTIES('3rha939u90Cfxb8$Y5Q5lU',$,$,$,(#217),#239);
#241=IFCPROPERTYSINGLEVALUE('Engine',$,IFCLABEL('Bonsai.DumbLayer2'),$);
#242=IFCWALL('1BUBQMhF96QQ$TetyN69vC',$,'Wall',$,$,#564,#248,$,$);
#243=IFCMATERIALLAYERSETUSAGE(#85,.AXIS2.,.POSITIVE.,0.,$);
#244=IFCRELASSOCIATESMATERIAL('2xQ$PyZYn4CQUoSxipsy9K',$,$,$,(#242),#243);
#248=IFCPRODUCTDEFINITIONSHAPE($,$,(#609,#606));
#264=IFCPROPERTYSET('34c66HSsXBoPDl4UzLRMXF',$,'EPset_Parametric',$,(#266));
#265=IFCRELDEFINESBYPROPERTIES('2K8HhZATH0dh1aHn8LyLQM',$,$,$,(#242),#264);
#266=IFCPROPERTYSINGLEVALUE('Engine',$,IFCLABEL('Bonsai.DumbLayer2'),$);
#267=IFCWALL('0dQKApxOv2lOja1$KJwNkO',$,'Wall',$,$,#596,#273,$,$);
#268=IFCMATERIALLAYERSETUSAGE(#85,.AXIS2.,.POSITIVE.,0.,$);
#269=IFCRELASSOCIATESMATERIAL('0PDzcahGzC29oGkT95Cf2C',$,$,$,(#267),#268);
#273=IFCPRODUCTDEFINITIONSHAPE($,$,(#641,#638));
#289=IFCPROPERTYSET('078IUWJyz0BwHycxfYjgT6',$,'EPset_Parametric',$,(#291));
#290=IFCRELDEFINESBYPROPERTIES('0v1wl6jln93huVydPOExtd',$,$,$,(#267),#289);
#291=IFCPROPERTYSINGLEVALUE('Engine',$,IFCLABEL('Bonsai.DumbLayer2'),$);
#396=IFCRELCONNECTSPATHELEMENTS('0ikb_DL25E$PJW4ljmIV$K',$,$,$,$,#117,#90,(),(),.ATEND.,.ATSTART.);
#423=IFCRELCONNECTSPATHELEMENTS('06J7b4ucD4mAPFzA8EMnDW',$,$,$,$,#142,#117,(),(),.ATEND.,.ATSTART.);
#437=IFCCARTESIANPOINT((4.2174775325734526,6.5099315643312305,0.));
#438=IFCDIRECTION((0.,0.,1.));
#439=IFCDIRECTION((-0.99999999999998868,-1.5099580252808492E-07,0.));
#440=IFCAXIS2PLACEMENT3D(#437,#438,#439);
#441=IFCLOCALPLACEMENT(#79,#440);
#442=IFCCARTESIANPOINTLIST2D(((0.,0.),(0.099999992450210157,0.10000000000000001),(9.0099996340280732,0.10000000000000001),(9.1099996566774468,0.)));
#443=IFCINDEXEDPOLYCURVE(#442,(IFCLINEINDEX((1,2,3,4,1))),$);
#444=IFCARBITRARYCLOSEDPROFILEDEF(.AREA.,$,#443);
#445=IFCCARTESIANPOINT((0.,0.,0.));
#446=IFCDIRECTION((0.,0.,1.));
#447=IFCDIRECTION((1.,0.,0.));
#448=IFCAXIS2PLACEMENT3D(#445,#446,#447);
#449=IFCDIRECTION((0.,0.,1.));
#450=IFCEXTRUDEDAREASOLID(#444,#448,#449,3.);
#451=IFCSHAPEREPRESENTATION(#11,'Body','SweptSolid',(#450));
#452=IFCCARTESIANPOINTLIST2D(((0.,0.),(9.1099996566774468,0.)));
#453=IFCINDEXEDPOLYCURVE(#452,$,$);
#454=IFCSHAPEREPRESENTATION(#23,'Axis','Curve2D',(#453));
#455=IFCRELCONNECTSPATHELEMENTS('1qyVkEWYDBEvPqkjEdghbW',$,$,$,$,#167,#142,(),(),.ATEND.,.ATSTART.);
#469=IFCCARTESIANPOINT((0.76747632026672696,6.5099310433955297,0.));
#470=IFCDIRECTION((0.,0.,1.));
#471=IFCDIRECTION((7.5497901264043123E-08,-0.99999999999999722,0.));
#472=IFCAXIS2PLACEMENT3D(#469,#470,#471);
#473=IFCLOCALPLACEMENT(#79,#472);
#474=IFCCARTESIANPOINTLIST2D(((0.,0.),(0.10000002264937295,0.10000000000000001),(3.350001219856555,0.10000000000000001),(3.4500012123067649,0.)));
#475=IFCINDEXEDPOLYCURVE(#474,(IFCLINEINDEX((1,2,3,4,1))),$);
#476=IFCARBITRARYCLOSEDPROFILEDEF(.AREA.,$,#475);
#477=IFCCARTESIANPOINT((0.,0.,0.));
#478=IFCDIRECTION((0.,0.,1.));
#479=IFCDIRECTION((1.,0.,0.));
#480=IFCAXIS2PLACEMENT3D(#477,#478,#479);
#481=IFCDIRECTION((0.,0.,1.));
#482=IFCEXTRUDEDAREASOLID(#476,#480,#481,3.);
#483=IFCSHAPEREPRESENTATION(#11,'Body','SweptSolid',(#482));
#484=IFCCARTESIANPOINTLIST2D(((0.,0.),(3.4500012123067649,0.)));
#485=IFCINDEXEDPOLYCURVE(#484,$,$);
#486=IFCSHAPEREPRESENTATION(#23,'Axis','Curve2D',(#485));
#487=IFCRELCONNECTSPATHELEMENTS('1mSNru3U9FxfBRjIxsihaL',$,$,$,$,#192,#167,(),(),.ATEND.,.ATSTART.);
#501=IFCCARTESIANPOINTLIST2D(((0.,0.),(0.099999992450210171,0.10000000000000001),(1.569999792584521,0.10000000000000001),(1.4699997460932834,0.)));
#502=IFCINDEXEDPOLYCURVE(#501,(IFCLINEINDEX((1,2,3,4,1))),$);
#503=IFCARBITRARYCLOSEDPROFILEDEF(.AREA.,$,#502);
#504=IFCCARTESIANPOINT((0.,0.,0.));
#505=IFCDIRECTION((0.,0.,1.));
#506=IFCDIRECTION((1.,0.,0.));
#507=IFCAXIS2PLACEMENT3D(#504,#505,#506);
#508=IFCDIRECTION((0.,0.,1.));
#509=IFCEXTRUDEDAREASOLID(#503,#507,#508,3.);
#510=IFCSHAPEREPRESENTATION(#11,'Body','SweptSolid',(#509));
#511=IFCCARTESIANPOINTLIST2D(((0.,0.),(1.4699997460932834,0.)));
#512=IFCINDEXEDPOLYCURVE(#511,$,$);
#513=IFCSHAPEREPRESENTATION(#23,'Axis','Curve2D',(#512));
#514=IFCRELCONNECTSPATHELEMENTS('3gNqYDnqT8rfc_yp_GasZx',$,$,$,$,#217,#192,(),(),.ATEND.,.ATSTART.);
#528=IFCCARTESIANPOINT((-2.7825236320496289,5.039932679723278,0.));
#529=IFCDIRECTION((0.,0.,1.));
#530=IFCDIRECTION((7.5497901264043123E-08,-0.99999999999999722,0.));
#531=IFCAXIS2PLACEMENT3D(#528,#529,#530);
#532=IFCLOCALPLACEMENT(#79,#531);
#546=IFCRELCONNECTSPATHELEMENTS('2RT8GV_Z159uEq3ZAkzVh5',$,$,$,$,#242,#217,(),(),.ATEND.,.ATSTART.);
#560=IFCCARTESIANPOINT((-2.782523243990358,-0.10006809234619141,0.));
#561=IFCDIRECTION((0.,0.,1.));
#562=IFCDIRECTION((1.,0.,0.));
#563=IFCAXIS2PLACEMENT3D(#560,#561,#562);
#564=IFCLOCALPLACEMENT(#79,#563);
#578=IFCRELCONNECTSPATHELEMENTS('2XvB7Hby59iRVc6P6XrGyC',$,$,$,$,#267,#242,(),(),.ATEND.,.ATSTART.);
#592=IFCCARTESIANPOINT((0.21747684568165079,-0.10006809234619141,0.));
#593=IFCDIRECTION((0.,0.,1.));
#594=IFCDIRECTION((0.0039998939688753194,-0.9999920003921221,0.));
#595=IFCAXIS2PLACEMENT3D(#592,#593,#594);
#596=IFCLOCALPLACEMENT(#79,#595);
#597=IFCCARTESIANPOINTLIST2D(((0.,0.),(0.099999992450210171,0.10000000000000001),(3.0996008970425248,0.10000000000000001),(3.0000000896720089,0.)));
#598=IFCINDEXEDPOLYCURVE(#597,(IFCLINEINDEX((1,2,3,4,1))),$);
#599=IFCARBITRARYCLOSEDPROFILEDEF(.AREA.,$,#598);
#600=IFCCARTESIANPOINT((0.,0.,0.));
#601=IFCDIRECTION((0.,0.,1.));
#602=IFCDIRECTION((1.,0.,0.));
#603=IFCAXIS2PLACEMENT3D(#600,#601,#602);
#604=IFCDIRECTION((0.,0.,1.));
#605=IFCEXTRUDEDAREASOLID(#599,#603,#604,3.);
#606=IFCSHAPEREPRESENTATION(#11,'Body','SweptSolid',(#605));
#607=IFCCARTESIANPOINTLIST2D(((0.,0.),(3.0000000896720089,0.)));
#608=IFCINDEXEDPOLYCURVE(#607,$,$);
#609=IFCSHAPEREPRESENTATION(#23,'Axis','Curve2D',(#608));
#610=IFCRELCONNECTSPATHELEMENTS('2YDUpOvKbA$fYng$Z8hk13',$,$,$,$,#90,#267,(),(),.ATEND.,.ATSTART.);
#611=IFCCARTESIANPOINTLIST2D(((0.,0.),(0.09960080737051577,0.10000000000000001),(3.8900001917389506,0.10000000000000001),(3.9900001841891606,0.)));
#612=IFCINDEXEDPOLYCURVE(#611,(IFCLINEINDEX((1,2,3,4,1))),$);
#613=IFCARBITRARYCLOSEDPROFILEDEF(.AREA.,$,#612);
#614=IFCCARTESIANPOINT((0.,0.,0.));
#615=IFCDIRECTION((0.,0.,1.));
#616=IFCDIRECTION((1.,0.,0.));
#617=IFCAXIS2PLACEMENT3D(#614,#615,#616);
#618=IFCDIRECTION((0.,0.,1.));
#619=IFCEXTRUDEDAREASOLID(#613,#617,#618,3.);
#620=IFCSHAPEREPRESENTATION(#11,'Body','SweptSolid',(#619));
#621=IFCCARTESIANPOINTLIST2D(((0.,0.),(3.9900001841891606,0.)));
#622=IFCINDEXEDPOLYCURVE(#621,$,$);
#623=IFCSHAPEREPRESENTATION(#23,'Axis','Curve2D',(#622));
#624=IFCCARTESIANPOINT((0.22747666059843727,-2.6000680923461914,0.));
#625=IFCDIRECTION((0.,0.,1.));
#626=IFCDIRECTION((1.,0.,0.));
#627=IFCAXIS2PLACEMENT3D(#624,#625,#626);
#628=IFCLOCALPLACEMENT(#79,#627);
#629=IFCCARTESIANPOINTLIST2D(((0.,0.),(-0.099600807370515757,0.10000000000000001),(2.4004191918091644,0.10000000000000001),(2.5000199991796803,0.)));
#630=IFCINDEXEDPOLYCURVE(#629,(IFCLINEINDEX((1,2,3,4,1))),$);
#631=IFCARBITRARYCLOSEDPROFILEDEF(.AREA.,$,#630);
#632=IFCCARTESIANPOINT((0.,0.,0.));
#633=IFCDIRECTION((0.,0.,1.));
#634=IFCDIRECTION((1.,0.,0.));
#635=IFCAXIS2PLACEMENT3D(#632,#633,#634);
#636=IFCDIRECTION((0.,0.,1.));
#637=IFCEXTRUDEDAREASOLID(#631,#635,#636,3.);
#638=IFCSHAPEREPRESENTATION(#11,'Body','SweptSolid',(#637));
#639=IFCCARTESIANPOINTLIST2D(((0.,0.),(2.5000199991796803,0.)));
#640=IFCINDEXEDPOLYCURVE(#639,$,$);
#641=IFCSHAPEREPRESENTATION(#23,'Axis','Curve2D',(#640));
#642=IFCWALL('3kM5wpgI19u83mC7JHO4ve',$,'Wall',$,$,#653,#648,$,$);
#643=IFCMATERIALLAYERSETUSAGE(#85,.AXIS2.,.POSITIVE.,0.,$);
#644=IFCRELASSOCIATESMATERIAL('3vPLf_DAbDbhifI1ZCtgle',$,$,$,(#642),#643);
#648=IFCPRODUCTDEFINITIONSHAPE($,$,(#744,#741));
#649=IFCCARTESIANPOINT((0.31707763671875,-6.8081397330388427E-05,0.));
#650=IFCDIRECTION((0.,0.,1.));
#651=IFCDIRECTION((7.5497901264043109E-08,0.99999999999999711,0.));
#652=IFCAXIS2PLACEMENT3D(#649,#650,#651);
#653=IFCLOCALPLACEMENT(#79,#652);
#664=IFCPROPERTYSET('3lh$ERdhzAfge9$4PNM0jW',$,'EPset_Parametric',$,(#666));
#665=IFCRELDEFINESBYPROPERTIES('3iQo9HFhv0kOuPl_JuEdLJ',$,$,$,(#642),#664);
#666=IFCPROPERTYSINGLEVALUE('Engine',$,IFCLABEL('Bonsai.DumbLayer2'),$);
#667=IFCWALL('3B4UETr95CtBgpP$qewVYt',$,'Wall',$,$,#678,#673,$,$);
#668=IFCMATERIALLAYERSETUSAGE(#85,.AXIS2.,.POSITIVE.,0.,$);
#669=IFCRELASSOCIATESMATERIAL('2_9ziMX7TB3v9ntXTjPFpf',$,$,$,(#667),#668);
#673=IFCPRODUCTDEFINITIONSHAPE($,$,(#758,#755));
#674=IFCCARTESIANPOINT((0.31707784533500671,2.6499319076538086,0.));
#675=IFCDIRECTION((0.,0.,1.));
#676=IFCDIRECTION((-0.99999999999998868,-1.5099580252808492E-07,0.));
#677=IFCAXIS2PLACEMENT3D(#674,#675,#676);
#678=IFCLOCALPLACEMENT(#79,#677);
#689=IFCPROPERTYSET('3JIYOPMuzB8fv1UAEM6LgX',$,'EPset_Parametric',$,(#691));
#690=IFCRELDEFINESBYPROPERTIES('0F97reAxX5uvwDjWkN2Mx9',$,$,$,(#667),#689);
#691=IFCPROPERTYSINGLEVALUE('Engine',$,IFCLABEL('Bonsai.DumbLayer2'),$);
#718=IFCRELCONNECTSPATHELEMENTS('14FSwHZ_nCn9rugGX4kUvg',$,$,$,$,#667,#642,(),(),.ATEND.,.ATSTART.);
#732=IFCCARTESIANPOINTLIST2D(((0.,0.),(0.,0.10000000000000001),(2.5499999664017725,0.10000000000000001),(2.6499999890511456,0.)));
#733=IFCINDEXEDPOLYCURVE(#732,(IFCLINEINDEX((1,2,3,4,1))),$);
#734=IFCARBITRARYCLOSEDPROFILEDEF(.AREA.,$,#733);
#735=IFCCARTESIANPOINT((0.,0.,0.));
#736=IFCDIRECTION((0.,0.,1.));
#737=IFCDIRECTION((1.,0.,0.));
#738=IFCAXIS2PLACEMENT3D(#735,#736,#737);
#739=IFCDIRECTION((0.,0.,1.));
#740=IFCEXTRUDEDAREASOLID(#734,#738,#739,3.);
#741=IFCSHAPEREPRESENTATION(#11,'Body','SweptSolid',(#740));
#742=IFCCARTESIANPOINTLIST2D(((0.,0.),(2.6499999890511456,0.)));
#743=IFCINDEXEDPOLYCURVE(#742,$,$);
#744=IFCSHAPEREPRESENTATION(#23,'Axis','Curve2D',(#743));
#745=IFCRELCONNECTSPATHELEMENTS('0RjVkC_PP1rONTntomj5LL',$,$,$,$,#667,#217,(),(),.ATPATH.,.ATEND.);
#746=IFCCARTESIANPOINTLIST2D(((0.,0.),(0.10000002264937295,0.10000000000000001),(2.999601295947564,0.10000000000000001),(2.9996012883977738,0.)));
#747=IFCINDEXEDPOLYCURVE(#746,(IFCLINEINDEX((1,2,3,4,1))),$);
#748=IFCARBITRARYCLOSEDPROFILEDEF(.AREA.,$,#747);
#749=IFCCARTESIANPOINT((0.,0.,0.));
#750=IFCDIRECTION((0.,0.,1.));
#751=IFCDIRECTION((1.,0.,0.));
#752=IFCAXIS2PLACEMENT3D(#749,#750,#751);
#753=IFCDIRECTION((0.,0.,1.));
#754=IFCEXTRUDEDAREASOLID(#748,#752,#753,3.);
#755=IFCSHAPEREPRESENTATION(#11,'Body','SweptSolid',(#754));
#756=IFCCARTESIANPOINTLIST2D(((0.,0.),(3.0996012883977739,0.)));
#757=IFCINDEXEDPOLYCURVE(#756,$,$);
#758=IFCSHAPEREPRESENTATION(#23,'Axis','Curve2D',(#757));
#759=IFCCARTESIANPOINTLIST2D(((0.,0.),(0.10000004649123768,0.10000000000000001),(5.0400007796192741,0.10000000000000001),(5.1400007720694845,0.)));
#760=IFCINDEXEDPOLYCURVE(#759,(IFCLINEINDEX((1,2,3,4,1))),$);
#761=IFCARBITRARYCLOSEDPROFILEDEF(.AREA.,$,#760);
#762=IFCCARTESIANPOINT((0.,0.,0.));
#763=IFCDIRECTION((0.,0.,1.));
#764=IFCDIRECTION((1.,0.,0.));
#765=IFCAXIS2PLACEMENT3D(#762,#763,#764);
#766=IFCDIRECTION((0.,0.,1.));
#767=IFCEXTRUDEDAREASOLID(#761,#765,#766,3.);
#768=IFCSHAPEREPRESENTATION(#11,'Body','SweptSolid',(#767));
#769=IFCCARTESIANPOINTLIST2D(((0.,0.),(5.1400007720694845,0.)));
#770=IFCINDEXEDPOLYCURVE(#769,$,$);
#771=IFCSHAPEREPRESENTATION(#23,'Axis','Curve2D',(#770));
#772=IFCWALL('1Fpx5C4WDA_hTVOHCkJNBg',$,'Wall',$,$,#814,#778,$,$);
#773=IFCMATERIALLAYERSETUSAGE(#85,.AXIS2.,.POSITIVE.,0.,$);
#774=IFCRELASSOCIATESMATERIAL('0AKMO82Vj00BcKsBd5KJHl',$,$,$,(#772),#773);
#778=IFCPRODUCTDEFINITIONSHAPE($,$,(#1235,#1232));
#794=IFCPROPERTYSET('2jRnZ_Zb9F5u3$lIb4WqA7',$,'EPset_Parametric',$,(#796));
#795=IFCRELDEFINESBYPROPERTIES('1W8pMRXQj40hvcTtHjw66V',$,$,$,(#772),#794);
#796=IFCPROPERTYSINGLEVALUE('Engine',$,IFCLABEL('Bonsai.DumbLayer2'),$);
#810=IFCCARTESIANPOINT((-1.1771271228790283,2.6499319076538086,0.));
#811=IFCDIRECTION((0.,0.,1.));
#812=IFCDIRECTION((1.9470718370939353E-07,0.99999999999998113,0.));
#813=IFCAXIS2PLACEMENT3D(#810,#811,#812);
#814=IFCLOCALPLACEMENT(#79,#813);
#815=IFCRELCONNECTSPATHELEMENTS('1eDrO5gRz1w8pr_sbegmwt',$,$,$,$,#772,#192,(),(),.ATPATH.,.ATEND.);
#842=IFCWALL('14l52iTh94HhynqqDJDsJU',$,'Wall',$,$,#1259,#848,$,$);
#843=IFCMATERIALLAYERSETUSAGE(#85,.AXIS2.,.POSITIVE.,0.,$);
#844=IFCRELASSOCIATESMATERIAL('07kRkoYOf6MfAJukPUita5',$,$,$,(#842),#843);
#848=IFCPRODUCTDEFINITIONSHAPE($,$,(#1286,#1283));
#864=IFCPROPERTYSET('2TVc3zSbj3pRoYS0GFrIRF',$,'EPset_Parametric',$,(#866));
#865=IFCRELDEFINESBYPROPERTIES('3C0mzA3SHBv9JzTSv7kCKv',$,$,$,(#842),#864);
#866=IFCPROPERTYSINGLEVALUE('Engine',$,IFCLABEL('Bonsai.DumbLayer2'),$);
#867=IFCWALL('02y9_aPzv0RfaTWanVEAqy',$,'Wall',$,$,#1304,#873,$,$);
#868=IFCMATERIALLAYERSETUSAGE(#85,.AXIS2.,.POSITIVE.,0.,$);
#869=IFCRELASSOCIATESMATERIAL('3M$XrgjrD0mw6Z4_uPKieZ',$,$,$,(#867),#868);
#873=IFCPRODUCTDEFINITIONSHAPE($,$,(#1299,#1296));
#889=IFCPROPERTYSET('0moorpZOL5IvZ5b9m5nuLi',$,'EPset_Parametric',$,(#891));
#890=IFCRELDEFINESBYPROPERTIES('3hJTDr9iD8D8qzkJDvFL$q',$,$,$,(#867),#889);
#891=IFCPROPERTYSINGLEVALUE('Engine',$,IFCLABEL('Bonsai.DumbLayer2'),$);
#1204=IFCRELCONNECTSPATHELEMENTS('210JsvO_j3_gfeNPKChunz',$,$,$,$,#867,#772,(),(),.ATPATH.,.ATEND.);
#1223=IFCCARTESIANPOINTLIST2D(((0.,0.),(0.,0.10000000000000001),(2.2900001663755836,0.10000000000000001),(2.2900001469048652,0.)));
#1224=IFCINDEXEDPOLYCURVE(#1223,(IFCLINEINDEX((1,2,3,4,1))),$);
#1225=IFCARBITRARYCLOSEDPROFILEDEF(.AREA.,$,#1224);
#1226=IFCCARTESIANPOINT((0.,0.,0.));
#1227=IFCDIRECTION((0.,0.,1.));
#1228=IFCDIRECTION((1.,0.,0.));
#1229=IFCAXIS2PLACEMENT3D(#1226,#1227,#1228);
#1230=IFCDIRECTION((0.,0.,1.));
#1231=IFCEXTRUDEDAREASOLID(#1225,#1229,#1230,3.);
#1232=IFCSHAPEREPRESENTATION(#11,'Body','SweptSolid',(#1231));
#1233=IFCCARTESIANPOINTLIST2D(((0.,0.),(2.3900001469048671,0.)));
#1234=IFCINDEXEDPOLYCURVE(#1233,$,$);
#1235=IFCSHAPEREPRESENTATION(#23,'Axis','Curve2D',(#1234));
#1241=IFCRELCONNECTSPATHELEMENTS('0Yt2tRrkn51AEssv_HcdYu',$,$,$,$,#842,#192,(),(),.ATPATH.,.ATSTART.);
#1255=IFCCARTESIANPOINT((0.76754629630658411,5.039931297275043,0.));
#1256=IFCDIRECTION((0.,0.,1.));
#1257=IFCDIRECTION((1.9470718370939353E-07,-0.99999999999998113,0.));
#1258=IFCAXIS2PLACEMENT3D(#1255,#1256,#1257);
#1259=IFCLOCALPLACEMENT(#79,#1258);
#1260=IFCCARTESIANPOINTLIST2D(((0.,0.),(-0.10000004649123767,0.10000000000000001),(3.4500000168072829,0.10000000000000001),(3.5500000632985205,0.)));
#1261=IFCINDEXEDPOLYCURVE(#1260,(IFCLINEINDEX((1,2,3,4,1))),$);
#1262=IFCARBITRARYCLOSEDPROFILEDEF(.AREA.,$,#1261);
#1263=IFCCARTESIANPOINT((0.,0.,0.));
#1264=IFCDIRECTION((0.,0.,1.));
#1265=IFCDIRECTION((1.,0.,0.));
#1266=IFCAXIS2PLACEMENT3D(#1263,#1264,#1265);
#1267=IFCDIRECTION((0.,0.,1.));
#1268=IFCEXTRUDEDAREASOLID(#1262,#1266,#1267,3.);
#1269=IFCSHAPEREPRESENTATION(#11,'Body','SweptSolid',(#1268));
#1270=IFCCARTESIANPOINTLIST2D(((0.,0.),(3.5500000632985205,0.)));
#1271=IFCINDEXEDPOLYCURVE(#1270,$,$);
#1272=IFCSHAPEREPRESENTATION(#23,'Axis','Curve2D',(#1271));
#1273=IFCRELCONNECTSPATHELEMENTS('3_0e$5iB92a9MsiVEHWTGX',$,$,$,$,#842,#867,(),(),.ATSTART.,.ATEND.);
#1274=IFCCARTESIANPOINTLIST2D(((0.10000000000001708,0.),(0.10000005841217219,0.10000000000000001),(1.5790402042590859,0.10000000000000001),(1.4790401458469136,0.)));
#1275=IFCINDEXEDPOLYCURVE(#1274,(IFCLINEINDEX((1,2,3,4,1))),$);
#1276=IFCARBITRARYCLOSEDPROFILEDEF(.AREA.,$,#1275);
#1277=IFCCARTESIANPOINT((0.,0.,0.));
#1278=IFCDIRECTION((0.,0.,1.));
#1279=IFCDIRECTION((1.,0.,0.));
#1280=IFCAXIS2PLACEMENT3D(#1277,#1278,#1279);
#1281=IFCDIRECTION((0.,0.,1.));
#1282=IFCEXTRUDEDAREASOLID(#1276,#1280,#1281,3.);
#1283=IFCSHAPEREPRESENTATION(#11,'Body','SweptSolid',(#1282));
#1284=IFCCARTESIANPOINTLIST2D(((0.,0.),(1.4790401458469136,0.)));
#1285=IFCINDEXEDPOLYCURVE(#1284,$,$);
#1286=IFCSHAPEREPRESENTATION(#23,'Axis','Curve2D',(#1285));
#1287=IFCCARTESIANPOINTLIST2D(((0.,0.),(-0.10000005841217217,0.10000000000000001),(1.944673510324326,0.10000000000000001),(1.9446735297950444,0.)));
#1288=IFCINDEXEDPOLYCURVE(#1287,(IFCLINEINDEX((1,2,3,4,1))),$);
#1289=IFCARBITRARYCLOSEDPROFILEDEF(.AREA.,$,#1288);
#1290=IFCCARTESIANPOINT((0.,0.,0.));
#1291=IFCDIRECTION((0.,0.,1.));
#1292=IFCDIRECTION((1.,0.,0.));
#1293=IFCAXIS2PLACEMENT3D(#1290,#1291,#1292);
#1294=IFCDIRECTION((0.,0.,1.));
#1295=IFCEXTRUDEDAREASOLID(#1289,#1293,#1294,3.);
#1296=IFCSHAPEREPRESENTATION(#11,'Body','SweptSolid',(#1295));
#1297=IFCCARTESIANPOINTLIST2D(((0.,0.),(1.9446735297950444,0.)));
#1298=IFCINDEXEDPOLYCURVE(#1297,$,$);
#1299=IFCSHAPEREPRESENTATION(#23,'Axis','Curve2D',(#1298));
#1300=IFCCARTESIANPOINT((0.76754658428632538,3.5608911514281569,0.));
#1301=IFCDIRECTION((0.,0.,1.));
#1302=IFCDIRECTION((-0.99999999999992428,3.8941436741876494E-07,0.));
#1303=IFCAXIS2PLACEMENT3D(#1300,#1301,#1302);
#1304=IFCLOCALPLACEMENT(#79,#1303);
#1305=IFCSLABTYPE('1Kg6qxBoL8zhGc6xZQs1bc',$,'SLAB',$,$,(#1309),$,$,$,.FLOOR.);
#1306=IFCMATERIALLAYERSET((#1308),$,$);
#1307=IFCRELASSOCIATESMATERIAL('0eQ6Rj0afBMf5y9_NeAPy2',$,$,$,(#1305),#1306);
#1308=IFCMATERIALLAYER(#84,0.10000000000000001,$,$,$,$,$);
#1309=IFCPROPERTYSET('0O6R3_3VXFO8NaHQ4HPfoX',$,'EPset_Parametric',$,(#1310));
#1310=IFCPROPERTYSINGLEVALUE('LayerSetDirection',$,IFCLABEL('AXIS3'),$);
#1311=IFCSLAB('3_zPVReebDr8Mrgbv98Ktt',$,'Slab',$,$,#1319,#1326,$,$);
#1312=IFCRELDEFINESBYTYPE('1wDSubztrFzPg0K5w3gQUI',$,$,$,(#1311,#4376,#8995,#9846,#9874),#1305);
#1313=IFCMATERIALLAYERSETUSAGE(#1306,.AXIS3.,.POSITIVE.,-0.10000000149011612,$);
#1314=IFCRELASSOCIATESMATERIAL('0Wzv_A_21AhwQEvTyI_SGD',$,$,$,(#1311),#1313);
#1315=IFCCARTESIANPOINT((4.2174787521362305,6.5099315643310547,0.));
#1316=IFCDIRECTION((0.,0.,1.));
#1317=IFCDIRECTION((1.,0.,0.));
#1318=IFCAXIS2PLACEMENT3D(#1315,#1316,#1317);
#1319=IFCLOCALPLACEMENT(#79,#1318);
#1320=IFCCARTESIANPOINTLIST2D(((0.,0.),(-3.4500024318695068,-4.76837158203125E-07),(-3.4500021934509277,-1.4700002670288086),(-7.000002384185791,-1.469998836517334),(-7.0000014305114746,-6.6099996566772461),(-4.0000019073486328,-6.6099996566772461),(-3.9900016784667969,-9.1099996566772461),(-1.9073486328125E-06,-9.1099996566772461),(0.,0.)));
#1321=IFCINDEXEDPOLYCURVE(#1320,$,$);
#1322=IFCDIRECTION((0.,0.,1.));
#1323=IFCARBITRARYCLOSEDPROFILEDEF(.AREA.,$,#1321);
#1324=IFCEXTRUDEDAREASOLID(#1323,#1333,#1322,0.10000000000000001);
#1325=IFCSHAPEREPRESENTATION(#11,'Body','SweptSolid',(#1324));
#1326=IFCPRODUCTDEFINITIONSHAPE($,$,(#1325));
#1327=IFCPROPERTYSET('08cezxafLAc8Qgl_fVzz_B',$,'EPset_Parametric',$,(#1329));
#1328=IFCRELDEFINESBYPROPERTIES('2EVDEv$KTC7g3Y_sMFb2f5',$,$,$,(#1311),#1327);
#1329=IFCPROPERTYSINGLEVALUE('Engine',$,IFCLABEL('Bonsai.DumbLayer3'),$);
#1330=IFCCARTESIANPOINT((-0.,-0.,-0.10000000149011612));
#1331=IFCDIRECTION((0.,0.,1.));
#1332=IFCDIRECTION((1.,0.,0.));
#1333=IFCAXIS2PLACEMENT3D(#1330,#1331,#1332);
#1334=IFCDOORTYPE('13$jL0u0D2fe$amQFd6HLo',$,'MAIN-GF',$,$,(#1335),(#1344,#1422,#1441),$,$,.DOOR.,.SINGLE_SWING_LEFT.,$,$);
#1335=IFCPROPERTYSET('1v7Tw9KrH2j9UA3uCHwzfQ',$,'BBIM_Door',$,(#1336));
#1336=IFCPROPERTYSINGLEVALUE('Data',$,IFCTEXT('{"door_type": "SINGLE_SWING_LEFT", "overall_height": 2.0, "overall_width": 0.8999999761581421, "lining_properties": {"lining_depth": 0.05000000074505806, "lining_thickness": 0.05000000074505806, "lining_offset": 0.0, "lining_to_panel_offset_x": 0.02500000037252903, "lining_to_panel_offset_y": 0.02500000037252903, "transom_thickness": 0.0, "casing_thickness": 0.07500000298023224, "casing_depth": 0.004999999888241291, "threshold_thickness": 0.02500000037252903, "threshold_depth": 0.10000000149011612, "threshold_offset": 0.0}, "panel_properties": {"panel_depth": 0.03500000014901161, "panel_width_ratio": 1.0}}'),$);
#1340=IFCCARTESIANPOINT((0.,0.,0.));
#1341=IFCDIRECTION((1.,0.,0.));
#1342=IFCDIRECTION((0.,0.,1.));
#1343=IFCAXIS2PLACEMENT3D(#1340,#1342,#1341);
#1344=IFCREPRESENTATIONMAP(#1343,#1524);
#1418=IFCCARTESIANPOINT((0.,0.,0.));
#1419=IFCDIRECTION((1.,0.,0.));
#1420=IFCDIRECTION((0.,0.,1.));
#1421=IFCAXIS2PLACEMENT3D(#1418,#1420,#1419);
#1422=IFCREPRESENTATIONMAP(#1421,#1597);
#1437=IFCCARTESIANPOINT((0.,0.,0.));
#1438=IFCDIRECTION((1.,0.,0.));
#1439=IFCDIRECTION((0.,0.,1.));
#1440=IFCAXIS2PLACEMENT3D(#1437,#1439,#1438);
#1441=IFCREPRESENTATIONMAP(#1440,#1615);
#1442=IFCDOOR('3WmSvUvRbFyxfCNUps$FwF',$,'Door',$,$,#1640,#1451,$,2.,0.89999997615814209,$,.SINGLE_SWING_LEFT.,$);
#1443=IFCRELDEFINESBYTYPE('28QnCqi5T4ovxWZxn7Xh2R',$,$,$,(#1442),#1334);
#1444=IFCCARTESIANPOINT((0.,0.,0.));
#1445=IFCDIRECTION((1.,0.,0.));
#1446=IFCDIRECTION((0.,1.,0.));
#1447=IFCDIRECTION((0.,0.,1.));
#1448=IFCCARTESIANTRANSFORMATIONOPERATOR3D(#1445,#1446,#1444,1.,#1447);
#1449=IFCMAPPEDITEM(#1344,#1448);
#1450=IFCSHAPEREPRESENTATION(#18,'Profile','MappedRepresentation',(#1449));
#1451=IFCPRODUCTDEFINITIONSHAPE($,$,(#1450,#1458,#1465));
#1452=IFCCARTESIANPOINT((0.,0.,0.));
#1453=IFCDIRECTION((1.,0.,0.));
#1454=IFCDIRECTION((0.,1.,0.));
#1455=IFCDIRECTION((0.,0.,1.));
#1456=IFCCARTESIANTRANSFORMATIONOPERATOR3D(#1453,#1454,#1452,1.,#1455);
#1457=IFCMAPPEDITEM(#1422,#1456);
#1458=IFCSHAPEREPRESENTATION(#11,'Body','MappedRepresentation',(#1457));
#1459=IFCCARTESIANPOINT((0.,0.,0.));
#1460=IFCDIRECTION((1.,0.,0.));
#1461=IFCDIRECTION((0.,1.,0.));
#1462=IFCDIRECTION((0.,0.,1.));
#1463=IFCCARTESIANTRANSFORMATIONOPERATOR3D(#1460,#1461,#1459,1.,#1462);
#1464=IFCMAPPEDITEM(#1441,#1463);
#1465=IFCSHAPEREPRESENTATION(#24,'Body','MappedRepresentation',(#1464));
#1466=IFCOPENINGELEMENT('3c_eqZWn54sv83LuBBFbEA',$,'Opening',$,$,#1635,#1494,$,.OPENING.);
#1482=IFCCARTESIANPOINT((0.,0.,0.));
#1483=IFCDIRECTION((1.,0.,0.));
#1484=IFCDIRECTION((0.,0.,1.));
#1485=IFCAXIS2PLACEMENT3D(#1482,#1484,#1483);
#1486=IFCREPRESENTATIONMAP(#1485,#1625);
#1487=IFCCARTESIANPOINT((0.,0.,0.));
#1488=IFCDIRECTION((1.,0.,0.));
#1489=IFCDIRECTION((0.,1.,0.));
#1490=IFCDIRECTION((0.,0.,1.));
#1491=IFCCARTESIANTRANSFORMATIONOPERATOR3D(#1488,#1489,#1487,1.,#1490);
#1492=IFCMAPPEDITEM(#1486,#1491);
#1493=IFCSHAPEREPRESENTATION(#11,'Body','MappedRepresentation',(#1492));
#1494=IFCPRODUCTDEFINITIONSHAPE($,$,(#1493));
#1495=IFCRELVOIDSELEMENT('0zVqlaS_j4ggh8YkOwLyFa',$,$,$,#90,#1466);
#1501=IFCRELFILLSELEMENT('1npsjCTlTA$eeeg3Vd5Qa$',$,$,$,#1466,#1442);
#1522=IFCCARTESIANPOINTLIST3D(((0.,0.,0.),(0.89999997615814209,0.,0.),(0.89999997615814209,0.,2.),(0.,0.,2.)));
#1523=IFCINDEXEDPOLYCURVE(#1522,(IFCLINEINDEX((1,2,3,4,1))),$);
#1524=IFCSHAPEREPRESENTATION(#18,'Profile','Curve3D',(#1523));
#1525=IFCCARTESIANPOINTLIST2D(((0.,0.),(0.,2.),(0.89999997615814209,2.),(0.89999997615814209,0.),(0.87499997578561306,0.),(0.87499997578561306,1.974999999627471),(0.02500000037252903,1.974999999627471),(0.02500000037252903,0.)));
#1526=IFCINDEXEDPOLYCURVE(#1525,(IFCLINEINDEX((1,2,3,4,5,6,7,8,1))),$);
#1527=IFCARBITRARYCLOSEDPROFILEDEF(.AREA.,$,#1526);
#1528=IFCCARTESIANPOINT((0.,0.02500000037252903,0.));
#1529=IFCDIRECTION((0.,-1.,0.));
#1530=IFCDIRECTION((1.,0.,0.));
#1531=IFCAXIS2PLACEMENT3D(#1528,#1529,#1530);
#1532=IFCDIRECTION((0.,0.,-1.));
#1533=IFCEXTRUDEDAREASOLID(#1527,#1531,#1532,0.02500000037252903);
#1534=IFCCARTESIANPOINTLIST2D(((0.,0.),(0.,2.),(0.89999997615814209,2.),(0.89999997615814209,0.),(0.84999997541308403,0.),(0.84999997541308403,1.9499999992549419),(0.05000000074505806,1.9499999992549419),(0.05000000074505806,0.)));
#1535=IFCINDEXEDPOLYCURVE(#1534,(IFCLINEINDEX((1,2,3,4,5,6,7,8,1))),$);
#1536=IFCARBITRARYCLOSEDPROFILEDEF(.AREA.,$,#1535);
#1537=IFCCARTESIANPOINT((0.,0.,0.));
#1538=IFCDIRECTION((0.,-1.,0.));
#1539=IFCDIRECTION((1.,0.,0.));
#1540=IFCAXIS2PLACEMENT3D(#1537,#1538,#1539);
#1541=IFCDIRECTION((0.,0.,-1.));
#1542=IFCEXTRUDEDAREASOLID(#1536,#1540,#1541,0.02500000037252903);
#1543=IFCCARTESIANPOINTLIST2D(((0.,0.),(0.79999997466802597,0.),(0.79999997466802597,0.10000000149011612),(0.,0.10000000149011612)));
#1544=IFCINDEXEDPOLYCURVE(#1543,(IFCLINEINDEX((1,2,3,4,1))),$);
#1545=IFCARBITRARYCLOSEDPROFILEDEF(.AREA.,$,#1544);
#1546=IFCCARTESIANPOINT((0.05000000074505806,0.,0.));
#1547=IFCDIRECTION((0.,0.,1.));
#1548=IFCDIRECTION((1.,0.,0.));
#1549=IFCAXIS2PLACEMENT3D(#1546,#1547,#1548);
#1550=IFCDIRECTION((0.,0.,1.));
#1551=IFCEXTRUDEDAREASOLID(#1545,#1549,#1550,0.02500000037252903);
#1552=IFCCARTESIANPOINTLIST2D(((0.,0.),(0.,2.0250000022351742),(0.94999998062849045,2.0250000022351742),(0.94999998062849045,0.),(0.87499997764825821,0.),(0.87499997764825821,1.9499999992549419),(0.075000002980232239,1.9499999992549419),(0.075000002980232239,0.)));
#1553=IFCINDEXEDPOLYCURVE(#1552,(IFCLINEINDEX((1,2,3,4,5,6,7,8,1))),$);
#1554=IFCARBITRARYCLOSEDPROFILEDEF(.AREA.,$,#1553);
#1555=IFCCARTESIANPOINT((-0.025000002235174179,-0.004999999888241291,0.));
#1556=IFCDIRECTION((0.,-1.,0.));
#1557=IFCDIRECTION((1.,0.,0.));
#1558=IFCAXIS2PLACEMENT3D(#1555,#1556,#1557);
#1559=IFCDIRECTION((0.,0.,-1.));
#1560=IFCEXTRUDEDAREASOLID(#1554,#1558,#1559,0.004999999888241291);
#1561=IFCCARTESIANPOINTLIST2D(((0.,0.),(0.,2.0250000022351742),(0.94999998062849045,2.0250000022351742),(0.94999998062849045,0.),(0.89999997802078724,0.),(0.89999997802078724,1.974999999627471),(0.050000002607703209,1.974999999627471),(0.050000002607703209,0.)));
#1562=IFCINDEXEDPOLYCURVE(#1561,(IFCLINEINDEX((1,2,3,4,5,6,7,8,1))),$);
#1563=IFCARBITRARYCLOSEDPROFILEDEF(.AREA.,$,#1562);
#1564=IFCCARTESIANPOINT((-0.025000002235174179,0.05000000074505806,0.));
#1565=IFCDIRECTION((0.,-1.,0.));
#1566=IFCDIRECTION((1.,0.,0.));
#1567=IFCAXIS2PLACEMENT3D(#1564,#1565,#1566);
#1568=IFCDIRECTION((0.,0.,-1.));
#1569=IFCEXTRUDEDAREASOLID(#1563,#1567,#1568,0.004999999888241291);
#1570=IFCCARTESIANPOINTLIST2D(((0.,0.),(0.84999997541308403,0.),(0.84999997541308403,0.035000000149011612),(0.,0.035000000149011612)));
#1571=IFCINDEXEDPOLYCURVE(#1570,(IFCLINEINDEX((1,2,3,4,1))),$);
#1572=IFCARBITRARYCLOSEDPROFILEDEF(.AREA.,$,#1571);
#1573=IFCCARTESIANPOINT((0.02500000037252903,0.02500000037252903,0.02500000037252903));
#1574=IFCDIRECTION((0.,0.,1.));
#1575=IFCDIRECTION((1.,0.,0.));
#1576=IFCAXIS2PLACEMENT3D(#1573,#1574,#1575);
#1577=IFCDIRECTION((0.,0.,1.));
#1578=IFCEXTRUDEDAREASOLID(#1572,#1576,#1577,1.9499999992549419);
#1579=IFCCARTESIANPOINTLIST2D(((0.,0.),(0.,-0.040000000000000001),(-0.11999999999999988,-0.040000000000000001),(-0.11999999999999988,-0.02),(-0.020000000000000018,-0.02),(-0.020000000000000018,0.)));
#1580=IFCINDEXEDPOLYCURVE(#1579,(IFCLINEINDEX((1,2,3,4,5,6,1))),$);
#1581=IFCARBITRARYCLOSEDPROFILEDEF(.AREA.,$,#1580);
#1582=IFCCARTESIANPOINT((0.82499997578561302,0.02500000037252903,1.015000000372529));
#1583=IFCDIRECTION((0.,0.,1.));
#1584=IFCDIRECTION((1.,0.,0.));
#1585=IFCAXIS2PLACEMENT3D(#1582,#1583,#1584);
#1586=IFCDIRECTION((0.,0.,1.));
#1587=IFCEXTRUDEDAREASOLID(#1581,#1585,#1586,0.02);
#1588=IFCEXTRUDEDAREASOLID(#1589,#1592,#1596,0.02);
#1589=IFCARBITRARYCLOSEDPROFILEDEF(.AREA.,$,#1590);
#1590=IFCINDEXEDPOLYCURVE(#1591,(IFCLINEINDEX((1,2,3,4,5,6,1))),$);
#1591=IFCCARTESIANPOINTLIST2D(((0.,0.),(0.,0.040000000000000008),(-0.11999999999999988,0.040000000000000008),(-0.11999999999999988,0.020000000000000004),(-0.020000000000000018,0.020000000000000004),(-0.020000000000000018,0.)));
#1592=IFCAXIS2PLACEMENT3D(#1593,#1594,#1595);
#1593=IFCCARTESIANPOINT((0.82499997578561302,0.060000000521540642,1.015000000372529));
#1594=IFCDIRECTION((0.,0.,1.));
#1595=IFCDIRECTION((1.,0.,0.));
#1596=IFCDIRECTION((0.,0.,1.));
#1597=IFCSHAPEREPRESENTATION(#11,'Body','SweptSolid',(#1533,#1542,#1578,#1587,#1588,#1551,#1560,#1569));
#1598=IFCSHAPEREPRESENTATION(#11,'Body','SweptSolid',(#1533,#1542,#1551,#1560,#1569));
#1599=IFCSHAPEASPECT((#1598),'Lining',$,.T.,#1451);
#1600=IFCSHAPEREPRESENTATION(#11,'Body','SweptSolid',(#1578,#1587,#1588));
#1601=IFCSHAPEASPECT((#1600),'Framing',$,.T.,#1451);
#1602=IFCCARTESIANPOINTLIST2D(((0.,0.),(0.,0.05000000074505806),(0.02500000037252903,0.05000000074505806),(0.02500000037252903,0.02500000037252903),(0.05000000074505806,0.02500000037252903),(0.05000000074505806,0.)));
#1603=IFCINDEXEDPOLYCURVE(#1602,(IFCLINEINDEX((1,2,3,4,5,6,1))),$);
#1604=IFCINDEXEDPOLYCURVE(#1605,(IFCLINEINDEX((1,2,3,4,5,6,1))),$);
#1605=IFCCARTESIANPOINTLIST2D(((0.89999997615814209,0.),(0.89999997615814209,0.05000000074505806),(0.87499997578561306,0.05000000074505806),(0.87499997578561306,0.02500000037252903),(0.84999997541308403,0.02500000037252903),(0.84999997541308403,0.)));
#1606=IFCDIRECTION((1.,0.));
#1607=IFCCARTESIANPOINT((0.060000000521540642,0.05000000074505806));
#1608=IFCAXIS2PLACEMENT2D(#1607,#1606);
#1609=IFCELLIPSE(#1608,0.81499997526407242,0.84999997541308403);
#1610=IFCCARTESIANPOINT((0.87499997578561306,0.05000000074505806));
#1611=IFCCARTESIANPOINT((0.060000000521540642,0.89999997615814209));
#1612=IFCTRIMMEDCURVE(#1609,(#1610),(#1611),.T.,.CARTESIAN.);
#1613=IFCCARTESIANPOINTLIST2D(((0.02500000037252903,0.05000000074505806),(0.060000000521540642,0.05000000074505806),(0.060000000521540642,0.89999997615814209),(0.02500000037252903,0.89999997615814209)));
#1614=IFCINDEXEDPOLYCURVE(#1613,(IFCLINEINDEX((1,2,3,4,1))),$);
#1615=IFCSHAPEREPRESENTATION(#24,'Body','Curve2D',(#1603,#1604,#1612,#1614));
#1616=IFCCARTESIANPOINTLIST2D(((0.,0.),(0.89999997615814209,0.),(0.89999997615814209,2.),(0.,2.)));
#1617=IFCINDEXEDPOLYCURVE(#1616,(IFCLINEINDEX((1,2,3,4,1))),$);
#1618=IFCARBITRARYCLOSEDPROFILEDEF(.AREA.,$,#1617);
#1619=IFCCARTESIANPOINT((0.,-0.60000002384185791,0.));
#1620=IFCDIRECTION((0.,-1.,0.));
#1621=IFCDIRECTION((1.,0.,0.));
#1622=IFCAXIS2PLACEMENT3D(#1619,#1620,#1621);
#1623=IFCDIRECTION((0.,0.,-1.));
#1624=IFCEXTRUDEDAREASOLID(#1618,#1622,#1623,1.2);
#1625=IFCSHAPEREPRESENTATION(#11,'Body','SweptSolid',(#1624));
#1631=IFCCARTESIANPOINT((0.41519122899659444,4.76837158203125E-07,0.));
#1632=IFCDIRECTION((0.,0.,1.));
#1633=IFCDIRECTION((0.99999999999997158,-2.3841857910155572E-07,0.));
#1634=IFCAXIS2PLACEMENT3D(#1631,#1632,#1633);
#1635=IFCLOCALPLACEMENT(#628,#1634);
#1636=IFCCARTESIANPOINT((-2.2204460492503131E-16,0.,0.));
#1637=IFCDIRECTION((0.,0.,1.));
#1638=IFCDIRECTION((1.,0.,0.));
#1639=IFCAXIS2PLACEMENT3D(#1636,#1637,#1638);
#1640=IFCLOCALPLACEMENT(#1635,#1639);
#1641=IFCDOORTYPE('0BDCXtFZbC_hEMKNoRYshG',$,'GUEST-GF',$,$,(#1642),(#1644,#1652,#1730),$,$,.DOOR.,.SINGLE_SWING_LEFT.,$,$);
#1642=IFCPROPERTYSET('3NL0KiDez8GBBQxH_iExqP',$,'BBIM_Door',$,(#1643));
#1643=IFCPROPERTYSINGLEVALUE('Data',$,IFCTEXT('{"door_type": "SINGLE_SWING_RIGHT", "overall_height": 2.0, "overall_width": 0.8999999761581421, "lining_properties": {"lining_depth": 0.05000000074505806, "lining_thickness": 0.05000000074505806, "lining_offset": 0.0, "lining_to_panel_offset_x": 0.02500000037252903, "lining_to_panel_offset_y": 0.02500000037252903, "transom_thickness": 0.0, "casing_thickness": 0.07500000298023224, "casing_depth": 0.004999999888241291, "threshold_thickness": 0.02500000037252903, "threshold_depth": 0.10000000149011612, "threshold_offset": 0.0}, "panel_properties": {"panel_depth": 0.03500000014901161, "panel_width_ratio": 1.0}}'),$);
#1644=IFCREPRESENTATIONMAP(#1645,#1831);
#1645=IFCAXIS2PLACEMENT3D(#1646,#1647,#1648);
#1646=IFCCARTESIANPOINT((0.,0.,0.));
#1647=IFCDIRECTION((0.,0.,1.));
#1648=IFCDIRECTION((1.,0.,0.));
#1652=IFCREPRESENTATIONMAP(#1653,#1904);
#1653=IFCAXIS2PLACEMENT3D(#1654,#1655,#1656);
#1654=IFCCARTESIANPOINT((0.,0.,0.));
#1655=IFCDIRECTION((0.,0.,1.));
#1656=IFCDIRECTION((1.,0.,0.));
#1730=IFCREPRESENTATIONMAP(#1731,#1922);
#1731=IFCAXIS2PLACEMENT3D(#1732,#1733,#1734);
#1732=IFCCARTESIANPOINT((0.,0.,0.));
#1733=IFCDIRECTION((0.,0.,1.));
#1734=IFCDIRECTION((1.,0.,0.));
#1749=IFCDOOR('0AbDvzci1DhAWmRzgbFdob',$,'Door',$,$,#1947,#1758,$,2.,0.89999997615814209,$,.SINGLE_SWING_RIGHT.,$);
#1750=IFCRELDEFINESBYTYPE('0ARFh3Xp1CCe51wvPEdbcv',$,$,$,(#1749),#1641);
#1751=IFCCARTESIANPOINT((0.,0.,0.));
#1752=IFCDIRECTION((1.,0.,0.));
#1753=IFCDIRECTION((0.,1.,0.));
#1754=IFCDIRECTION((0.,0.,1.));
#1755=IFCCARTESIANTRANSFORMATIONOPERATOR3D(#1752,#1753,#1751,1.,#1754);
#1756=IFCMAPPEDITEM(#1644,#1755);
#1757=IFCSHAPEREPRESENTATION(#18,'Profile','MappedRepresentation',(#1756));
#1758=IFCPRODUCTDEFINITIONSHAPE($,$,(#1757,#1765,#1772));
#1759=IFCCARTESIANPOINT((0.,0.,0.));
#1760=IFCDIRECTION((1.,0.,0.));
#1761=IFCDIRECTION((0.,1.,0.));
#1762=IFCDIRECTION((0.,0.,1.));
#1763=IFCCARTESIANTRANSFORMATIONOPERATOR3D(#1760,#1761,#1759,1.,#1762);
#1764=IFCMAPPEDITEM(#1652,#1763);
#1765=IFCSHAPEREPRESENTATION(#11,'Body','MappedRepresentation',(#1764));
#1766=IFCCARTESIANPOINT((0.,0.,0.));
#1767=IFCDIRECTION((1.,0.,0.));
#1768=IFCDIRECTION((0.,1.,0.));
#1769=IFCDIRECTION((0.,0.,1.));
#1770=IFCCARTESIANTRANSFORMATIONOPERATOR3D(#1767,#1768,#1766,1.,#1769);
#1771=IFCMAPPEDITEM(#1730,#1770);
#1772=IFCSHAPEREPRESENTATION(#24,'Body','MappedRepresentation',(#1771));
#1773=IFCOPENINGELEMENT('3ap8Neyp96XhXr912VtXgJ',$,'Opening',$,$,#1942,#1801,$,.OPENING.);
#1789=IFCCARTESIANPOINT((0.,0.,0.));
#1790=IFCDIRECTION((1.,0.,0.));
#1791=IFCDIRECTION((0.,0.,1.));
#1792=IFCAXIS2PLACEMENT3D(#1789,#1791,#1790);
#1793=IFCREPRESENTATIONMAP(#1792,#1932);
#1794=IFCCARTESIANPOINT((0.,0.,0.));
#1795=IFCDIRECTION((1.,0.,0.));
#1796=IFCDIRECTION((0.,1.,0.));
#1797=IFCDIRECTION((0.,0.,1.));
#1798=IFCCARTESIANTRANSFORMATIONOPERATOR3D(#1795,#1796,#1794,1.,#1797);
#1799=IFCMAPPEDITEM(#1793,#1798);
#1800=IFCSHAPEREPRESENTATION(#11,'Body','MappedRepresentation',(#1799));
#1801=IFCPRODUCTDEFINITIONSHAPE($,$,(#1800));
#1802=IFCRELVOIDSELEMENT('3_coWA_sPD$gL89GVivtzK',$,$,$,#642,#1773);
#1808=IFCRELFILLSELEMENT('2wUooEsLn5yeMJ9jGCQ9vr',$,$,$,#1773,#1749);
#1829=IFCCARTESIANPOINTLIST3D(((0.,0.,0.),(0.89999997615814209,0.,0.),(0.89999997615814209,0.,2.),(0.,0.,2.)));
#1830=IFCINDEXEDPOLYCURVE(#1829,(IFCLINEINDEX((1,2,3,4,1))),$);
#1831=IFCSHAPEREPRESENTATION(#18,'Profile','Curve3D',(#1830));
#1832=IFCCARTESIANPOINTLIST2D(((0.,0.),(0.,2.),(0.89999997615814209,2.),(0.89999997615814209,0.),(0.87499997578561306,0.),(0.87499997578561306,1.974999999627471),(0.02500000037252903,1.974999999627471),(0.02500000037252903,0.)));
#1833=IFCINDEXEDPOLYCURVE(#1832,(IFCLINEINDEX((1,2,3,4,5,6,7,8,1))),$);
#1834=IFCARBITRARYCLOSEDPROFILEDEF(.AREA.,$,#1833);
#1835=IFCCARTESIANPOINT((0.,0.02500000037252903,0.));
#1836=IFCDIRECTION((0.,-1.,0.));
#1837=IFCDIRECTION((1.,0.,0.));
#1838=IFCAXIS2PLACEMENT3D(#1835,#1836,#1837);
#1839=IFCDIRECTION((0.,0.,-1.));
#1840=IFCEXTRUDEDAREASOLID(#1834,#1838,#1839,0.02500000037252903);
#1841=IFCCARTESIANPOINTLIST2D(((0.,0.),(0.,2.),(0.89999997615814209,2.),(0.89999997615814209,0.),(0.84999997541308403,0.),(0.84999997541308403,1.9499999992549419),(0.05000000074505806,1.9499999992549419),(0.05000000074505806,0.)));
#1842=IFCINDEXEDPOLYCURVE(#1841,(IFCLINEINDEX((1,2,3,4,5,6,7,8,1))),$);
#1843=IFCARBITRARYCLOSEDPROFILEDEF(.AREA.,$,#1842);
#1844=IFCCARTESIANPOINT((0.,0.,0.));
#1845=IFCDIRECTION((0.,-1.,0.));
#1846=IFCDIRECTION((1.,0.,0.));
#1847=IFCAXIS2PLACEMENT3D(#1844,#1845,#1846);
#1848=IFCDIRECTION((0.,0.,-1.));
#1849=IFCEXTRUDEDAREASOLID(#1843,#1847,#1848,0.02500000037252903);
#1850=IFCCARTESIANPOINTLIST2D(((0.,0.),(0.79999997466802597,0.),(0.79999997466802597,0.10000000149011612),(0.,0.10000000149011612)));
#1851=IFCINDEXEDPOLYCURVE(#1850,(IFCLINEINDEX((1,2,3,4,1))),$);
#1852=IFCARBITRARYCLOSEDPROFILEDEF(.AREA.,$,#1851);
#1853=IFCCARTESIANPOINT((0.05000000074505806,0.,0.));
#1854=IFCDIRECTION((0.,0.,1.));
#1855=IFCDIRECTION((1.,0.,0.));
#1856=IFCAXIS2PLACEMENT3D(#1853,#1854,#1855);
#1857=IFCDIRECTION((0.,0.,1.));
#1858=IFCEXTRUDEDAREASOLID(#1852,#1856,#1857,0.02500000037252903);
#1859=IFCCARTESIANPOINTLIST2D(((0.,0.),(0.,2.0250000022351742),(0.94999998062849045,2.0250000022351742),(0.94999998062849045,0.),(0.87499997764825821,0.),(0.87499997764825821,1.9499999992549419),(0.075000002980232239,1.9499999992549419),(0.075000002980232239,0.)));
#1860=IFCINDEXEDPOLYCURVE(#1859,(IFCLINEINDEX((1,2,3,4,5,6,7,8,1))),$);
#1861=IFCARBITRARYCLOSEDPROFILEDEF(.AREA.,$,#1860);
#1862=IFCCARTESIANPOINT((-0.025000002235174179,-0.004999999888241291,0.));
#1863=IFCDIRECTION((0.,-1.,0.));
#1864=IFCDIRECTION((1.,0.,0.));
#1865=IFCAXIS2PLACEMENT3D(#1862,#1863,#1864);
#1866=IFCDIRECTION((0.,0.,-1.));
#1867=IFCEXTRUDEDAREASOLID(#1861,#1865,#1866,0.004999999888241291);
#1868=IFCCARTESIANPOINTLIST2D(((0.,0.),(0.,2.0250000022351742),(0.94999998062849045,2.0250000022351742),(0.94999998062849045,0.),(0.89999997802078724,0.),(0.89999997802078724,1.974999999627471),(0.050000002607703209,1.974999999627471),(0.050000002607703209,0.)));
#1869=IFCINDEXEDPOLYCURVE(#1868,(IFCLINEINDEX((1,2,3,4,5,6,7,8,1))),$);
#1870=IFCARBITRARYCLOSEDPROFILEDEF(.AREA.,$,#1869);
#1871=IFCCARTESIANPOINT((-0.025000002235174179,0.05000000074505806,0.));
#1872=IFCDIRECTION((0.,-1.,0.));
#1873=IFCDIRECTION((1.,0.,0.));
#1874=IFCAXIS2PLACEMENT3D(#1871,#1872,#1873);
#1875=IFCDIRECTION((0.,0.,-1.));
#1876=IFCEXTRUDEDAREASOLID(#1870,#1874,#1875,0.004999999888241291);
#1877=IFCCARTESIANPOINTLIST2D(((0.,0.),(0.84999997541308403,0.),(0.84999997541308403,0.035000000149011612),(0.,0.035000000149011612)));
#1878=IFCINDEXEDPOLYCURVE(#1877,(IFCLINEINDEX((1,2,3,4,1))),$);
#1879=IFCARBITRARYCLOSEDPROFILEDEF(.AREA.,$,#1878);
#1880=IFCCARTESIANPOINT((0.02500000037252903,0.02500000037252903,0.02500000037252903));
#1881=IFCDIRECTION((0.,0.,1.));
#1882=IFCDIRECTION((1.,0.,0.));
#1883=IFCAXIS2PLACEMENT3D(#1880,#1881,#1882);
#1884=IFCDIRECTION((0.,0.,1.));
#1885=IFCEXTRUDEDAREASOLID(#1879,#1883,#1884,1.9499999992549419);
#1886=IFCCARTESIANPOINTLIST2D(((0.,0.),(0.,-0.040000000000000001),(0.12,-0.040000000000000001),(0.12,-0.02),(0.02,-0.02),(0.02,0.)));
#1887=IFCINDEXEDPOLYCURVE(#1886,(IFCLINEINDEX((1,2,3,4,5,6,1))),$);
#1888=IFCARBITRARYCLOSEDPROFILEDEF(.AREA.,$,#1887);
#1889=IFCCARTESIANPOINT((0.075000000372529033,0.02500000037252903,1.015000000372529));
#1890=IFCDIRECTION((0.,0.,1.));
#1891=IFCDIRECTION((1.,0.,0.));
#1892=IFCAXIS2PLACEMENT3D(#1889,#1890,#1891);
#1893=IFCDIRECTION((0.,0.,1.));
#1894=IFCEXTRUDEDAREASOLID(#1888,#1892,#1893,0.02);
#1895=IFCEXTRUDEDAREASOLID(#1896,#1899,#1903,0.02);
#1896=IFCARBITRARYCLOSEDPROFILEDEF(.AREA.,$,#1897);
#1897=IFCINDEXEDPOLYCURVE(#1898,(IFCLINEINDEX((1,2,3,4,5,6,1))),$);
#1898=IFCCARTESIANPOINTLIST2D(((0.,0.),(0.,0.040000000000000008),(0.11999999999999998,0.040000000000000008),(0.11999999999999998,0.020000000000000004),(0.020000000000000004,0.020000000000000004),(0.020000000000000004,0.)));
#1899=IFCAXIS2PLACEMENT3D(#1900,#1901,#1902);
#1900=IFCCARTESIANPOINT((0.075000000372529033,0.060000000521540642,1.015000000372529));
#1901=IFCDIRECTION((0.,0.,1.));
#1902=IFCDIRECTION((1.,0.,0.));
#1903=IFCDIRECTION((0.,0.,1.));
#1904=IFCSHAPEREPRESENTATION(#11,'Body','SweptSolid',(#1840,#1849,#1885,#1894,#1895,#1858,#1867,#1876));
#1905=IFCSHAPEREPRESENTATION(#11,'Body','SweptSolid',(#1840,#1849,#1858,#1867,#1876));
#1906=IFCSHAPEASPECT((#1905),'Lining',$,.T.,#1758);
#1907=IFCSHAPEREPRESENTATION(#11,'Body','SweptSolid',(#1885,#1894,#1895));
#1908=IFCSHAPEASPECT((#1907),'Framing',$,.T.,#1758);
#1909=IFCCARTESIANPOINTLIST2D(((0.,0.),(0.,0.05000000074505806),(0.02500000037252903,0.05000000074505806),(0.02500000037252903,0.02500000037252903),(0.05000000074505806,0.02500000037252903),(0.05000000074505806,0.)));
#1910=IFCINDEXEDPOLYCURVE(#1909,(IFCLINEINDEX((1,2,3,4,5,6,1))),$);
#1911=IFCINDEXEDPOLYCURVE(#1912,(IFCLINEINDEX((1,2,3,4,5,6,1))),$);
#1912=IFCCARTESIANPOINTLIST2D(((0.89999997615814209,0.),(0.89999997615814209,0.05000000074505806),(0.87499997578561306,0.05000000074505806),(0.87499997578561306,0.02500000037252903),(0.84999997541308403,0.02500000037252903),(0.84999997541308403,0.)));
#1913=IFCDIRECTION((1.,0.));
#1914=IFCCARTESIANPOINT((0.83999997563660145,0.05000000074505806));
#1915=IFCAXIS2PLACEMENT2D(#1914,#1913);
#1916=IFCELLIPSE(#1915,0.81499997526407242,0.84999997541308403);
#1917=IFCCARTESIANPOINT((0.83999997563660145,0.89999997615814209));
#1918=IFCCARTESIANPOINT((0.02500000037252903,0.05000000074505806));
#1919=IFCTRIMMEDCURVE(#1916,(#1917),(#1918),.T.,.CARTESIAN.);
#1920=IFCCARTESIANPOINTLIST2D(((0.87499997578561306,0.05000000074505806),(0.83999997563660145,0.05000000074505806),(0.83999997563660145,0.89999997615814209),(0.87499997578561306,0.89999997615814209)));
#1921=IFCINDEXEDPOLYCURVE(#1920,(IFCLINEINDEX((1,2,3,4,1))),$);
#1922=IFCSHAPEREPRESENTATION(#24,'Body','Curve2D',(#1910,#1911,#1919,#1921));
#1923=IFCCARTESIANPOINTLIST2D(((0.,0.),(0.89999997615814209,0.),(0.89999997615814209,2.),(0.,2.)));
#1924=IFCINDEXEDPOLYCURVE(#1923,(IFCLINEINDEX((1,2,3,4,1))),$);
#1925=IFCARBITRARYCLOSEDPROFILEDEF(.AREA.,$,#1924);
#1926=IFCCARTESIANPOINT((0.,-0.60000002384185791,0.));
#1927=IFCDIRECTION((0.,-1.,0.));
#1928=IFCDIRECTION((1.,0.,0.));
#1929=IFCAXIS2PLACEMENT3D(#1926,#1927,#1928);
#1930=IFCDIRECTION((0.,0.,-1.));
#1931=IFCEXTRUDEDAREASOLID(#1925,#1929,#1930,1.2);
#1932=IFCSHAPEREPRESENTATION(#11,'Body','SweptSolid',(#1931));
#1938=IFCCARTESIANPOINT((1.5547567734902394,-1.210377057470069E-07,0.));
#1939=IFCDIRECTION((0.,0.,1.));
#1940=IFCDIRECTION((0.99999999999997147,-2.384185719961227E-07,0.));
#1941=IFCAXIS2PLACEMENT3D(#1938,#1939,#1940);
#1942=IFCLOCALPLACEMENT(#653,#1941);
#1943=IFCCARTESIANPOINT((-2.2204460492503131E-16,0.,0.));
#1944=IFCDIRECTION((0.,0.,1.));
#1945=IFCDIRECTION((1.,5.2939559203393771E-23,0.));
#1946=IFCAXIS2PLACEMENT3D(#1943,#1944,#1945);
#1947=IFCLOCALPLACEMENT(#1942,#1946);
#1948=IFCDOORTYPE('2XSNwOlZL45uHr1gAaP6Em',$,'BATHROOM-GF',$,$,(#1949),(#1951,#1959,#2037),$,$,.DOOR.,.SINGLE_SWING_LEFT.,$,$);
#1949=IFCPROPERTYSET('3$o_Q$RHT7lvuPMjAlsYhj',$,'BBIM_Door',$,(#1950));
#1950=IFCPROPERTYSINGLEVALUE('Data',$,IFCTEXT('{"door_type": "SINGLE_SWING_LEFT", "overall_height": 2.0, "overall_width": 0.7434490919113159, "lining_properties": {"lining_depth": 0.05000000074505806, "lining_thickness": 0.05000000074505806, "lining_offset": 0.0, "lining_to_panel_offset_x": 0.02500000037252903, "lining_to_panel_offset_y": 0.02500000037252903, "transom_thickness": 0.0, "casing_thickness": 0.07500000298023224, "casing_depth": 0.004999999888241291, "threshold_thickness": 0.02500000037252903, "threshold_depth": 0.10000000149011612, "threshold_offset": 0.0}, "panel_properties": {"panel_depth": 0.03500000014901161, "panel_width_ratio": 1.0}}'),$);
#1951=IFCREPRESENTATIONMAP(#1952,#2242);
#1952=IFCAXIS2PLACEMENT3D(#1953,#1954,#1955);
#1953=IFCCARTESIANPOINT((0.,0.,0.));
#1954=IFCDIRECTION((0.,0.,1.));
#1955=IFCDIRECTION((1.,0.,0.));
#1959=IFCREPRESENTATIONMAP(#1960,#2315);
#1960=IFCAXIS2PLACEMENT3D(#1961,#1962,#1963);
#1961=IFCCARTESIANPOINT((0.,0.,0.));
#1962=IFCDIRECTION((0.,0.,1.));
#1963=IFCDIRECTION((1.,0.,0.));
#2037=IFCREPRESENTATIONMAP(#2038,#2329);
#2038=IFCAXIS2PLACEMENT3D(#2039,#2040,#2041);
#2039=IFCCARTESIANPOINT((0.,0.,0.));
#2040=IFCDIRECTION((0.,0.,1.));
#2041=IFCDIRECTION((1.,0.,0.));
#2056=IFCDOOR('3E0WDhoMfEcvodr1tcRmEp',$,'Door',$,$,#2354,#2065,$,2.,0.74344909191131592,$,.SINGLE_SWING_LEFT.,$);
#2057=IFCRELDEFINESBYTYPE('30iZJ6UxzE_PpxJsu7hmN$',$,$,$,(#2056),#1948);
#2058=IFCCARTESIANPOINT((0.,0.,0.));
#2059=IFCDIRECTION((1.,0.,0.));
#2060=IFCDIRECTION((0.,1.,0.));
#2061=IFCDIRECTION((0.,0.,1.));
#2062=IFCCARTESIANTRANSFORMATIONOPERATOR3D(#2059,#2060,#2058,1.,#2061);
#2063=IFCMAPPEDITEM(#1951,#2062);
#2064=IFCSHAPEREPRESENTATION(#18,'Profile','MappedRepresentation',(#2063));
#2065=IFCPRODUCTDEFINITIONSHAPE($,$,(#2064,#2072,#2079));
#2066=IFCCARTESIANPOINT((0.,0.,0.));
#2067=IFCDIRECTION((1.,0.,0.));
#2068=IFCDIRECTION((0.,1.,0.));
#2069=IFCDIRECTION((0.,0.,1.));
#2070=IFCCARTESIANTRANSFORMATIONOPERATOR3D(#2067,#2068,#2066,1.,#2069);
#2071=IFCMAPPEDITEM(#1959,#2070);
#2072=IFCSHAPEREPRESENTATION(#11,'Body','MappedRepresentation',(#2071));
#2073=IFCCARTESIANPOINT((0.,0.,0.));
#2074=IFCDIRECTION((1.,0.,0.));
#2075=IFCDIRECTION((0.,1.,0.));
#2076=IFCDIRECTION((0.,0.,1.));
#2077=IFCCARTESIANTRANSFORMATIONOPERATOR3D(#2074,#2075,#2073,1.,#2076);
#2078=IFCMAPPEDITEM(#2037,#2077);
#2079=IFCSHAPEREPRESENTATION(#24,'Body','MappedRepresentation',(#2078));
#2080=IFCOPENINGELEMENT('2IlQs7GI16MeTJTRrRNhE3',$,'Opening',$,$,#2349,#2108,$,.OPENING.);
#2096=IFCCARTESIANPOINT((0.,0.,0.));
#2097=IFCDIRECTION((1.,0.,0.));
#2098=IFCDIRECTION((0.,0.,1.));
#2099=IFCAXIS2PLACEMENT3D(#2096,#2098,#2097);
#2100=IFCREPRESENTATIONMAP(#2099,#2339);
#2101=IFCCARTESIANPOINT((0.,0.,0.));
#2102=IFCDIRECTION((1.,0.,0.));
#2103=IFCDIRECTION((0.,1.,0.));
#2104=IFCDIRECTION((0.,0.,1.));
#2105=IFCCARTESIANTRANSFORMATIONOPERATOR3D(#2102,#2103,#2101,1.,#2104);
#2106=IFCMAPPEDITEM(#2100,#2105);
#2107=IFCSHAPEREPRESENTATION(#11,'Body','MappedRepresentation',(#2106));
#2108=IFCPRODUCTDEFINITIONSHAPE($,$,(#2107));
#2109=IFCRELVOIDSELEMENT('3pdsPzH7nAox5zZHE9kWif',$,$,$,#772,#2080);
#2115=IFCRELFILLSELEMENT('2kq8FdmWv0s9N6zA$_J6z4',$,$,$,#2080,#2056);
#2124=IFCCARTESIANPOINTLIST2D(((0.,0.),(0.,2.),(0.74344909191131592,2.),(0.74344909191131592,0.),(0.71844909153878689,0.),(0.71844909153878689,1.974999999627471),(0.02500000037252903,1.974999999627471),(0.02500000037252903,0.)));
#2125=IFCINDEXEDPOLYCURVE(#2124,(IFCLINEINDEX((1,2,3,4,5,6,7,8,1))),$);
#2126=IFCARBITRARYCLOSEDPROFILEDEF(.AREA.,$,#2125);
#2127=IFCCARTESIANPOINT((0.,0.02500000037252903,0.));
#2128=IFCDIRECTION((0.,-1.,0.));
#2129=IFCDIRECTION((1.,0.,0.));
#2130=IFCAXIS2PLACEMENT3D(#2127,#2128,#2129);
#2131=IFCDIRECTION((0.,0.,-1.));
#2132=IFCEXTRUDEDAREASOLID(#2126,#2130,#2131,0.02500000037252903);
#2133=IFCCARTESIANPOINTLIST2D(((0.,0.),(0.,2.),(0.74344909191131592,2.),(0.74344909191131592,0.),(0.69344909116625786,0.),(0.69344909116625786,1.9499999992549419),(0.05000000074505806,1.9499999992549419),(0.05000000074505806,0.)));
#2134=IFCINDEXEDPOLYCURVE(#2133,(IFCLINEINDEX((1,2,3,4,5,6,7,8,1))),$);
#2135=IFCARBITRARYCLOSEDPROFILEDEF(.AREA.,$,#2134);
#2136=IFCCARTESIANPOINT((0.,0.,0.));
#2137=IFCDIRECTION((0.,-1.,0.));
#2138=IFCDIRECTION((1.,0.,0.));
#2139=IFCAXIS2PLACEMENT3D(#2136,#2137,#2138);
#2140=IFCDIRECTION((0.,0.,-1.));
#2141=IFCEXTRUDEDAREASOLID(#2135,#2139,#2140,0.02500000037252903);
#2142=IFCCARTESIANPOINTLIST2D(((0.,0.),(0.6434490904211998,0.),(0.6434490904211998,0.10000000149011612),(0.,0.10000000149011612)));
#2143=IFCINDEXEDPOLYCURVE(#2142,(IFCLINEINDEX((1,2,3,4,1))),$);
#2144=IFCARBITRARYCLOSEDPROFILEDEF(.AREA.,$,#2143);
#2145=IFCCARTESIANPOINT((0.05000000074505806,0.,0.));
#2146=IFCDIRECTION((0.,0.,1.));
#2147=IFCDIRECTION((1.,0.,0.));
#2148=IFCAXIS2PLACEMENT3D(#2145,#2146,#2147);
#2149=IFCDIRECTION((0.,0.,1.));
#2150=IFCEXTRUDEDAREASOLID(#2144,#2148,#2149,0.02500000037252903);
#2151=IFCCARTESIANPOINTLIST2D(((0.,0.),(0.,2.0250000022351742),(0.79344909638166428,2.0250000022351742),(0.79344909638166428,0.),(0.71844909340143204,0.),(0.71844909340143204,1.9499999992549419),(0.075000002980232239,1.9499999992549419),(0.075000002980232239,0.)));
#2152=IFCINDEXEDPOLYCURVE(#2151,(IFCLINEINDEX((1,2,3,4,5,6,7,8,1))),$);
#2153=IFCARBITRARYCLOSEDPROFILEDEF(.AREA.,$,#2152);
#2154=IFCCARTESIANPOINT((-0.025000002235174179,-0.004999999888241291,0.));
#2155=IFCDIRECTION((0.,-1.,0.));
#2156=IFCDIRECTION((1.,0.,0.));
#2157=IFCAXIS2PLACEMENT3D(#2154,#2155,#2156);
#2158=IFCDIRECTION((0.,0.,-1.));
#2159=IFCEXTRUDEDAREASOLID(#2153,#2157,#2158,0.004999999888241291);
#2160=IFCCARTESIANPOINTLIST2D(((0.,0.),(0.,2.0250000022351742),(0.79344909638166428,2.0250000022351742),(0.79344909638166428,0.),(0.74344909377396107,0.),(0.74344909377396107,1.974999999627471),(0.050000002607703209,1.974999999627471),(0.050000002607703209,0.)));
#2161=IFCINDEXEDPOLYCURVE(#2160,(IFCLINEINDEX((1,2,3,4,5,6,7,8,1))),$);
#2162=IFCARBITRARYCLOSEDPROFILEDEF(.AREA.,$,#2161);
#2163=IFCCARTESIANPOINT((-0.025000002235174179,0.05000000074505806,0.));
#2164=IFCDIRECTION((0.,-1.,0.));
#2165=IFCDIRECTION((1.,0.,0.));
#2166=IFCAXIS2PLACEMENT3D(#2163,#2164,#2165);
#2167=IFCDIRECTION((0.,0.,-1.));
#2168=IFCEXTRUDEDAREASOLID(#2162,#2166,#2167,0.004999999888241291);
#2169=IFCCARTESIANPOINTLIST2D(((0.,0.),(0.69344909116625786,0.),(0.69344909116625786,0.035000000149011612),(0.,0.035000000149011612)));
#2170=IFCINDEXEDPOLYCURVE(#2169,(IFCLINEINDEX((1,2,3,4,1))),$);
#2171=IFCARBITRARYCLOSEDPROFILEDEF(.AREA.,$,#2170);
#2172=IFCCARTESIANPOINT((0.02500000037252903,0.02500000037252903,0.02500000037252903));
#2173=IFCDIRECTION((0.,0.,1.));
#2174=IFCDIRECTION((1.,0.,0.));
#2175=IFCAXIS2PLACEMENT3D(#2172,#2173,#2174);
#2176=IFCDIRECTION((0.,0.,1.));
#2177=IFCEXTRUDEDAREASOLID(#2171,#2175,#2176,1.9499999992549419);
#2178=IFCCARTESIANPOINTLIST2D(((0.,0.),(0.,-0.040000000000000001),(0.12,-0.040000000000000001),(0.12,-0.02),(0.02,-0.02),(0.02,0.)));
#2179=IFCINDEXEDPOLYCURVE(#2178,(IFCLINEINDEX((1,2,3,4,5,6,1))),$);
#2180=IFCARBITRARYCLOSEDPROFILEDEF(.AREA.,$,#2179);
#2181=IFCCARTESIANPOINT((0.075000000372529033,0.02500000037252903,1.015000000372529));
#2182=IFCDIRECTION((0.,0.,1.));
#2183=IFCDIRECTION((1.,0.,0.));
#2184=IFCAXIS2PLACEMENT3D(#2181,#2182,#2183);
#2185=IFCDIRECTION((0.,0.,1.));
#2186=IFCEXTRUDEDAREASOLID(#2180,#2184,#2185,0.02);
#2187=IFCEXTRUDEDAREASOLID(#2188,#2191,#2195,0.02);
#2188=IFCARBITRARYCLOSEDPROFILEDEF(.AREA.,$,#2189);
#2189=IFCINDEXEDPOLYCURVE(#2190,(IFCLINEINDEX((1,2,3,4,5,6,1))),$);
#2190=IFCCARTESIANPOINTLIST2D(((0.,0.),(0.,0.040000000000000008),(0.11999999999999998,0.040000000000000008),(0.11999999999999998,0.020000000000000004),(0.020000000000000004,0.020000000000000004),(0.020000000000000004,0.)));
#2191=IFCAXIS2PLACEMENT3D(#2192,#2193,#2194);
#2192=IFCCARTESIANPOINT((0.075000000372529033,0.060000000521540642,1.015000000372529));
#2193=IFCDIRECTION((0.,0.,1.));
#2194=IFCDIRECTION((1.,0.,0.));
#2195=IFCDIRECTION((0.,0.,1.));
#2197=IFCSHAPEREPRESENTATION(#11,'Body','SweptSolid',(#2132,#2287,#2150,#2278,#2251,#2141,#2269,#2168,#2159,#2260));
#2198=IFCSHAPEASPECT((#2197),'Lining',$,.T.,#2065);
#2199=IFCSHAPEREPRESENTATION(#11,'Body','SweptSolid',(#2187,#2177,#2305,#2306,#2296,#2186));
#2200=IFCSHAPEASPECT((#2199),'Framing',$,.T.,#2065);
#2240=IFCCARTESIANPOINTLIST3D(((0.,0.,0.),(0.74344909191131592,0.,0.),(0.74344909191131592,0.,2.),(0.,0.,2.)));
#2241=IFCINDEXEDPOLYCURVE(#2240,(IFCLINEINDEX((1,2,3,4,1))),$);
#2242=IFCSHAPEREPRESENTATION(#18,'Profile','Curve3D',(#2241));
#2243=IFCCARTESIANPOINTLIST2D(((0.,0.),(0.,2.),(0.74344909191131592,2.),(0.74344909191131592,0.),(0.71844909153878689,0.),(0.71844909153878689,1.974999999627471),(0.02500000037252903,1.974999999627471),(0.02500000037252903,0.)));
#2244=IFCINDEXEDPOLYCURVE(#2243,(IFCLINEINDEX((1,2,3,4,5,6,7,8,1))),$);
#2245=IFCARBITRARYCLOSEDPROFILEDEF(.AREA.,$,#2244);
#2246=IFCCARTESIANPOINT((0.,0.02500000037252903,0.));
#2247=IFCDIRECTION((0.,-1.,0.));
#2248=IFCDIRECTION((1.,0.,0.));
#2249=IFCAXIS2PLACEMENT3D(#2246,#2247,#2248);
#2250=IFCDIRECTION((0.,0.,-1.));
#2251=IFCEXTRUDEDAREASOLID(#2245,#2249,#2250,0.02500000037252903);
#2252=IFCCARTESIANPOINTLIST2D(((0.,0.),(0.,2.),(0.74344909191131592,2.),(0.74344909191131592,0.),(0.69344909116625786,0.),(0.69344909116625786,1.9499999992549419),(0.05000000074505806,1.9499999992549419),(0.05000000074505806,0.)));
#2253=IFCINDEXEDPOLYCURVE(#2252,(IFCLINEINDEX((1,2,3,4,5,6,7,8,1))),$);
#2254=IFCARBITRARYCLOSEDPROFILEDEF(.AREA.,$,#2253);
#2255=IFCCARTESIANPOINT((0.,0.,0.));
#2256=IFCDIRECTION((0.,-1.,0.));
#2257=IFCDIRECTION((1.,0.,0.));
#2258=IFCAXIS2PLACEMENT3D(#2255,#2256,#2257);
#2259=IFCDIRECTION((0.,0.,-1.));
#2260=IFCEXTRUDEDAREASOLID(#2254,#2258,#2259,0.02500000037252903);
#2261=IFCCARTESIANPOINTLIST2D(((0.,0.),(0.6434490904211998,0.),(0.6434490904211998,0.10000000149011612),(0.,0.10000000149011612)));
#2262=IFCINDEXEDPOLYCURVE(#2261,(IFCLINEINDEX((1,2,3,4,1))),$);
#2263=IFCARBITRARYCLOSEDPROFILEDEF(.AREA.,$,#2262);
#2264=IFCCARTESIANPOINT((0.05000000074505806,0.,0.));
#2265=IFCDIRECTION((0.,0.,1.));
#2266=IFCDIRECTION((1.,0.,0.));
#2267=IFCAXIS2PLACEMENT3D(#2264,#2265,#2266);
#2268=IFCDIRECTION((0.,0.,1.));
#2269=IFCEXTRUDEDAREASOLID(#2263,#2267,#2268,0.02500000037252903);
#2270=IFCCARTESIANPOINTLIST2D(((0.,0.),(0.,2.0250000022351742),(0.79344909638166428,2.0250000022351742),(0.79344909638166428,0.),(0.71844909340143204,0.),(0.71844909340143204,1.9499999992549419),(0.075000002980232239,1.9499999992549419),(0.075000002980232239,0.)));
#2271=IFCINDEXEDPOLYCURVE(#2270,(IFCLINEINDEX((1,2,3,4,5,6,7,8,1))),$);
#2272=IFCARBITRARYCLOSEDPROFILEDEF(.AREA.,$,#2271);
#2273=IFCCARTESIANPOINT((-0.025000002235174179,-0.004999999888241291,0.));
#2274=IFCDIRECTION((0.,-1.,0.));
#2275=IFCDIRECTION((1.,0.,0.));
#2276=IFCAXIS2PLACEMENT3D(#2273,#2274,#2275);
#2277=IFCDIRECTION((0.,0.,-1.));
#2278=IFCEXTRUDEDAREASOLID(#2272,#2276,#2277,0.004999999888241291);
#2279=IFCCARTESIANPOINTLIST2D(((0.,0.),(0.,2.0250000022351742),(0.79344909638166428,2.0250000022351742),(0.79344909638166428,0.),(0.74344909377396107,0.),(0.74344909377396107,1.974999999627471),(0.050000002607703209,1.974999999627471),(0.050000002607703209,0.)));
#2280=IFCINDEXEDPOLYCURVE(#2279,(IFCLINEINDEX((1,2,3,4,5,6,7,8,1))),$);
#2281=IFCARBITRARYCLOSEDPROFILEDEF(.AREA.,$,#2280);
#2282=IFCCARTESIANPOINT((-0.025000002235174179,0.05000000074505806,0.));
#2283=IFCDIRECTION((0.,-1.,0.));
#2284=IFCDIRECTION((1.,0.,0.));
#2285=IFCAXIS2PLACEMENT3D(#2282,#2283,#2284);
#2286=IFCDIRECTION((0.,0.,-1.));
#2287=IFCEXTRUDEDAREASOLID(#2281,#2285,#2286,0.004999999888241291);
#2288=IFCCARTESIANPOINTLIST2D(((0.,0.),(0.69344909116625786,0.),(0.69344909116625786,0.035000000149011612),(0.,0.035000000149011612)));
#2289=IFCINDEXEDPOLYCURVE(#2288,(IFCLINEINDEX((1,2,3,4,1))),$);
#2290=IFCARBITRARYCLOSEDPROFILEDEF(.AREA.,$,#2289);
#2291=IFCCARTESIANPOINT((0.02500000037252903,0.02500000037252903,0.02500000037252903));
#2292=IFCDIRECTION((0.,0.,1.));
#2293=IFCDIRECTION((1.,0.,0.));
#2294=IFCAXIS2PLACEMENT3D(#2291,#2292,#2293);
#2295=IFCDIRECTION((0.,0.,1.));
#2296=IFCEXTRUDEDAREASOLID(#2290,#2294,#2295,1.9499999992549419);
#2297=IFCCARTESIANPOINTLIST2D(((0.,0.),(0.,-0.040000000000000001),(-0.11999999999999988,-0.040000000000000001),(-0.11999999999999988,-0.02),(-0.020000000000000018,-0.02),(-0.020000000000000018,0.)));
#2298=IFCINDEXEDPOLYCURVE(#2297,(IFCLINEINDEX((1,2,3,4,5,6,1))),$);
#2299=IFCARBITRARYCLOSEDPROFILEDEF(.AREA.,$,#2298);
#2300=IFCCARTESIANPOINT((0.66844909153878684,0.02500000037252903,1.015000000372529));
#2301=IFCDIRECTION((0.,0.,1.));
#2302=IFCDIRECTION((1.,0.,0.));
#2303=IFCAXIS2PLACEMENT3D(#2300,#2301,#2302);
#2304=IFCDIRECTION((0.,0.,1.));
#2305=IFCEXTRUDEDAREASOLID(#2299,#2303,#2304,0.02);
#2306=IFCEXTRUDEDAREASOLID(#2307,#2310,#2314,0.02);
#2307=IFCARBITRARYCLOSEDPROFILEDEF(.AREA.,$,#2308);
#2308=IFCINDEXEDPOLYCURVE(#2309,(IFCLINEINDEX((1,2,3,4,5,6,1))),$);
#2309=IFCCARTESIANPOINTLIST2D(((0.,0.),(0.,0.040000000000000008),(-0.11999999999999988,0.040000000000000008),(-0.11999999999999988,0.020000000000000004),(-0.020000000000000018,0.020000000000000004),(-0.020000000000000018,0.)));
#2310=IFCAXIS2PLACEMENT3D(#2311,#2312,#2313);
#2311=IFCCARTESIANPOINT((0.66844909153878684,0.060000000521540642,1.015000000372529));
#2312=IFCDIRECTION((0.,0.,1.));
#2313=IFCDIRECTION((1.,0.,0.));
#2314=IFCDIRECTION((0.,0.,1.));
#2315=IFCSHAPEREPRESENTATION(#11,'Body','SweptSolid',(#2251,#2260,#2296,#2305,#2306,#2269,#2278,#2287));
#2316=IFCCARTESIANPOINTLIST2D(((0.,0.),(0.,0.05000000074505806),(0.02500000037252903,0.05000000074505806),(0.02500000037252903,0.02500000037252903),(0.05000000074505806,0.02500000037252903),(0.05000000074505806,0.)));
#2317=IFCINDEXEDPOLYCURVE(#2316,(IFCLINEINDEX((1,2,3,4,5,6,1))),$);
#2318=IFCINDEXEDPOLYCURVE(#2319,(IFCLINEINDEX((1,2,3,4,5,6,1))),$);
#2319=IFCCARTESIANPOINTLIST2D(((0.74344909191131592,0.),(0.74344909191131592,0.05000000074505806),(0.71844909153878689,0.05000000074505806),(0.71844909153878689,0.02500000037252903),(0.69344909116625786,0.02500000037252903),(0.69344909116625786,0.)));
#2320=IFCDIRECTION((1.,0.));
#2321=IFCCARTESIANPOINT((0.060000000521540642,0.05000000074505806));
#2322=IFCAXIS2PLACEMENT2D(#2321,#2320);
#2323=IFCELLIPSE(#2322,0.65844909101724625,0.69344909116625786);
#2324=IFCCARTESIANPOINT((0.71844909153878689,0.05000000074505806));
#2325=IFCCARTESIANPOINT((0.060000000521540642,0.74344909191131592));
#2326=IFCTRIMMEDCURVE(#2323,(#2324),(#2325),.T.,.CARTESIAN.);
#2327=IFCCARTESIANPOINTLIST2D(((0.02500000037252903,0.05000000074505806),(0.060000000521540642,0.05000000074505806),(0.060000000521540642,0.74344909191131592),(0.02500000037252903,0.74344909191131592)));
#2328=IFCINDEXEDPOLYCURVE(#2327,(IFCLINEINDEX((1,2,3,4,1))),$);
#2329=IFCSHAPEREPRESENTATION(#24,'Body','Curve2D',(#2317,#2318,#2326,#2328));
#2330=IFCCARTESIANPOINTLIST2D(((0.,0.),(0.74344909191131592,0.),(0.74344909191131592,2.),(0.,2.)));
#2331=IFCINDEXEDPOLYCURVE(#2330,(IFCLINEINDEX((1,2,3,4,1))),$);
#2332=IFCARBITRARYCLOSEDPROFILEDEF(.AREA.,$,#2331);
#2333=IFCCARTESIANPOINT((0.,-0.60000002384185791,0.));
#2334=IFCDIRECTION((0.,-1.,0.));
#2335=IFCDIRECTION((1.,0.,0.));
#2336=IFCAXIS2PLACEMENT3D(#2333,#2334,#2335);
#2337=IFCDIRECTION((0.,0.,-1.));
#2338=IFCEXTRUDEDAREASOLID(#2332,#2336,#2337,1.2);
#2339=IFCSHAPEREPRESENTATION(#11,'Body','SweptSolid',(#2338));
#2345=IFCCARTESIANPOINT((0.047099587380930785,0.014999875656223738,0.));
#2346=IFCDIRECTION((0.,0.,1.));
#2347=IFCDIRECTION((0.99999999999999289,-1.1920928955077312E-07,0.));
#2348=IFCAXIS2PLACEMENT3D(#2345,#2346,#2347);
#2349=IFCLOCALPLACEMENT(#814,#2348);
#2350=IFCCARTESIANPOINT((-4.4408920985006262E-16,2.2204460492503131E-16,0.));
#2351=IFCDIRECTION((0.,0.,1.));
#2352=IFCDIRECTION((1.,0.,0.));
#2353=IFCAXIS2PLACEMENT3D(#2350,#2351,#2352);
#2354=IFCLOCALPLACEMENT(#2349,#2353);
#2355=IFCDOORTYPE('2cgNDQHtnBHRhcPpL1K1E$',$,'MAIDS-GF',$,$,(#2356),(#2358,#2366,#2444,#2646),$,$,.DOOR.,.SINGLE_SWING_LEFT.,$,$);
#2356=IFCPROPERTYSET('2BP04_7a9B8QeAcPPXXEbk',$,'BBIM_Door',$,(#2357));
#2357=IFCPROPERTYSINGLEVALUE('Data',$,IFCTEXT('{"door_type": "SLIDING_TO_RIGHT", "overall_height": 2.0, "overall_width": 1.3631963729858398, "lining_properties": {"lining_depth": 0.05000000074505806, "lining_thickness": 0.05000000074505806, "lining_offset": 0.0, "transom_thickness": 0.0, "casing_thickness": 0.07500000298023224, "casing_depth": 0.004999999888241291, "threshold_thickness": 0.02500000037252903, "threshold_depth": 0.10000000149011612, "threshold_offset": 0.0}, "panel_properties": {"panel_depth": 0.03500000014901161, "panel_width_ratio": 1.0}}'),$);
#2358=IFCREPRESENTATIONMAP(#2359,#2815);
#2359=IFCAXIS2PLACEMENT3D(#2360,#2361,#2362);
#2360=IFCCARTESIANPOINT((0.,0.,0.));
#2361=IFCDIRECTION((0.,0.,1.));
#2362=IFCDIRECTION((1.,0.,0.));
#2366=IFCREPRESENTATIONMAP(#2367,#2879);
#2367=IFCAXIS2PLACEMENT3D(#2368,#2369,#2370);
#2368=IFCCARTESIANPOINT((0.,0.,0.));
#2369=IFCDIRECTION((0.,0.,1.));
#2370=IFCDIRECTION((1.,0.,0.));
#2444=IFCREPRESENTATIONMAP(#2445,#2886);
#2445=IFCAXIS2PLACEMENT3D(#2446,#2447,#2448);
#2446=IFCCARTESIANPOINT((0.,0.,0.));
#2447=IFCDIRECTION((0.,0.,1.));
#2448=IFCDIRECTION((1.,0.,0.));
#2463=IFCDOOR('2lDEDswUT8ihDsi9LxC$fA',$,'Door',$,$,#2916,#2473,$,2.,1.3631963729858398,$,.SLIDING_TO_RIGHT.,$);
#2465=IFCRELDEFINESBYTYPE('1GbP4es9z8IgpgMvmADb3n',$,$,$,(#2463),#2355);
#2466=IFCCARTESIANPOINT((0.,0.,0.));
#2467=IFCDIRECTION((1.,0.,0.));
#2468=IFCDIRECTION((0.,1.,0.));
#2469=IFCDIRECTION((0.,0.,1.));
#2470=IFCCARTESIANTRANSFORMATIONOPERATOR3D(#2467,#2468,#2466,1.,#2469);
#2471=IFCMAPPEDITEM(#2358,#2470);
#2472=IFCSHAPEREPRESENTATION(#18,'Profile','MappedRepresentation',(#2471));
#2473=IFCPRODUCTDEFINITIONSHAPE($,$,(#2472,#2480,#2487,#2653));
#2474=IFCCARTESIANPOINT((0.,0.,0.));
#2475=IFCDIRECTION((1.,0.,0.));
#2476=IFCDIRECTION((0.,1.,0.));
#2477=IFCDIRECTION((0.,0.,1.));
#2478=IFCCARTESIANTRANSFORMATIONOPERATOR3D(#2475,#2476,#2474,1.,#2477);
#2479=IFCMAPPEDITEM(#2366,#2478);
#2480=IFCSHAPEREPRESENTATION(#11,'Body','MappedRepresentation',(#2479));
#2481=IFCCARTESIANPOINT((0.,0.,0.));
#2482=IFCDIRECTION((1.,0.,0.));
#2483=IFCDIRECTION((0.,1.,0.));
#2484=IFCDIRECTION((0.,0.,1.));
#2485=IFCCARTESIANTRANSFORMATIONOPERATOR3D(#2482,#2483,#2481,1.,#2484);
#2486=IFCMAPPEDITEM(#2444,#2485);
#2487=IFCSHAPEREPRESENTATION(#24,'Body','MappedRepresentation',(#2486));
#2488=IFCOPENINGELEMENT('0MIs3BwFbBgOrTr7aAtqaC',$,'Opening',$,$,#2911,#2516,$,.OPENING.);
#2504=IFCCARTESIANPOINT((0.,0.,0.));
#2505=IFCDIRECTION((1.,0.,0.));
#2506=IFCDIRECTION((0.,0.,1.));
#2507=IFCAXIS2PLACEMENT3D(#2504,#2506,#2505);
#2508=IFCREPRESENTATIONMAP(#2507,#2901);
#2509=IFCCARTESIANPOINT((0.,0.,0.));
#2510=IFCDIRECTION((1.,0.,0.));
#2511=IFCDIRECTION((0.,1.,0.));
#2512=IFCDIRECTION((0.,0.,1.));
#2513=IFCCARTESIANTRANSFORMATIONOPERATOR3D(#2510,#2511,#2509,1.,#2512);
#2514=IFCMAPPEDITEM(#2508,#2513);
#2515=IFCSHAPEREPRESENTATION(#11,'Body','MappedRepresentation',(#2514));
#2516=IFCPRODUCTDEFINITIONSHAPE($,$,(#2515));
#2517=IFCRELVOIDSELEMENT('3vwZybl9D8svjWLREN9B7c',$,$,$,#867,#2488);
#2523=IFCRELFILLSELEMENT('366q12ST92RuLZYVSygqvo',$,$,$,#2488,#2463);
#2562=IFCCARTESIANPOINTLIST2D(((0.,0.),(0.,2.),(1.3631963729858398,2.),(1.3631963729858398,0.),(1.3131963722407818,0.),(1.3131963722407818,1.9499999992549419),(0.05000000074505806,1.9499999992549419),(0.05000000074505806,0.)));
#2563=IFCINDEXEDPOLYCURVE(#2562,(IFCLINEINDEX((1,2,3,4,5,6,7,8,1))),$);
#2564=IFCARBITRARYCLOSEDPROFILEDEF(.AREA.,$,#2563);
#2565=IFCCARTESIANPOINT((0.,0.,0.));
#2566=IFCDIRECTION((0.,-1.,0.));
#2567=IFCDIRECTION((1.,0.,0.));
#2568=IFCAXIS2PLACEMENT3D(#2565,#2566,#2567);
#2569=IFCDIRECTION((0.,0.,-1.));
#2570=IFCEXTRUDEDAREASOLID(#2564,#2568,#2569,0.05000000074505806);
#2571=IFCCARTESIANPOINTLIST2D(((0.,0.),(1.2631963714957237,0.),(1.2631963714957237,0.10000000149011612),(0.,0.10000000149011612)));
#2572=IFCINDEXEDPOLYCURVE(#2571,(IFCLINEINDEX((1,2,3,4,1))),$);
#2573=IFCARBITRARYCLOSEDPROFILEDEF(.AREA.,$,#2572);
#2574=IFCCARTESIANPOINT((0.05000000074505806,0.,0.));
#2575=IFCDIRECTION((0.,0.,1.));
#2576=IFCDIRECTION((1.,0.,0.));
#2577=IFCAXIS2PLACEMENT3D(#2574,#2575,#2576);
#2578=IFCDIRECTION((0.,0.,1.));
#2579=IFCEXTRUDEDAREASOLID(#2573,#2577,#2578,0.02500000037252903);
#2580=IFCCARTESIANPOINTLIST2D(((0.,0.),(0.,2.0250000022351742),(1.4131963774561882,2.0250000022351742),(1.4131963774561882,0.),(1.338196374475956,0.),(1.338196374475956,1.9499999992549419),(0.075000002980232239,1.9499999992549419),(0.075000002980232239,0.)));
#2581=IFCINDEXEDPOLYCURVE(#2580,(IFCLINEINDEX((1,2,3,4,5,6,7,8,1))),$);
#2582=IFCARBITRARYCLOSEDPROFILEDEF(.AREA.,$,#2581);
#2583=IFCCARTESIANPOINT((-0.025000002235174179,-0.004999999888241291,0.));
#2584=IFCDIRECTION((0.,-1.,0.));
#2585=IFCDIRECTION((1.,0.,0.));
#2586=IFCAXIS2PLACEMENT3D(#2583,#2584,#2585);
#2587=IFCDIRECTION((0.,0.,-1.));
#2588=IFCEXTRUDEDAREASOLID(#2582,#2586,#2587,0.004999999888241291);
#2589=IFCCARTESIANPOINTLIST2D(((0.,0.),(0.,2.0250000022351742),(1.4131963774561882,2.0250000022351742),(1.4131963774561882,0.),(1.338196374475956,0.),(1.338196374475956,1.9499999992549419),(0.075000002980232239,1.9499999992549419),(0.075000002980232239,0.)));
#2590=IFCINDEXEDPOLYCURVE(#2589,(IFCLINEINDEX((1,2,3,4,5,6,7,8,1))),$);
#2591=IFCARBITRARYCLOSEDPROFILEDEF(.AREA.,$,#2590);
#2592=IFCCARTESIANPOINT((-0.025000002235174179,0.05000000074505806,0.));
#2593=IFCDIRECTION((0.,-1.,0.));
#2594=IFCDIRECTION((1.,0.,0.));
#2595=IFCAXIS2PLACEMENT3D(#2592,#2593,#2594);
#2596=IFCDIRECTION((0.,0.,-1.));
#2597=IFCEXTRUDEDAREASOLID(#2591,#2595,#2596,0.004999999888241291);
#2598=IFCCARTESIANPOINTLIST2D(((0.,0.),(1.2631963714957237,0.),(1.2631963714957237,0.035000000149011612),(0.,0.035000000149011612)));
#2599=IFCINDEXEDPOLYCURVE(#2598,(IFCLINEINDEX((1,2,3,4,1))),$);
#2600=IFCARBITRARYCLOSEDPROFILEDEF(.AREA.,$,#2599);
#2601=IFCCARTESIANPOINT((0.05000000074505806,-0.035000000149011612,0.02500000037252903));
#2602=IFCDIRECTION((0.,0.,1.));
#2603=IFCDIRECTION((1.,0.,0.));
#2604=IFCAXIS2PLACEMENT3D(#2601,#2602,#2603);
#2605=IFCDIRECTION((0.,0.,1.));
#2606=IFCEXTRUDEDAREASOLID(#2600,#2604,#2605,1.9249999988824129);
#2607=IFCCARTESIANPOINTLIST2D(((0.,0.),(0.,-0.040000000000000001),(0.12,-0.040000000000000001),(0.12,-0.02),(0.02,-0.02),(0.02,0.)));
#2608=IFCINDEXEDPOLYCURVE(#2607,(IFCLINEINDEX((1,2,3,4,5,6,1))),$);
#2609=IFCARBITRARYCLOSEDPROFILEDEF(.AREA.,$,#2608);
#2610=IFCCARTESIANPOINT((0.10000000074505806,-0.035000000149011612,1.015000000372529));
#2611=IFCDIRECTION((0.,0.,1.));
#2612=IFCDIRECTION((1.,0.,0.));
#2613=IFCAXIS2PLACEMENT3D(#2610,#2611,#2612);
#2614=IFCDIRECTION((0.,0.,1.));
#2615=IFCEXTRUDEDAREASOLID(#2609,#2613,#2614,0.02);
#2616=IFCEXTRUDEDAREASOLID(#2617,#2620,#2624,0.02);
#2617=IFCARBITRARYCLOSEDPROFILEDEF(.AREA.,$,#2618);
#2618=IFCINDEXEDPOLYCURVE(#2619,(IFCLINEINDEX((1,2,3,4,5,6,1))),$);
#2619=IFCCARTESIANPOINTLIST2D(((0.,0.),(0.,0.040000000000000008),(0.11999999999999998,0.040000000000000008),(0.11999999999999998,0.020000000000000004),(0.020000000000000004,0.020000000000000004),(0.020000000000000004,0.)));
#2620=IFCAXIS2PLACEMENT3D(#2621,#2622,#2623);
#2621=IFCCARTESIANPOINT((0.10000000074505806,0.,1.015000000372529));
#2622=IFCDIRECTION((0.,0.,1.));
#2623=IFCDIRECTION((1.,0.,0.));
#2624=IFCDIRECTION((0.,0.,1.));
#2626=IFCSHAPEREPRESENTATION(#11,'Body','SweptSolid',(#2699,#2570,#2690,#2851,#2588,#2842,#2579,#2833,#2597,#2717,#2824,#2708));
#2627=IFCSHAPEASPECT((#2626),'Lining',$,.T.,#2473);
#2628=IFCSHAPEREPRESENTATION(#11,'Body','SweptSolid',(#2616,#2736,#2735,#2869,#2606,#2726,#2870,#2860,#2615));
#2629=IFCSHAPEASPECT((#2628),'Framing',$,.T.,#2473);
#2642=IFCCARTESIANPOINT((0.,0.,0.));
#2643=IFCDIRECTION((1.,0.,0.));
#2644=IFCDIRECTION((0.,0.,1.));
#2645=IFCAXIS2PLACEMENT3D(#2642,#2644,#2643);
#2646=IFCREPRESENTATIONMAP(#2645,#2891);
#2647=IFCCARTESIANPOINT((0.,0.,0.));
#2648=IFCDIRECTION((1.,0.,0.));
#2649=IFCDIRECTION((0.,1.,0.));
#2650=IFCDIRECTION((0.,0.,1.));
#2651=IFCCARTESIANTRANSFORMATIONOPERATOR3D(#2648,#2649,#2647,1.,#2650);
#2652=IFCMAPPEDITEM(#2646,#2651);
#2653=IFCSHAPEREPRESENTATION(#25,'Annotation','MappedRepresentation',(#2652));
#2682=IFCCARTESIANPOINTLIST2D(((0.,0.),(0.,2.),(1.3631963729858398,2.),(1.3631963729858398,0.),(1.3131963722407818,0.),(1.3131963722407818,1.9499999992549419),(0.05000000074505806,1.9499999992549419),(0.05000000074505806,0.)));
#2683=IFCINDEXEDPOLYCURVE(#2682,(IFCLINEINDEX((1,2,3,4,5,6,7,8,1))),$);
#2684=IFCARBITRARYCLOSEDPROFILEDEF(.AREA.,$,#2683);
#2685=IFCCARTESIANPOINT((0.,0.,0.));
#2686=IFCDIRECTION((0.,-1.,0.));
#2687=IFCDIRECTION((1.,0.,0.));
#2688=IFCAXIS2PLACEMENT3D(#2685,#2686,#2687);
#2689=IFCDIRECTION((0.,0.,-1.));
#2690=IFCEXTRUDEDAREASOLID(#2684,#2688,#2689,0.05000000074505806);
#2691=IFCCARTESIANPOINTLIST2D(((0.,0.),(1.2631963714957237,0.),(1.2631963714957237,0.10000000149011612),(0.,0.10000000149011612)));
#2692=IFCINDEXEDPOLYCURVE(#2691,(IFCLINEINDEX((1,2,3,4,1))),$);
#2693=IFCARBITRARYCLOSEDPROFILEDEF(.AREA.,$,#2692);
#2694=IFCCARTESIANPOINT((0.05000000074505806,0.,0.));
#2695=IFCDIRECTION((0.,0.,1.));
#2696=IFCDIRECTION((1.,0.,0.));
#2697=IFCAXIS2PLACEMENT3D(#2694,#2695,#2696);
#2698=IFCDIRECTION((0.,0.,1.));
#2699=IFCEXTRUDEDAREASOLID(#2693,#2697,#2698,0.02500000037252903);
#2700=IFCCARTESIANPOINTLIST2D(((0.,0.),(0.,2.0250000022351742),(1.4131963774561882,2.0250000022351742),(1.4131963774561882,0.),(1.338196374475956,0.),(1.338196374475956,1.9499999992549419),(0.075000002980232239,1.9499999992549419),(0.075000002980232239,0.)));
#2701=IFCINDEXEDPOLYCURVE(#2700,(IFCLINEINDEX((1,2,3,4,5,6,7,8,1))),$);
#2702=IFCARBITRARYCLOSEDPROFILEDEF(.AREA.,$,#2701);
#2703=IFCCARTESIANPOINT((-0.025000002235174179,-0.004999999888241291,0.));
#2704=IFCDIRECTION((0.,-1.,0.));
#2705=IFCDIRECTION((1.,0.,0.));
#2706=IFCAXIS2PLACEMENT3D(#2703,#2704,#2705);
#2707=IFCDIRECTION((0.,0.,-1.));
#2708=IFCEXTRUDEDAREASOLID(#2702,#2706,#2707,0.004999999888241291);
#2709=IFCCARTESIANPOINTLIST2D(((0.,0.),(0.,2.0250000022351742),(1.4131963774561882,2.0250000022351742),(1.4131963774561882,0.),(1.338196374475956,0.),(1.338196374475956,1.9499999992549419),(0.075000002980232239,1.9499999992549419),(0.075000002980232239,0.)));
#2710=IFCINDEXEDPOLYCURVE(#2709,(IFCLINEINDEX((1,2,3,4,5,6,7,8,1))),$);
#2711=IFCARBITRARYCLOSEDPROFILEDEF(.AREA.,$,#2710);
#2712=IFCCARTESIANPOINT((-0.025000002235174179,0.05000000074505806,0.));
#2713=IFCDIRECTION((0.,-1.,0.));
#2714=IFCDIRECTION((1.,0.,0.));
#2715=IFCAXIS2PLACEMENT3D(#2712,#2713,#2714);
#2716=IFCDIRECTION((0.,0.,-1.));
#2717=IFCEXTRUDEDAREASOLID(#2711,#2715,#2716,0.004999999888241291);
#2718=IFCCARTESIANPOINTLIST2D(((0.,0.),(1.2631963714957237,0.),(1.2631963714957237,0.035000000149011612),(0.,0.035000000149011612)));
#2719=IFCINDEXEDPOLYCURVE(#2718,(IFCLINEINDEX((1,2,3,4,1))),$);
#2720=IFCARBITRARYCLOSEDPROFILEDEF(.AREA.,$,#2719);
#2721=IFCCARTESIANPOINT((0.05000000074505806,-0.035000000149011612,0.02500000037252903));
#2722=IFCDIRECTION((0.,0.,1.));
#2723=IFCDIRECTION((1.,0.,0.));
#2724=IFCAXIS2PLACEMENT3D(#2721,#2722,#2723);
#2725=IFCDIRECTION((0.,0.,1.));
#2726=IFCEXTRUDEDAREASOLID(#2720,#2724,#2725,1.9249999988824129);
#2727=IFCCARTESIANPOINTLIST2D(((0.,0.),(0.,-0.040000000000000001),(0.12,-0.040000000000000001),(0.12,-0.02),(0.02,-0.02),(0.02,0.)));
#2728=IFCINDEXEDPOLYCURVE(#2727,(IFCLINEINDEX((1,2,3,4,5,6,1))),$);
#2729=IFCARBITRARYCLOSEDPROFILEDEF(.AREA.,$,#2728);
#2730=IFCCARTESIANPOINT((0.10000000074505806,-0.035000000149011612,1.015000000372529));
#2731=IFCDIRECTION((0.,0.,1.));
#2732=IFCDIRECTION((1.,0.,0.));
#2733=IFCAXIS2PLACEMENT3D(#2730,#2731,#2732);
#2734=IFCDIRECTION((0.,0.,1.));
#2735=IFCEXTRUDEDAREASOLID(#2729,#2733,#2734,0.02);
#2736=IFCEXTRUDEDAREASOLID(#2737,#2740,#2744,0.02);
#2737=IFCARBITRARYCLOSEDPROFILEDEF(.AREA.,$,#2738);
#2738=IFCINDEXEDPOLYCURVE(#2739,(IFCLINEINDEX((1,2,3,4,5,6,1))),$);
#2739=IFCCARTESIANPOINTLIST2D(((0.,0.),(0.,0.040000000000000008),(0.11999999999999998,0.040000000000000008),(0.11999999999999998,0.020000000000000004),(0.020000000000000004,0.020000000000000004),(0.020000000000000004,0.)));
#2740=IFCAXIS2PLACEMENT3D(#2741,#2742,#2743);
#2741=IFCCARTESIANPOINT((0.10000000074505806,0.,1.015000000372529));
#2742=IFCDIRECTION((0.,0.,1.));
#2743=IFCDIRECTION((1.,0.,0.));
#2744=IFCDIRECTION((0.,0.,1.));
#2813=IFCCARTESIANPOINTLIST3D(((0.,0.,0.),(1.3631963729858398,0.,0.),(1.3631963729858398,0.,2.),(0.,0.,2.)));
#2814=IFCINDEXEDPOLYCURVE(#2813,(IFCLINEINDEX((1,2,3,4,1))),$);
#2815=IFCSHAPEREPRESENTATION(#18,'Profile','Curve3D',(#2814));
#2816=IFCCARTESIANPOINTLIST2D(((0.,0.),(0.,2.),(1.3631963729858398,2.),(1.3631963729858398,0.),(1.3131963722407818,0.),(1.3131963722407818,1.9499999992549419),(0.05000000074505806,1.9499999992549419),(0.05000000074505806,0.)));
#2817=IFCINDEXEDPOLYCURVE(#2816,(IFCLINEINDEX((1,2,3,4,5,6,7,8,1))),$);
#2818=IFCARBITRARYCLOSEDPROFILEDEF(.AREA.,$,#2817);
#2819=IFCCARTESIANPOINT((0.,0.,0.));
#2820=IFCDIRECTION((0.,-1.,0.));
#2821=IFCDIRECTION((1.,0.,0.));
#2822=IFCAXIS2PLACEMENT3D(#2819,#2820,#2821);
#2823=IFCDIRECTION((0.,0.,-1.));
#2824=IFCEXTRUDEDAREASOLID(#2818,#2822,#2823,0.05000000074505806);
#2825=IFCCARTESIANPOINTLIST2D(((0.,0.),(1.2631963714957237,0.),(1.2631963714957237,0.10000000149011612),(0.,0.10000000149011612)));
#2826=IFCINDEXEDPOLYCURVE(#2825,(IFCLINEINDEX((1,2,3,4,1))),$);
#2827=IFCARBITRARYCLOSEDPROFILEDEF(.AREA.,$,#2826);
#2828=IFCCARTESIANPOINT((0.05000000074505806,0.,0.));
#2829=IFCDIRECTION((0.,0.,1.));
#2830=IFCDIRECTION((1.,0.,0.));
#2831=IFCAXIS2PLACEMENT3D(#2828,#2829,#2830);
#2832=IFCDIRECTION((0.,0.,1.));
#2833=IFCEXTRUDEDAREASOLID(#2827,#2831,#2832,0.02500000037252903);
#2834=IFCCARTESIANPOINTLIST2D(((0.,0.),(0.,2.0250000022351742),(1.4131963774561882,2.0250000022351742),(1.4131963774561882,0.),(1.338196374475956,0.),(1.338196374475956,1.9499999992549419),(0.075000002980232239,1.9499999992549419),(0.075000002980232239,0.)));
#2835=IFCINDEXEDPOLYCURVE(#2834,(IFCLINEINDEX((1,2,3,4,5,6,7,8,1))),$);
#2836=IFCARBITRARYCLOSEDPROFILEDEF(.AREA.,$,#2835);
#2837=IFCCARTESIANPOINT((-0.025000002235174179,-0.004999999888241291,0.));
#2838=IFCDIRECTION((0.,-1.,0.));
#2839=IFCDIRECTION((1.,0.,0.));
#2840=IFCAXIS2PLACEMENT3D(#2837,#2838,#2839);
#2841=IFCDIRECTION((0.,0.,-1.));
#2842=IFCEXTRUDEDAREASOLID(#2836,#2840,#2841,0.004999999888241291);
#2843=IFCCARTESIANPOINTLIST2D(((0.,0.),(0.,2.0250000022351742),(1.4131963774561882,2.0250000022351742),(1.4131963774561882,0.),(1.338196374475956,0.),(1.338196374475956,1.9499999992549419),(0.075000002980232239,1.9499999992549419),(0.075000002980232239,0.)));
#2844=IFCINDEXEDPOLYCURVE(#2843,(IFCLINEINDEX((1,2,3,4,5,6,7,8,1))),$);
#2845=IFCARBITRARYCLOSEDPROFILEDEF(.AREA.,$,#2844);
#2846=IFCCARTESIANPOINT((-0.025000002235174179,0.05000000074505806,0.));
#2847=IFCDIRECTION((0.,-1.,0.));
#2848=IFCDIRECTION((1.,0.,0.));
#2849=IFCAXIS2PLACEMENT3D(#2846,#2847,#2848);
#2850=IFCDIRECTION((0.,0.,-1.));
#2851=IFCEXTRUDEDAREASOLID(#2845,#2849,#2850,0.004999999888241291);
#2852=IFCCARTESIANPOINTLIST2D(((0.,0.),(1.2631963714957237,0.),(1.2631963714957237,0.035000000149011612),(0.,0.035000000149011612)));
#2853=IFCINDEXEDPOLYCURVE(#2852,(IFCLINEINDEX((1,2,3,4,1))),$);
#2854=IFCARBITRARYCLOSEDPROFILEDEF(.AREA.,$,#2853);
#2855=IFCCARTESIANPOINT((0.05000000074505806,-0.035000000149011612,0.02500000037252903));
#2856=IFCDIRECTION((0.,0.,1.));
#2857=IFCDIRECTION((1.,0.,0.));
#2858=IFCAXIS2PLACEMENT3D(#2855,#2856,#2857);
#2859=IFCDIRECTION((0.,0.,1.));
#2860=IFCEXTRUDEDAREASOLID(#2854,#2858,#2859,1.9249999988824129);
#2861=IFCCARTESIANPOINTLIST2D(((0.,0.),(0.,-0.040000000000000001),(0.12,-0.040000000000000001),(0.12,-0.02),(0.02,-0.02),(0.02,0.)));
#2862=IFCINDEXEDPOLYCURVE(#2861,(IFCLINEINDEX((1,2,3,4,5,6,1))),$);
#2863=IFCARBITRARYCLOSEDPROFILEDEF(.AREA.,$,#2862);
#2864=IFCCARTESIANPOINT((0.10000000074505806,-0.035000000149011612,1.015000000372529));
#2865=IFCDIRECTION((0.,0.,1.));
#2866=IFCDIRECTION((1.,0.,0.));
#2867=IFCAXIS2PLACEMENT3D(#2864,#2865,#2866);
#2868=IFCDIRECTION((0.,0.,1.));
#2869=IFCEXTRUDEDAREASOLID(#2863,#2867,#2868,0.02);
#2870=IFCEXTRUDEDAREASOLID(#2871,#2874,#2878,0.02);
#2871=IFCARBITRARYCLOSEDPROFILEDEF(.AREA.,$,#2872);
#2872=IFCINDEXEDPOLYCURVE(#2873,(IFCLINEINDEX((1,2,3,4,5,6,1))),$);
#2873=IFCCARTESIANPOINTLIST2D(((0.,0.),(0.,0.040000000000000008),(0.11999999999999998,0.040000000000000008),(0.11999999999999998,0.020000000000000004),(0.020000000000000004,0.020000000000000004),(0.020000000000000004,0.)));
#2874=IFCAXIS2PLACEMENT3D(#2875,#2876,#2877);
#2875=IFCCARTESIANPOINT((0.10000000074505806,0.,1.015000000372529));
#2876=IFCDIRECTION((0.,0.,1.));
#2877=IFCDIRECTION((1.,0.,0.));
#2878=IFCDIRECTION((0.,0.,1.));
#2879=IFCSHAPEREPRESENTATION(#11,'Body','SweptSolid',(#2824,#2860,#2869,#2870,#2833,#2842,#2851));
#2880=IFCCARTESIANPOINTLIST2D(((0.,0.),(0.05000000074505806,0.),(0.05000000074505806,0.05000000074505806),(0.,0.05000000074505806)));
#2881=IFCINDEXEDPOLYCURVE(#2880,(IFCLINEINDEX((1,2,3,4,1))),$);
#2882=IFCINDEXEDPOLYCURVE(#2883,(IFCLINEINDEX((1,2,3,4,1))),$);
#2883=IFCCARTESIANPOINTLIST2D(((1.3631963729858398,0.),(1.3131963722407818,0.),(1.3131963722407818,0.05000000074505806),(1.3631963729858398,0.05000000074505806)));
#2884=IFCCARTESIANPOINTLIST2D(((1.9447945579886436,-0.035000000149011612),(0.68159818649291992,-0.035000000149011612),(0.68159818649291992,0.),(1.9447945579886436,0.)));
#2885=IFCINDEXEDPOLYCURVE(#2884,(IFCLINEINDEX((1,2,3,4,1))),$);
#2886=IFCSHAPEREPRESENTATION(#24,'Body','Curve2D',(#2881,#2882,#2885));
#2887=IFCCARTESIANPOINTLIST2D(((0.49211873076856133,-0.081587428267465345),(0.87107764221727846,-0.081587428267465345)));
#2888=IFCINDEXEDPOLYCURVE(#2887,$,$);
#2889=IFCCARTESIANPOINTLIST2D(((0.5221187307685613,-0.050529142855162856),(0.49211873076856133,-0.081587428267465345),(0.5221187307685613,-0.11264571367976783)));
#2890=IFCINDEXEDPOLYCURVE(#2889,$,$);
#2891=IFCSHAPEREPRESENTATION(#25,'Annotation','Curve2D',(#2888,#2890));
#2892=IFCCARTESIANPOINTLIST2D(((0.,0.),(1.3631963729858398,0.),(1.3631963729858398,2.),(0.,2.)));
#2893=IFCINDEXEDPOLYCURVE(#2892,(IFCLINEINDEX((1,2,3,4,1))),$);
#2894=IFCARBITRARYCLOSEDPROFILEDEF(.AREA.,$,#2893);
#2895=IFCCARTESIANPOINT((0.,-0.60000002384185791,0.));
#2896=IFCDIRECTION((0.,-1.,0.));
#2897=IFCDIRECTION((1.,0.,0.));
#2898=IFCAXIS2PLACEMENT3D(#2895,#2896,#2897);
#2899=IFCDIRECTION((0.,0.,-1.));
#2900=IFCEXTRUDEDAREASOLID(#2894,#2898,#2899,1.2);
#2901=IFCSHAPEREPRESENTATION(#11,'Body','SweptSolid',(#2900));
#2907=IFCCARTESIANPOINT((0.075862328486855257,0.025002270676460547,0.));
#2908=IFCDIRECTION((0.,0.,1.));
#2909=IFCDIRECTION((0.99999999999954514,-9.5367431640531731E-07,0.));
#2910=IFCAXIS2PLACEMENT3D(#2907,#2908,#2909);
#2911=IFCLOCALPLACEMENT(#1304,#2910);
#2912=IFCCARTESIANPOINT((2.2204460492503131E-16,0.,0.));
#2913=IFCDIRECTION((0.,0.,1.));
#2914=IFCDIRECTION((1.,4.2351647362715017E-22,0.));
#2915=IFCAXIS2PLACEMENT3D(#2912,#2913,#2914);
#2916=IFCLOCALPLACEMENT(#2911,#2915);
#2917=IFCWINDOWTYPE('2Dy2RVegj4vRCm8AbDk8yg',$,'LIVING-GF',$,$,(#2918),(#2927,#2975,#2997),$,$,.WINDOW.,.SINGLE_PANEL.,$,$);
#2918=IFCPROPERTYSET('3kw2GYRejESP0Wje8DrSoi',$,'BBIM_Window',$,(#2919));
#2919=IFCPROPERTYSINGLEVALUE('Data',$,IFCTEXT('{"window_type": "SINGLE_PANEL", "overall_height": 0.8999999761581421, "overall_width": 0.8228142261505127, "lining_properties": {"lining_depth": 0.05000000074505806, "lining_thickness": 0.05000000074505806, "lining_offset": 0.05000000074505806, "lining_to_panel_offset_x": 0.02500000037252903, "lining_to_panel_offset_y": 0.02500000037252903}, "panel_properties": {"frame_depth": [0.03500000014901161, 0.03500000014901161, 0.03500000014901161], "frame_thickness": [0.03500000014901161, 0.03500000014901161, 0.03500000014901161]}}'),$);
#2923=IFCCARTESIANPOINT((0.,0.,0.));
#2924=IFCDIRECTION((1.,0.,0.));
#2925=IFCDIRECTION((0.,0.,1.));
#2926=IFCAXIS2PLACEMENT3D(#2923,#2925,#2924);
#2927=IFCREPRESENTATIONMAP(#2926,#3293);
#2971=IFCCARTESIANPOINT((0.,0.,0.));
#2972=IFCDIRECTION((1.,0.,0.));
#2973=IFCDIRECTION((0.,0.,1.));
#2974=IFCAXIS2PLACEMENT3D(#2971,#2973,#2972);
#2975=IFCREPRESENTATIONMAP(#2974,#3336);
#2993=IFCCARTESIANPOINT((0.,0.,0.));
#2994=IFCDIRECTION((1.,0.,0.));
#2995=IFCDIRECTION((0.,0.,1.));
#2996=IFCAXIS2PLACEMENT3D(#2993,#2995,#2994);
#2997=IFCREPRESENTATIONMAP(#2996,#3353);
#2998=IFCWINDOW('2MQcrrkPvFoQBf0O2A8Wk1',$,'Window',$,$,#3378,#3008,$,0.89999997615814209,0.8228142261505127,$,.SINGLE_PANEL.,$);
#3000=IFCRELDEFINESBYTYPE('1r9EoQl1vBEvwTG25Qde6l',$,$,$,(#2998),#2917);
#3001=IFCCARTESIANPOINT((0.,0.,0.));
#3002=IFCDIRECTION((1.,0.,0.));
#3003=IFCDIRECTION((0.,1.,0.));
#3004=IFCDIRECTION((0.,0.,1.));
#3005=IFCCARTESIANTRANSFORMATIONOPERATOR3D(#3002,#3003,#3001,1.,#3004);
#3006=IFCMAPPEDITEM(#2927,#3005);
#3007=IFCSHAPEREPRESENTATION(#18,'Profile','MappedRepresentation',(#3006));
#3008=IFCPRODUCTDEFINITIONSHAPE($,$,(#3007,#3015,#3022));
#3009=IFCCARTESIANPOINT((0.,0.,0.));
#3010=IFCDIRECTION((1.,0.,0.));
#3011=IFCDIRECTION((0.,1.,0.));
#3012=IFCDIRECTION((0.,0.,1.));
#3013=IFCCARTESIANTRANSFORMATIONOPERATOR3D(#3010,#3011,#3009,1.,#3012);
#3014=IFCMAPPEDITEM(#2975,#3013);
#3015=IFCSHAPEREPRESENTATION(#11,'Body','MappedRepresentation',(#3014));
#3016=IFCCARTESIANPOINT((0.,0.,0.));
#3017=IFCDIRECTION((1.,0.,0.));
#3018=IFCDIRECTION((0.,1.,0.));
#3019=IFCDIRECTION((0.,0.,1.));
#3020=IFCCARTESIANTRANSFORMATIONOPERATOR3D(#3017,#3018,#3016,1.,#3019);
#3021=IFCMAPPEDITEM(#2997,#3020);
#3022=IFCSHAPEREPRESENTATION(#24,'Body','MappedRepresentation',(#3021));
#3023=IFCOPENINGELEMENT('0XQ1UKWiT7_gCBuixMCS28',$,'Opening',$,$,#3373,#3051,$,.OPENING.);
#3039=IFCCARTESIANPOINT((0.,0.,0.));
#3040=IFCDIRECTION((1.,0.,0.));
#3041=IFCDIRECTION((0.,0.,1.));
#3042=IFCAXIS2PLACEMENT3D(#3039,#3041,#3040);
#3043=IFCREPRESENTATIONMAP(#3042,#3363);
#3044=IFCCARTESIANPOINT((0.,0.,0.));
#3045=IFCDIRECTION((1.,0.,0.));
#3046=IFCDIRECTION((0.,1.,0.));
#3047=IFCDIRECTION((0.,0.,1.));
#3048=IFCCARTESIANTRANSFORMATIONOPERATOR3D(#3045,#3046,#3044,1.,#3047);
#3049=IFCMAPPEDITEM(#3043,#3048);
#3050=IFCSHAPEREPRESENTATION(#11,'Body','MappedRepresentation',(#3049));
#3051=IFCPRODUCTDEFINITIONSHAPE($,$,(#3050));
#3052=IFCRELVOIDSELEMENT('3E41hLIrHA6xqfz6HpuDPK',$,$,$,#90,#3023);
#3058=IFCRELFILLSELEMENT('20gKCrmzvANvjJQnbO9agw',$,$,$,#3023,#2998);
#3067=IFCCARTESIANPOINTLIST2D(((0.,0.),(0.60000002384185791,0.),(0.60000002384185791,0.89999997615814209),(0.,0.89999997615814209)));
#3068=IFCINDEXEDPOLYCURVE(#3067,(IFCLINEINDEX((1,2,3,4,1))),$);
#3069=IFCCARTESIANPOINTLIST2D(((0.02500000037252903,0.02500000037252903),(0.57500002346932888,0.02500000037252903),(0.57500002346932888,0.87499997578561306),(0.02500000037252903,0.87499997578561306)));
#3070=IFCINDEXEDPOLYCURVE(#3069,(IFCLINEINDEX((1,2,3,4,1))),$);
#3071=IFCARBITRARYPROFILEDEFWITHVOIDS(.AREA.,$,#3068,(#3070));
#3072=IFCCARTESIANPOINT((0.,0.090000001713633537,0.));
#3073=IFCDIRECTION((0.,-1.,0.));
#3074=IFCDIRECTION((1.,0.,0.));
#3075=IFCAXIS2PLACEMENT3D(#3072,#3073,#3074);
#3076=IFCDIRECTION((0.,0.,-1.));
#3077=IFCEXTRUDEDAREASOLID(#3071,#3075,#3076,0.0099999997764825821);
#3078=IFCCARTESIANPOINTLIST2D(((0.,0.),(0.60000002384185791,0.),(0.60000002384185791,0.89999997615814209),(0.,0.89999997615814209)));
#3079=IFCINDEXEDPOLYCURVE(#3078,(IFCLINEINDEX((1,2,3,4,1))),$);
#3080=IFCCARTESIANPOINTLIST2D(((0.05000000074505806,0.05000000074505806),(0.55000002309679985,0.05000000074505806),(0.55000002309679985,0.84999997541308403),(0.05000000074505806,0.84999997541308403)));
#3081=IFCINDEXEDPOLYCURVE(#3080,(IFCLINEINDEX((1,2,3,4,1))),$);
#3082=IFCARBITRARYPROFILEDEFWITHVOIDS(.AREA.,$,#3079,(#3081));
#3083=IFCCARTESIANPOINT((0.,0.05000000074505806,0.));
#3084=IFCDIRECTION((0.,-1.,0.));
#3085=IFCDIRECTION((1.,0.,0.));
#3086=IFCAXIS2PLACEMENT3D(#3083,#3084,#3085);
#3087=IFCDIRECTION((0.,0.,-1.));
#3088=IFCEXTRUDEDAREASOLID(#3082,#3086,#3087,0.040000000968575478);
#3089=IFCCARTESIANPOINTLIST2D(((0.,0.),(0.55000002309679985,0.),(0.55000002309679985,0.84999997541308403),(0.,0.84999997541308403)));
#3090=IFCINDEXEDPOLYCURVE(#3089,(IFCLINEINDEX((1,2,3,4,1))),$);
#3091=IFCCARTESIANPOINTLIST2D(((0.035000000149011612,0.035000000149011612),(0.51500002294778824,0.035000000149011612),(0.51500002294778824,0.81499997526407242),(0.035000000149011612,0.81499997526407242)));
#3092=IFCINDEXEDPOLYCURVE(#3091,(IFCLINEINDEX((1,2,3,4,1))),$);
#3093=IFCARBITRARYPROFILEDEFWITHVOIDS(.AREA.,$,#3090,(#3092));
#3094=IFCCARTESIANPOINT((0.02500000037252903,0.090000001713633537,0.02500000037252903));
#3095=IFCDIRECTION((0.,-1.,0.));
#3096=IFCDIRECTION((1.,0.,0.));
#3097=IFCAXIS2PLACEMENT3D(#3094,#3095,#3096);
#3098=IFCDIRECTION((0.,0.,-1.));
#3099=IFCEXTRUDEDAREASOLID(#3093,#3097,#3098,0.035000000149011612);
#3100=IFCINDEXEDPOLYCURVE(#3101,(IFCLINEINDEX((1,2,3,4,1))),$);
#3101=IFCCARTESIANPOINTLIST2D(((0.035000000149011612,0.035000000149011612),(0.51500002294778824,0.035000000149011612),(0.51500002294778824,0.81499997526407242),(0.035000000149011612,0.81499997526407242)));
#3102=IFCARBITRARYCLOSEDPROFILEDEF(.AREA.,$,#3100);
#3103=IFCCARTESIANPOINT((0.02500000037252903,0.10250000178813934,0.02500000037252903));
#3104=IFCDIRECTION((0.,-1.,0.));
#3105=IFCDIRECTION((1.,0.,0.));
#3106=IFCAXIS2PLACEMENT3D(#3103,#3104,#3105);
#3107=IFCDIRECTION((0.,0.,-1.));
#3108=IFCEXTRUDEDAREASOLID(#3102,#3106,#3107,0.01);
#3110=IFCSHAPEREPRESENTATION(#11,'Body','SweptSolid',(#3088,#3077,#3304,#3201,#3315,#3212));
#3111=IFCSHAPEASPECT((#3110),'Lining',$,.T.,#3008);
#3112=IFCSHAPEREPRESENTATION(#11,'Body','SweptSolid',(#3099,#3326,#3223));
#3113=IFCSHAPEASPECT((#3112),'Framing',$,.T.,#3008);
#3114=IFCSHAPEREPRESENTATION(#11,'Body','SweptSolid',(#3232,#3108,#3335));
#3115=IFCSHAPEASPECT((#3114),'Glazing',$,.T.,#3008);
#3191=IFCCARTESIANPOINTLIST2D(((0.,0.),(0.8228142261505127,0.),(0.8228142261505127,0.89999997615814209),(0.,0.89999997615814209)));
#3192=IFCINDEXEDPOLYCURVE(#3191,(IFCLINEINDEX((1,2,3,4,1))),$);
#3193=IFCCARTESIANPOINTLIST2D(((0.02500000037252903,0.02500000037252903),(0.79781422577798367,0.02500000037252903),(0.79781422577798367,0.87499997578561306),(0.02500000037252903,0.87499997578561306)));
#3194=IFCINDEXEDPOLYCURVE(#3193,(IFCLINEINDEX((1,2,3,4,1))),$);
#3195=IFCARBITRARYPROFILEDEFWITHVOIDS(.AREA.,$,#3192,(#3194));
#3196=IFCCARTESIANPOINT((0.,0.090000001713633537,0.));
#3197=IFCDIRECTION((0.,-1.,0.));
#3198=IFCDIRECTION((1.,0.,0.));
#3199=IFCAXIS2PLACEMENT3D(#3196,#3197,#3198);
#3200=IFCDIRECTION((0.,0.,-1.));
#3201=IFCEXTRUDEDAREASOLID(#3195,#3199,#3200,0.0099999997764825821);
#3202=IFCCARTESIANPOINTLIST2D(((0.,0.),(0.8228142261505127,0.),(0.8228142261505127,0.89999997615814209),(0.,0.89999997615814209)));
#3203=IFCINDEXEDPOLYCURVE(#3202,(IFCLINEINDEX((1,2,3,4,1))),$);
#3204=IFCCARTESIANPOINTLIST2D(((0.05000000074505806,0.05000000074505806),(0.77281422540545464,0.05000000074505806),(0.77281422540545464,0.84999997541308403),(0.05000000074505806,0.84999997541308403)));
#3205=IFCINDEXEDPOLYCURVE(#3204,(IFCLINEINDEX((1,2,3,4,1))),$);
#3206=IFCARBITRARYPROFILEDEFWITHVOIDS(.AREA.,$,#3203,(#3205));
#3207=IFCCARTESIANPOINT((0.,0.05000000074505806,0.));
#3208=IFCDIRECTION((0.,-1.,0.));
#3209=IFCDIRECTION((1.,0.,0.));
#3210=IFCAXIS2PLACEMENT3D(#3207,#3208,#3209);
#3211=IFCDIRECTION((0.,0.,-1.));
#3212=IFCEXTRUDEDAREASOLID(#3206,#3210,#3211,0.040000000968575478);
#3213=IFCCARTESIANPOINTLIST2D(((0.,0.),(0.77281422540545464,0.),(0.77281422540545464,0.84999997541308403),(0.,0.84999997541308403)));
#3214=IFCINDEXEDPOLYCURVE(#3213,(IFCLINEINDEX((1,2,3,4,1))),$);
#3215=IFCCARTESIANPOINTLIST2D(((0.035000000149011612,0.035000000149011612),(0.73781422525644302,0.035000000149011612),(0.73781422525644302,0.81499997526407242),(0.035000000149011612,0.81499997526407242)));
#3216=IFCINDEXEDPOLYCURVE(#3215,(IFCLINEINDEX((1,2,3,4,1))),$);
#3217=IFCARBITRARYPROFILEDEFWITHVOIDS(.AREA.,$,#3214,(#3216));
#3218=IFCCARTESIANPOINT((0.02500000037252903,0.090000001713633537,0.02500000037252903));
#3219=IFCDIRECTION((0.,-1.,0.));
#3220=IFCDIRECTION((1.,0.,0.));
#3221=IFCAXIS2PLACEMENT3D(#3218,#3219,#3220);
#3222=IFCDIRECTION((0.,0.,-1.));
#3223=IFCEXTRUDEDAREASOLID(#3217,#3221,#3222,0.035000000149011612);
#3224=IFCINDEXEDPOLYCURVE(#3225,(IFCLINEINDEX((1,2,3,4,1))),$);
#3225=IFCCARTESIANPOINTLIST2D(((0.035000000149011612,0.035000000149011612),(0.73781422525644302,0.035000000149011612),(0.73781422525644302,0.81499997526407242),(0.035000000149011612,0.81499997526407242)));
#3226=IFCARBITRARYCLOSEDPROFILEDEF(.AREA.,$,#3224);
#3227=IFCCARTESIANPOINT((0.02500000037252903,0.10250000178813934,0.02500000037252903));
#3228=IFCDIRECTION((0.,-1.,0.));
#3229=IFCDIRECTION((1.,0.,0.));
#3230=IFCAXIS2PLACEMENT3D(#3227,#3228,#3229);
#3231=IFCDIRECTION((0.,0.,-1.));
#3232=IFCEXTRUDEDAREASOLID(#3226,#3230,#3231,0.01);
#3291=IFCCARTESIANPOINTLIST3D(((0.,0.,0.),(0.8228142261505127,0.,0.),(0.8228142261505127,0.,0.89999997615814209),(0.,0.,0.89999997615814209)));
#3292=IFCINDEXEDPOLYCURVE(#3291,(IFCLINEINDEX((1,2,3,4,1))),$);
#3293=IFCSHAPEREPRESENTATION(#18,'Profile','Curve3D',(#3292));
#3294=IFCCARTESIANPOINTLIST2D(((0.,0.),(0.8228142261505127,0.),(0.8228142261505127,0.89999997615814209),(0.,0.89999997615814209)));
#3295=IFCINDEXEDPOLYCURVE(#3294,(IFCLINEINDEX((1,2,3,4,1))),$);
#3296=IFCCARTESIANPOINTLIST2D(((0.02500000037252903,0.02500000037252903),(0.79781422577798367,0.02500000037252903),(0.79781422577798367,0.87499997578561306),(0.02500000037252903,0.87499997578561306)));
#3297=IFCINDEXEDPOLYCURVE(#3296,(IFCLINEINDEX((1,2,3,4,1))),$);
#3298=IFCARBITRARYPROFILEDEFWITHVOIDS(.AREA.,$,#3295,(#3297));
#3299=IFCCARTESIANPOINT((0.,0.090000001713633537,0.));
#3300=IFCDIRECTION((0.,-1.,0.));
#3301=IFCDIRECTION((1.,0.,0.));
#3302=IFCAXIS2PLACEMENT3D(#3299,#3300,#3301);
#3303=IFCDIRECTION((0.,0.,-1.));
#3304=IFCEXTRUDEDAREASOLID(#3298,#3302,#3303,0.0099999997764825821);
#3305=IFCCARTESIANPOINTLIST2D(((0.,0.),(0.8228142261505127,0.),(0.8228142261505127,0.89999997615814209),(0.,0.89999997615814209)));
#3306=IFCINDEXEDPOLYCURVE(#3305,(IFCLINEINDEX((1,2,3,4,1))),$);
#3307=IFCCARTESIANPOINTLIST2D(((0.05000000074505806,0.05000000074505806),(0.77281422540545464,0.05000000074505806),(0.77281422540545464,0.84999997541308403),(0.05000000074505806,0.84999997541308403)));
#3308=IFCINDEXEDPOLYCURVE(#3307,(IFCLINEINDEX((1,2,3,4,1))),$);
#3309=IFCARBITRARYPROFILEDEFWITHVOIDS(.AREA.,$,#3306,(#3308));
#3310=IFCCARTESIANPOINT((0.,0.05000000074505806,0.));
#3311=IFCDIRECTION((0.,-1.,0.));
#3312=IFCDIRECTION((1.,0.,0.));
#3313=IFCAXIS2PLACEMENT3D(#3310,#3311,#3312);
#3314=IFCDIRECTION((0.,0.,-1.));
#3315=IFCEXTRUDEDAREASOLID(#3309,#3313,#3314,0.040000000968575478);
#3316=IFCCARTESIANPOINTLIST2D(((0.,0.),(0.77281422540545464,0.),(0.77281422540545464,0.84999997541308403),(0.,0.84999997541308403)));
#3317=IFCINDEXEDPOLYCURVE(#3316,(IFCLINEINDEX((1,2,3,4,1))),$);
#3318=IFCCARTESIANPOINTLIST2D(((0.035000000149011612,0.035000000149011612),(0.73781422525644302,0.035000000149011612),(0.73781422525644302,0.81499997526407242),(0.035000000149011612,0.81499997526407242)));
#3319=IFCINDEXEDPOLYCURVE(#3318,(IFCLINEINDEX((1,2,3,4,1))),$);
#3320=IFCARBITRARYPROFILEDEFWITHVOIDS(.AREA.,$,#3317,(#3319));
#3321=IFCCARTESIANPOINT((0.02500000037252903,0.090000001713633537,0.02500000037252903));
#3322=IFCDIRECTION((0.,-1.,0.));
#3323=IFCDIRECTION((1.,0.,0.));
#3324=IFCAXIS2PLACEMENT3D(#3321,#3322,#3323);
#3325=IFCDIRECTION((0.,0.,-1.));
#3326=IFCEXTRUDEDAREASOLID(#3320,#3324,#3325,0.035000000149011612);
#3327=IFCINDEXEDPOLYCURVE(#3328,(IFCLINEINDEX((1,2,3,4,1))),$);
#3328=IFCCARTESIANPOINTLIST2D(((0.035000000149011612,0.035000000149011612),(0.73781422525644302,0.035000000149011612),(0.73781422525644302,0.81499997526407242),(0.035000000149011612,0.81499997526407242)));
#3329=IFCARBITRARYCLOSEDPROFILEDEF(.AREA.,$,#3327);
#3330=IFCCARTESIANPOINT((0.02500000037252903,0.10250000178813934,0.02500000037252903));
#3331=IFCDIRECTION((0.,-1.,0.));
#3332=IFCDIRECTION((1.,0.,0.));
#3333=IFCAXIS2PLACEMENT3D(#3330,#3331,#3332);
#3334=IFCDIRECTION((0.,0.,-1.));
#3335=IFCEXTRUDEDAREASOLID(#3329,#3333,#3334,0.01);
#3336=IFCSHAPEREPRESENTATION(#11,'Body','SweptSolid',(#3304,#3315,#3326,#3335));
#3337=IFCCARTESIANPOINTLIST2D(((0.05000000074505806,0.05000000074505806),(0.77281422540545464,0.05000000074505806)));
#3338=IFCINDEXEDPOLYCURVE(#3337,$,$);
#3339=IFCCARTESIANPOINTLIST2D(((0.,0.10000000149011612),(0.02500000037252903,0.10000000149011612),(0.02500000037252903,0.090000001713633537),(0.05000000074505806,0.090000001713633537),(0.05000000074505806,0.05000000074505806),(0.,0.05000000074505806)));
#3340=IFCINDEXEDPOLYCURVE(#3339,(IFCLINEINDEX((1,2,3,4,5,6,1))),$);
#3341=IFCCARTESIANPOINTLIST2D(((0.8228142261505127,0.10000000149011612),(0.79781422577798367,0.10000000149011612),(0.79781422577798367,0.090000001713633537),(0.77281422540545464,0.090000001713633537),(0.77281422540545464,0.05000000074505806),(0.8228142261505127,0.05000000074505806)));
#3342=IFCINDEXEDPOLYCURVE(#3341,(IFCLINEINDEX((1,2,3,4,5,6,1))),$);
#3343=IFCCARTESIANPOINTLIST2D(((0.02500000037252903,0.090000001713633537),(0.060000000521540642,0.090000001713633537),(0.060000000521540642,0.12500000186264515),(0.02500000037252903,0.12500000186264515)));
#3344=IFCINDEXEDPOLYCURVE(#3343,(IFCLINEINDEX((1,2,3,4,1))),$);
#3345=IFCINDEXEDPOLYCURVE(#3346,(IFCLINEINDEX((1,2,3,4,1))),$);
#3346=IFCCARTESIANPOINTLIST2D(((0.79781422577798367,0.090000001713633537),(0.76281422562897205,0.090000001713633537),(0.76281422562897205,0.12500000186264515),(0.79781422577798367,0.12500000186264515)));
#3347=IFCCARTESIANPOINTLIST2D(((0.060000000521540642,0.090000001713633537),(0.76281422562897205,0.090000001713633537)));
#3348=IFCINDEXEDPOLYCURVE(#3347,$,$);
#3349=IFCINDEXEDPOLYCURVE(#3350,$,$);
#3350=IFCCARTESIANPOINTLIST2D(((0.060000000521540642,0.12500000186264515),(0.76281422562897205,0.12500000186264515)));
#3351=IFCINDEXEDPOLYCURVE(#3352,$,$);
#3352=IFCCARTESIANPOINTLIST2D(((0.060000000521540642,0.10750000178813934),(0.76281422562897205,0.10750000178813934)));
#3353=IFCSHAPEREPRESENTATION(#24,'Body','Curve2D',(#3338,#3340,#3342,#3344,#3345,#3348,#3349,#3351));
#3354=IFCCARTESIANPOINTLIST2D(((0.,0.),(0.8228142261505127,0.),(0.8228142261505127,0.89999997615814209),(0.,0.89999997615814209)));
#3355=IFCINDEXEDPOLYCURVE(#3354,(IFCLINEINDEX((1,2,3,4,1))),$);
#3356=IFCARBITRARYCLOSEDPROFILEDEF(.AREA.,$,#3355);
#3357=IFCCARTESIANPOINT((0.,-0.60000002384185791,0.));
#3358=IFCDIRECTION((0.,-1.,0.));
#3359=IFCDIRECTION((1.,0.,0.));
#3360=IFCAXIS2PLACEMENT3D(#3357,#3358,#3359);
#3361=IFCDIRECTION((0.,0.,-1.));
#3362=IFCEXTRUDEDAREASOLID(#3356,#3360,#3361,1.2);
#3363=IFCSHAPEREPRESENTATION(#11,'Body','SweptSolid',(#3362));
#3369=IFCCARTESIANPOINT((1.7470011073458986,9.5367431640625E-07,1.));
#3370=IFCDIRECTION((0.,0.,1.));
#3371=IFCDIRECTION((0.99999999999988631,-4.7683715820307079E-07,0.));
#3372=IFCAXIS2PLACEMENT3D(#3369,#3370,#3371);
#3373=IFCLOCALPLACEMENT(#628,#3372);
#3374=IFCCARTESIANPOINT((0.,0.,0.));
#3375=IFCDIRECTION((0.,0.,1.));
#3376=IFCDIRECTION((1.,0.,0.));
#3377=IFCAXIS2PLACEMENT3D(#3374,#3375,#3376);
#3378=IFCLOCALPLACEMENT(#3373,#3377);
#3379=IFCWINDOWTYPE('189v$_WZLEQvmVLlbod197',$,'GUEST-1-GF',$,$,(#3380),(#3382,#3390,#3438),$,$,.WINDOW.,.SINGLE_PANEL.,$,$);
#3380=IFCPROPERTYSET('1ZRxXe4a5B1AkjLOdM1N5a',$,'BBIM_Window',$,(#3381));
#3381=IFCPROPERTYSINGLEVALUE('Data',$,IFCTEXT('{"window_type": "DOUBLE_PANEL_VERTICAL", "overall_height": 0.8999999761581421, "overall_width": 1.2098276615142822, "lining_properties": {"lining_depth": 0.05000000074505806, "lining_thickness": 0.05000000074505806, "lining_offset": 0.05000000074505806, "lining_to_panel_offset_x": 0.02500000037252903, "lining_to_panel_offset_y": 0.02500000037252903, "mullion_thickness": 0.05000000074505806, "first_mullion_offset": 0.6149788498878479}, "panel_properties": {"frame_depth": [0.03500000014901161, 0.03500000014901161, 0.03500000014901161], "frame_thickness": [0.03500000014901161, 0.03500000014901161, 0.03500000014901161]}}'),$);
#3382=IFCREPRESENTATIONMAP(#3383,#3637);
#3383=IFCAXIS2PLACEMENT3D(#3384,#3385,#3386);
#3384=IFCCARTESIANPOINT((0.,0.,0.));
#3385=IFCDIRECTION((0.,0.,1.));
#3386=IFCDIRECTION((1.,0.,0.));
#3390=IFCREPRESENTATIONMAP(#3391,#3718);
#3391=IFCAXIS2PLACEMENT3D(#3392,#3393,#3394);
#3392=IFCCARTESIANPOINT((0.,0.,0.));
#3393=IFCDIRECTION((0.,0.,1.));
#3394=IFCDIRECTION((1.,0.,0.));
#3438=IFCREPRESENTATIONMAP(#3439,#3751);
#3439=IFCAXIS2PLACEMENT3D(#3440,#3441,#3442);
#3440=IFCCARTESIANPOINT((0.,0.,0.));
#3441=IFCDIRECTION((0.,0.,1.));
#3442=IFCDIRECTION((1.,0.,0.));
#3460=IFCWINDOW('2wJWsKUab76OT0_z8a9nnW',$,'Window',$,$,#3776,#3470,$,0.89999997615814209,1.2098276615142822,$,.DOUBLE_PANEL_VERTICAL.,$);
#3462=IFCRELDEFINESBYTYPE('1ho6z2xqLCqPHwx5cliPgV',$,$,$,(#3460),#3379);
#3463=IFCCARTESIANPOINT((0.,0.,0.));
#3464=IFCDIRECTION((1.,0.,0.));
#3465=IFCDIRECTION((0.,1.,0.));
#3466=IFCDIRECTION((0.,0.,1.));
#3467=IFCCARTESIANTRANSFORMATIONOPERATOR3D(#3464,#3465,#3463,1.,#3466);
#3468=IFCMAPPEDITEM(#3382,#3467);
#3469=IFCSHAPEREPRESENTATION(#18,'Profile','MappedRepresentation',(#3468));
#3470=IFCPRODUCTDEFINITIONSHAPE($,$,(#3469,#3477,#3484));
#3471=IFCCARTESIANPOINT((0.,0.,0.));
#3472=IFCDIRECTION((1.,0.,0.));
#3473=IFCDIRECTION((0.,1.,0.));
#3474=IFCDIRECTION((0.,0.,1.));
#3475=IFCCARTESIANTRANSFORMATIONOPERATOR3D(#3472,#3473,#3471,1.,#3474);
#3476=IFCMAPPEDITEM(#3390,#3475);
#3477=IFCSHAPEREPRESENTATION(#11,'Body','MappedRepresentation',(#3476));
#3478=IFCCARTESIANPOINT((0.,0.,0.));
#3479=IFCDIRECTION((1.,0.,0.));
#3480=IFCDIRECTION((0.,1.,0.));
#3481=IFCDIRECTION((0.,0.,1.));
#3482=IFCCARTESIANTRANSFORMATIONOPERATOR3D(#3479,#3480,#3478,1.,#3481);
#3483=IFCMAPPEDITEM(#3438,#3482);
#3484=IFCSHAPEREPRESENTATION(#24,'Body','MappedRepresentation',(#3483));
#3485=IFCOPENINGELEMENT('36JHpi9UfFeO7EM3UIX6Lo',$,'Opening',$,$,#3771,#3513,$,.OPENING.);
#3501=IFCCARTESIANPOINT((0.,0.,0.));
#3502=IFCDIRECTION((1.,0.,0.));
#3503=IFCDIRECTION((0.,0.,1.));
#3504=IFCAXIS2PLACEMENT3D(#3501,#3503,#3502);
#3505=IFCREPRESENTATIONMAP(#3504,#3761);
#3506=IFCCARTESIANPOINT((0.,0.,0.));
#3507=IFCDIRECTION((1.,0.,0.));
#3508=IFCDIRECTION((0.,1.,0.));
#3509=IFCDIRECTION((0.,0.,1.));
#3510=IFCCARTESIANTRANSFORMATIONOPERATOR3D(#3507,#3508,#3506,1.,#3509);
#3511=IFCMAPPEDITEM(#3505,#3510);
#3512=IFCSHAPEREPRESENTATION(#11,'Body','MappedRepresentation',(#3511));
#3513=IFCPRODUCTDEFINITIONSHAPE($,$,(#3512));
#3514=IFCRELVOIDSELEMENT('2v1QKh5A52wgCyV67LtJrw',$,$,$,#242,#3485);
#3520=IFCRELFILLSELEMENT('2Fs3ae0DvFBA6n2lkDumyB',$,$,$,#3485,#3460);
#3544=IFCCARTESIANPOINTLIST2D(((0.,0.),(1.2098276615142822,0.),(1.2098276615142822,0.89999997615814209),(0.,0.89999997615814209)));
#3545=IFCINDEXEDPOLYCURVE(#3544,(IFCLINEINDEX((1,2,3,4,1))),$);
#3546=IFCCARTESIANPOINTLIST2D(((0.02500000037252903,0.02500000037252903),(1.1848276611417532,0.02500000037252903),(1.1848276611417532,0.87499997578561306),(0.02500000037252903,0.87499997578561306)));
#3547=IFCINDEXEDPOLYCURVE(#3546,(IFCLINEINDEX((1,2,3,4,1))),$);
#3548=IFCARBITRARYPROFILEDEFWITHVOIDS(.AREA.,$,#3545,(#3547));
#3549=IFCCARTESIANPOINT((0.,0.090000001713633537,0.));
#3550=IFCDIRECTION((0.,-1.,0.));
#3551=IFCDIRECTION((1.,0.,0.));
#3552=IFCAXIS2PLACEMENT3D(#3549,#3550,#3551);
#3553=IFCDIRECTION((0.,0.,-1.));
#3554=IFCEXTRUDEDAREASOLID(#3548,#3552,#3553,0.0099999997764825821);
#3555=IFCCARTESIANPOINTLIST2D(((0.,0.),(1.2098276615142822,0.),(1.2098276615142822,0.89999997615814209),(0.,0.89999997615814209)));
#3556=IFCINDEXEDPOLYCURVE(#3555,(IFCLINEINDEX((1,2,3,4,1))),$);
#3557=IFCCARTESIANPOINTLIST2D(((0.05000000074505806,0.05000000074505806),(1.1598276607692242,0.05000000074505806),(1.1598276607692242,0.84999997541308403),(0.05000000074505806,0.84999997541308403)));
#3558=IFCINDEXEDPOLYCURVE(#3557,(IFCLINEINDEX((1,2,3,4,1))),$);
#3559=IFCARBITRARYPROFILEDEFWITHVOIDS(.AREA.,$,#3556,(#3558));
#3560=IFCCARTESIANPOINT((0.,0.05000000074505806,0.));
#3561=IFCDIRECTION((0.,-1.,0.));
#3562=IFCDIRECTION((1.,0.,0.));
#3563=IFCAXIS2PLACEMENT3D(#3560,#3561,#3562);
#3564=IFCDIRECTION((0.,0.,-1.));
#3565=IFCEXTRUDEDAREASOLID(#3559,#3563,#3564,0.040000000968575478);
#3566=IFCCARTESIANPOINTLIST2D(((0.,0.),(1.1598276607692242,0.),(1.1598276607692242,0.84999997541308403),(0.,0.84999997541308403)));
#3567=IFCINDEXEDPOLYCURVE(#3566,(IFCLINEINDEX((1,2,3,4,1))),$);
#3568=IFCCARTESIANPOINTLIST2D(((0.035000000149011612,0.035000000149011612),(1.1248276606202126,0.035000000149011612),(1.1248276606202126,0.81499997526407242),(0.035000000149011612,0.81499997526407242)));
#3569=IFCINDEXEDPOLYCURVE(#3568,(IFCLINEINDEX((1,2,3,4,1))),$);
#3570=IFCARBITRARYPROFILEDEFWITHVOIDS(.AREA.,$,#3567,(#3569));
#3571=IFCCARTESIANPOINT((0.02500000037252903,0.090000001713633537,0.02500000037252903));
#3572=IFCDIRECTION((0.,-1.,0.));
#3573=IFCDIRECTION((1.,0.,0.));
#3574=IFCAXIS2PLACEMENT3D(#3571,#3572,#3573);
#3575=IFCDIRECTION((0.,0.,-1.));
#3576=IFCEXTRUDEDAREASOLID(#3570,#3574,#3575,0.035000000149011612);
#3577=IFCINDEXEDPOLYCURVE(#3578,(IFCLINEINDEX((1,2,3,4,1))),$);
#3578=IFCCARTESIANPOINTLIST2D(((0.035000000149011612,0.035000000149011612),(1.1248276606202126,0.035000000149011612),(1.1248276606202126,0.81499997526407242),(0.035000000149011612,0.81499997526407242)));
#3579=IFCARBITRARYCLOSEDPROFILEDEF(.AREA.,$,#3577);
#3580=IFCCARTESIANPOINT((0.02500000037252903,0.10250000178813934,0.02500000037252903));
#3581=IFCDIRECTION((0.,-1.,0.));
#3582=IFCDIRECTION((1.,0.,0.));
#3583=IFCAXIS2PLACEMENT3D(#3580,#3581,#3582);
#3584=IFCDIRECTION((0.,0.,-1.));
#3585=IFCEXTRUDEDAREASOLID(#3579,#3583,#3584,0.01);
#3587=IFCSHAPEREPRESENTATION(#11,'Body','SweptSolid',(#3686,#3697,#3646,#3565,#3554,#3657));
#3588=IFCSHAPEASPECT((#3587),'Lining',$,.T.,#3470);
#3589=IFCSHAPEREPRESENTATION(#11,'Body','SweptSolid',(#3668,#3708,#3576));
#3590=IFCSHAPEASPECT((#3589),'Framing',$,.T.,#3470);
#3591=IFCSHAPEREPRESENTATION(#11,'Body','SweptSolid',(#3585,#3717,#3677));
#3592=IFCSHAPEASPECT((#3591),'Glazing',$,.T.,#3470);
#3635=IFCCARTESIANPOINTLIST3D(((0.,0.,0.),(1.2098276615142822,0.,0.),(1.2098276615142822,0.,0.89999997615814209),(0.,0.,0.89999997615814209)));
#3636=IFCINDEXEDPOLYCURVE(#3635,(IFCLINEINDEX((1,2,3,4,1))),$);
#3637=IFCSHAPEREPRESENTATION(#18,'Profile','Curve3D',(#3636));
#3638=IFCCARTESIANPOINTLIST2D(((0.6149788498878479,0.),(0.,0.),(0.,0.89999997615814209),(0.6149788498878479,0.89999997615814209),(0.6149788498878479,0.87499997578561306),(0.02500000037252903,0.87499997578561306),(0.02500000037252903,0.02500000037252903),(0.6149788498878479,0.02500000037252903)));
#3639=IFCINDEXEDPOLYCURVE(#3638,(IFCLINEINDEX((1,2,3,4,5,6,7,8,1))),$);
#3640=IFCARBITRARYCLOSEDPROFILEDEF(.AREA.,$,#3639);
#3641=IFCCARTESIANPOINT((0.,0.090000001713633537,0.));
#3642=IFCDIRECTION((0.,-1.,0.));
#3643=IFCDIRECTION((1.,0.,0.));
#3644=IFCAXIS2PLACEMENT3D(#3641,#3642,#3643);
#3645=IFCDIRECTION((0.,0.,-1.));
#3646=IFCEXTRUDEDAREASOLID(#3640,#3644,#3645,0.0099999997764825821);
#3647=IFCCARTESIANPOINTLIST2D(((0.,0.),(0.6149788498878479,0.),(0.6149788498878479,0.89999997615814209),(0.,0.89999997615814209)));
#3648=IFCINDEXEDPOLYCURVE(#3647,(IFCLINEINDEX((1,2,3,4,1))),$);
#3649=IFCCARTESIANPOINTLIST2D(((0.05000000074505806,0.05000000074505806),(0.58997884951531887,0.05000000074505806),(0.58997884951531887,0.84999997541308403),(0.05000000074505806,0.84999997541308403)));
#3650=IFCINDEXEDPOLYCURVE(#3649,(IFCLINEINDEX((1,2,3,4,1))),$);
#3651=IFCARBITRARYPROFILEDEFWITHVOIDS(.AREA.,$,#3648,(#3650));
#3652=IFCCARTESIANPOINT((0.,0.05000000074505806,0.));
#3653=IFCDIRECTION((0.,-1.,0.));
#3654=IFCDIRECTION((1.,0.,0.));
#3655=IFCAXIS2PLACEMENT3D(#3652,#3653,#3654);
#3656=IFCDIRECTION((0.,0.,-1.));
#3657=IFCEXTRUDEDAREASOLID(#3651,#3655,#3656,0.040000000968575478);
#3658=IFCCARTESIANPOINTLIST2D(((0.,0.),(0.58997884951531887,0.),(0.58997884951531887,0.84999997541308403),(0.,0.84999997541308403)));
#3659=IFCINDEXEDPOLYCURVE(#3658,(IFCLINEINDEX((1,2,3,4,1))),$);
#3660=IFCCARTESIANPOINTLIST2D(((0.035000000149011612,0.035000000149011612),(0.55497884936630726,0.035000000149011612),(0.55497884936630726,0.81499997526407242),(0.035000000149011612,0.81499997526407242)));
#3661=IFCINDEXEDPOLYCURVE(#3660,(IFCLINEINDEX((1,2,3,4,1))),$);
#3662=IFCARBITRARYPROFILEDEFWITHVOIDS(.AREA.,$,#3659,(#3661));
#3663=IFCCARTESIANPOINT((0.02500000037252903,0.090000001713633537,0.02500000037252903));
#3664=IFCDIRECTION((0.,-1.,0.));
#3665=IFCDIRECTION((1.,0.,0.));
#3666=IFCAXIS2PLACEMENT3D(#3663,#3664,#3665);
#3667=IFCDIRECTION((0.,0.,-1.));
#3668=IFCEXTRUDEDAREASOLID(#3662,#3666,#3667,0.035000000149011612);
#3669=IFCINDEXEDPOLYCURVE(#3670,(IFCLINEINDEX((1,2,3,4,1))),$);
#3670=IFCCARTESIANPOINTLIST2D(((0.035000000149011612,0.035000000149011612),(0.55497884936630726,0.035000000149011612),(0.55497884936630726,0.81499997526407242),(0.035000000149011612,0.81499997526407242)));
#3671=IFCARBITRARYCLOSEDPROFILEDEF(.AREA.,$,#3669);
#3672=IFCCARTESIANPOINT((0.02500000037252903,0.10250000178813934,0.02500000037252903));
#3673=IFCDIRECTION((0.,-1.,0.));
#3674=IFCDIRECTION((1.,0.,0.));
#3675=IFCAXIS2PLACEMENT3D(#3672,#3673,#3674);
#3676=IFCDIRECTION((0.,0.,-1.));
#3677=IFCEXTRUDEDAREASOLID(#3671,#3675,#3676,0.01);
#3678=IFCCARTESIANPOINTLIST2D(((0.,0.89999997615814209),(0.59484881162643433,0.89999997615814209),(0.59484881162643433,0.),(0.,0.),(0.,0.02500000037252903),(0.5698488112539053,0.02500000037252903),(0.5698488112539053,0.87499997578561306),(0.,0.87499997578561306)));
#3679=IFCINDEXEDPOLYCURVE(#3678,(IFCLINEINDEX((1,2,3,4,5,6,7,8,1))),$);
#3680=IFCARBITRARYCLOSEDPROFILEDEF(.AREA.,$,#3679);
#3681=IFCCARTESIANPOINT((0.6149788498878479,0.090000001713633537,0.));
#3682=IFCDIRECTION((0.,-1.,0.));
#3683=IFCDIRECTION((1.,0.,0.));
#3684=IFCAXIS2PLACEMENT3D(#3681,#3682,#3683);
#3685=IFCDIRECTION((0.,0.,-1.));
#3686=IFCEXTRUDEDAREASOLID(#3680,#3684,#3685,0.0099999997764825821);
#3687=IFCCARTESIANPOINTLIST2D(((0.,0.),(0.59484881162643433,0.),(0.59484881162643433,0.89999997615814209),(0.,0.89999997615814209)));
#3688=IFCINDEXEDPOLYCURVE(#3687,(IFCLINEINDEX((1,2,3,4,1))),$);
#3689=IFCCARTESIANPOINTLIST2D(((0.02500000037252903,0.05000000074505806),(0.54484881088137627,0.05000000074505806),(0.54484881088137627,0.84999997541308403),(0.02500000037252903,0.84999997541308403)));
#3690=IFCINDEXEDPOLYCURVE(#3689,(IFCLINEINDEX((1,2,3,4,1))),$);
#3691=IFCARBITRARYPROFILEDEFWITHVOIDS(.AREA.,$,#3688,(#3690));
#3692=IFCCARTESIANPOINT((0.6149788498878479,0.05000000074505806,0.));
#3693=IFCDIRECTION((0.,-1.,0.));
#3694=IFCDIRECTION((1.,0.,0.));
#3695=IFCAXIS2PLACEMENT3D(#3692,#3693,#3694);
#3696=IFCDIRECTION((0.,0.,-1.));
#3697=IFCEXTRUDEDAREASOLID(#3691,#3695,#3696,0.040000000968575478);
#3698=IFCCARTESIANPOINTLIST2D(((0.,0.),(0.5698488112539053,0.),(0.5698488112539053,0.84999997541308403),(0.,0.84999997541308403)));
#3699=IFCINDEXEDPOLYCURVE(#3698,(IFCLINEINDEX((1,2,3,4,1))),$);
#3700=IFCCARTESIANPOINTLIST2D(((0.035000000149011612,0.035000000149011612),(0.53484881110489368,0.035000000149011612),(0.53484881110489368,0.81499997526407242),(0.035000000149011612,0.81499997526407242)));
#3701=IFCINDEXEDPOLYCURVE(#3700,(IFCLINEINDEX((1,2,3,4,1))),$);
#3702=IFCARBITRARYPROFILEDEFWITHVOIDS(.AREA.,$,#3699,(#3701));
#3703=IFCCARTESIANPOINT((0.6149788498878479,0.090000001713633537,0.02500000037252903));
#3704=IFCDIRECTION((0.,-1.,0.));
#3705=IFCDIRECTION((1.,0.,0.));
#3706=IFCAXIS2PLACEMENT3D(#3703,#3704,#3705);
#3707=IFCDIRECTION((0.,0.,-1.));
#3708=IFCEXTRUDEDAREASOLID(#3702,#3706,#3707,0.035000000149011612);
#3709=IFCINDEXEDPOLYCURVE(#3710,(IFCLINEINDEX((1,2,3,4,1))),$);
#3710=IFCCARTESIANPOINTLIST2D(((0.035000000149011612,0.035000000149011612),(0.53484881110489368,0.035000000149011612),(0.53484881110489368,0.81499997526407242),(0.035000000149011612,0.81499997526407242)));
#3711=IFCARBITRARYCLOSEDPROFILEDEF(.AREA.,$,#3709);
#3712=IFCCARTESIANPOINT((0.6149788498878479,0.10250000178813934,0.02500000037252903));
#3713=IFCDIRECTION((0.,-1.,0.));
#3714=IFCDIRECTION((1.,0.,0.));
#3715=IFCAXIS2PLACEMENT3D(#3712,#3713,#3714);
#3716=IFCDIRECTION((0.,0.,-1.));
#3717=IFCEXTRUDEDAREASOLID(#3711,#3715,#3716,0.01);
#3718=IFCSHAPEREPRESENTATION(#11,'Body','SweptSolid',(#3646,#3657,#3668,#3677,#3686,#3697,#3708,#3717));
#3719=IFCCARTESIANPOINTLIST2D(((0.05000000074505806,0.05000000074505806),(0.58997884951531887,0.05000000074505806)));
#3720=IFCINDEXEDPOLYCURVE(#3719,$,$);
#3721=IFCCARTESIANPOINTLIST2D(((0.,0.10000000149011612),(0.02500000037252903,0.10000000149011612),(0.02500000037252903,0.090000001713633537),(0.05000000074505806,0.090000001713633537),(0.05000000074505806,0.05000000074505806),(0.,0.05000000074505806)));
#3722=IFCINDEXEDPOLYCURVE(#3721,(IFCLINEINDEX((1,2,3,4,5,6,1))),$);
#3723=IFCCARTESIANPOINTLIST2D(((0.6149788498878479,0.10000000149011612),(0.6149788498878479,0.10000000149011612),(0.6149788498878479,0.090000001713633537),(0.58997884951531887,0.090000001713633537),(0.58997884951531887,0.05000000074505806),(0.6149788498878479,0.05000000074505806)));
#3724=IFCINDEXEDPOLYCURVE(#3723,$,$);
#3725=IFCCARTESIANPOINTLIST2D(((0.02500000037252903,0.090000001713633537),(0.060000000521540642,0.090000001713633537),(0.060000000521540642,0.12500000186264515),(0.02500000037252903,0.12500000186264515)));
#3726=IFCINDEXEDPOLYCURVE(#3725,(IFCLINEINDEX((1,2,3,4,1))),$);
#3727=IFCINDEXEDPOLYCURVE(#3728,(IFCLINEINDEX((1,2,3,4,1))),$);
#3728=IFCCARTESIANPOINTLIST2D(((0.6149788498878479,0.090000001713633537),(0.57997884973883629,0.090000001713633537),(0.57997884973883629,0.12500000186264515),(0.6149788498878479,0.12500000186264515)));
#3729=IFCCARTESIANPOINTLIST2D(((0.060000000521540642,0.090000001713633537),(0.57997884973883629,0.090000001713633537)));
#3730=IFCINDEXEDPOLYCURVE(#3729,$,$);
#3731=IFCINDEXEDPOLYCURVE(#3732,$,$);
#3732=IFCCARTESIANPOINTLIST2D(((0.060000000521540642,0.12500000186264515),(0.57997884973883629,0.12500000186264515)));
#3733=IFCINDEXEDPOLYCURVE(#3734,$,$);
#3734=IFCCARTESIANPOINTLIST2D(((0.060000000521540642,0.10750000178813934),(0.57997884973883629,0.10750000178813934)));
#3735=IFCCARTESIANPOINTLIST2D(((0.63997885026037693,0.05000000074505806),(1.1598276607692242,0.05000000074505806)));
#3736=IFCINDEXEDPOLYCURVE(#3735,$,$);
#3737=IFCCARTESIANPOINTLIST2D(((0.6149788498878479,0.10000000149011612),(0.6149788498878479,0.10000000149011612),(0.6149788498878479,0.090000001713633537),(0.63997885026037693,0.090000001713633537),(0.63997885026037693,0.05000000074505806),(0.6149788498878479,0.05000000074505806)));
#3738=IFCINDEXEDPOLYCURVE(#3737,$,$);
#3739=IFCCARTESIANPOINTLIST2D(((1.2098276615142822,0.10000000149011612),(1.1848276611417532,0.10000000149011612),(1.1848276611417532,0.090000001713633537),(1.1598276607692242,0.090000001713633537),(1.1598276607692242,0.05000000074505806),(1.2098276615142822,0.05000000074505806)));
#3740=IFCINDEXEDPOLYCURVE(#3739,(IFCLINEINDEX((1,2,3,4,5,6,1))),$);
#3741=IFCCARTESIANPOINTLIST2D(((0.6149788498878479,0.090000001713633537),(0.64997885003685951,0.090000001713633537),(0.64997885003685951,0.12500000186264515),(0.6149788498878479,0.12500000186264515)));
#3742=IFCINDEXEDPOLYCURVE(#3741,(IFCLINEINDEX((1,2,3,4,1))),$);
#3743=IFCINDEXEDPOLYCURVE(#3744,(IFCLINEINDEX((1,2,3,4,1))),$);
#3744=IFCCARTESIANPOINTLIST2D(((1.1848276611417532,0.090000001713633537),(1.1498276609927416,0.090000001713633537),(1.1498276609927416,0.12500000186264515),(1.1848276611417532,0.12500000186264515)));
#3745=IFCCARTESIANPOINTLIST2D(((0.64997885003685951,0.090000001713633537),(1.1498276609927416,0.090000001713633537)));
#3746=IFCINDEXEDPOLYCURVE(#3745,$,$);
#3747=IFCINDEXEDPOLYCURVE(#3748,$,$);
#3748=IFCCARTESIANPOINTLIST2D(((0.64997885003685951,0.12500000186264515),(1.1498276609927416,0.12500000186264515)));
#3749=IFCINDEXEDPOLYCURVE(#3750,$,$);
#3750=IFCCARTESIANPOINTLIST2D(((0.64997885003685951,0.10750000178813934),(1.1498276609927416,0.10750000178813934)));
#3751=IFCSHAPEREPRESENTATION(#24,'Body','Curve2D',(#3720,#3722,#3724,#3726,#3727,#3730,#3731,#3733,#3736,#3738,#3740,#3742,#3743,#3746,#3747,#3749));
#3752=IFCCARTESIANPOINTLIST2D(((0.,0.),(1.2098276615142822,0.),(1.2098276615142822,0.89999997615814209),(0.,0.89999997615814209)));
#3753=IFCINDEXEDPOLYCURVE(#3752,(IFCLINEINDEX((1,2,3,4,1))),$);
#3754=IFCARBITRARYCLOSEDPROFILEDEF(.AREA.,$,#3753);
#3755=IFCCARTESIANPOINT((0.,-0.60000002384185791,0.));
#3756=IFCDIRECTION((0.,-1.,0.));
#3757=IFCDIRECTION((1.,0.,0.));
#3758=IFCAXIS2PLACEMENT3D(#3755,#3756,#3757);
#3759=IFCDIRECTION((0.,0.,-1.));
#3760=IFCEXTRUDEDAREASOLID(#3754,#3758,#3759,1.2);
#3761=IFCSHAPEREPRESENTATION(#11,'Body','SweptSolid',(#3760));
#3767=IFCCARTESIANPOINT((1.0563088351158463,2.8312206268310547E-07,1.));
#3768=IFCDIRECTION((0.,0.,1.));
#3769=IFCDIRECTION((0.99999999999997158,-2.3841857910155572E-07,0.));
#3770=IFCAXIS2PLACEMENT3D(#3767,#3768,#3769);
#3771=IFCLOCALPLACEMENT(#564,#3770);
#3772=IFCCARTESIANPOINT((0.,0.,0.));
#3773=IFCDIRECTION((0.,0.,1.));
#3774=IFCDIRECTION((1.,0.,0.));
#3775=IFCAXIS2PLACEMENT3D(#3772,#3773,#3774);
#3776=IFCLOCALPLACEMENT(#3771,#3775);
#3777=IFCWINDOWTYPE('0GMu5mGIvD3fKV2qPgbxKi',$,'GUEST-2-GF',$,$,(#3778),(#3780,#3788,#3836),$,$,.WINDOW.,.SINGLE_PANEL.,$,$);
#3778=IFCPROPERTYSET('2tHlSKo1T43OdmAcGbr6UR',$,'BBIM_Window',$,(#3779));
#3779=IFCPROPERTYSINGLEVALUE('Data',$,IFCTEXT('{"window_type": "SINGLE_PANEL", "overall_height": 0.8999999761581421, "overall_width": 0.7994439601898193, "lining_properties": {"lining_depth": 0.05000000074505806, "lining_thickness": 0.05000000074505806, "lining_offset": 0.05000000074505806, "lining_to_panel_offset_x": 0.02500000037252903, "lining_to_panel_offset_y": 0.02500000037252903}, "panel_properties": {"frame_depth": [0.03500000014901161, 0.03500000014901161, 0.03500000014901161], "frame_thickness": [0.03500000014901161, 0.03500000014901161, 0.03500000014901161]}}'),$);
#3780=IFCREPRESENTATIONMAP(#3781,#3941);
#3781=IFCAXIS2PLACEMENT3D(#3782,#3783,#3784);
#3782=IFCCARTESIANPOINT((0.,0.,0.));
#3783=IFCDIRECTION((0.,0.,1.));
#3784=IFCDIRECTION((1.,0.,0.));
#3788=IFCREPRESENTATIONMAP(#3789,#3984);
#3789=IFCAXIS2PLACEMENT3D(#3790,#3791,#3792);
#3790=IFCCARTESIANPOINT((0.,0.,0.));
#3791=IFCDIRECTION((0.,0.,1.));
#3792=IFCDIRECTION((1.,0.,0.));
#3836=IFCREPRESENTATIONMAP(#3837,#4007);
#3837=IFCAXIS2PLACEMENT3D(#3838,#3839,#3840);
#3838=IFCCARTESIANPOINT((0.,0.,0.));
#3839=IFCDIRECTION((0.,0.,1.));
#3840=IFCDIRECTION((1.,0.,0.));
#3858=IFCWINDOW('2y7vBkdN5FTfKWFRN4XDHH',$,'Window',$,$,#4032,#3868,$,0.89999997615814209,0.79944396018981934,$,.SINGLE_PANEL.,$);
#3860=IFCRELDEFINESBYTYPE('0Ldts7QSXDMuulKnLUjYpS',$,$,$,(#3858),#3777);
#3861=IFCCARTESIANPOINT((0.,0.,0.));
#3862=IFCDIRECTION((1.,0.,0.));
#3863=IFCDIRECTION((0.,1.,0.));
#3864=IFCDIRECTION((0.,0.,1.));
#3865=IFCCARTESIANTRANSFORMATIONOPERATOR3D(#3862,#3863,#3861,1.,#3864);
#3866=IFCMAPPEDITEM(#3780,#3865);
#3867=IFCSHAPEREPRESENTATION(#18,'Profile','MappedRepresentation',(#3866));
#3868=IFCPRODUCTDEFINITIONSHAPE($,$,(#3867,#3875,#3882));
#3869=IFCCARTESIANPOINT((0.,0.,0.));
#3870=IFCDIRECTION((1.,0.,0.));
#3871=IFCDIRECTION((0.,1.,0.));
#3872=IFCDIRECTION((0.,0.,1.));
#3873=IFCCARTESIANTRANSFORMATIONOPERATOR3D(#3870,#3871,#3869,1.,#3872);
#3874=IFCMAPPEDITEM(#3788,#3873);
#3875=IFCSHAPEREPRESENTATION(#11,'Body','MappedRepresentation',(#3874));
#3876=IFCCARTESIANPOINT((0.,0.,0.));
#3877=IFCDIRECTION((1.,0.,0.));
#3878=IFCDIRECTION((0.,1.,0.));
#3879=IFCDIRECTION((0.,0.,1.));
#3880=IFCCARTESIANTRANSFORMATIONOPERATOR3D(#3877,#3878,#3876,1.,#3879);
#3881=IFCMAPPEDITEM(#3836,#3880);
#3882=IFCSHAPEREPRESENTATION(#24,'Body','MappedRepresentation',(#3881));
#3883=IFCOPENINGELEMENT('2uA48HhDf11BWop$ionJfC',$,'Opening',$,$,#4027,#3911,$,.OPENING.);
#3899=IFCCARTESIANPOINT((0.,0.,0.));
#3900=IFCDIRECTION((1.,0.,0.));
#3901=IFCDIRECTION((0.,0.,1.));
#3902=IFCAXIS2PLACEMENT3D(#3899,#3901,#3900);
#3903=IFCREPRESENTATIONMAP(#3902,#4017);
#3904=IFCCARTESIANPOINT((0.,0.,0.));
#3905=IFCDIRECTION((1.,0.,0.));
#3906=IFCDIRECTION((0.,1.,0.));
#3907=IFCDIRECTION((0.,0.,1.));
#3908=IFCCARTESIANTRANSFORMATIONOPERATOR3D(#3905,#3906,#3904,1.,#3907);
#3909=IFCMAPPEDITEM(#3903,#3908);
#3910=IFCSHAPEREPRESENTATION(#11,'Body','MappedRepresentation',(#3909));
#3911=IFCPRODUCTDEFINITIONSHAPE($,$,(#3910));
#3912=IFCRELVOIDSELEMENT('2lY583Ncb3NAWb5TdJQKEg',$,$,$,#217,#3883);
#3918=IFCRELFILLSELEMENT('1zZ05xC5n3pxp_UBX5FFJw',$,$,$,#3883,#3858);
#3939=IFCCARTESIANPOINTLIST3D(((0.,0.,0.),(0.79944396018981934,0.,0.),(0.79944396018981934,0.,0.89999997615814209),(0.,0.,0.89999997615814209)));
#3940=IFCINDEXEDPOLYCURVE(#3939,(IFCLINEINDEX((1,2,3,4,1))),$);
#3941=IFCSHAPEREPRESENTATION(#18,'Profile','Curve3D',(#3940));
#3942=IFCCARTESIANPOINTLIST2D(((0.,0.),(0.79944396018981934,0.),(0.79944396018981934,0.89999997615814209),(0.,0.89999997615814209)));
#3943=IFCINDEXEDPOLYCURVE(#3942,(IFCLINEINDEX((1,2,3,4,1))),$);
#3944=IFCCARTESIANPOINTLIST2D(((0.02500000037252903,0.02500000037252903),(0.77444395981729031,0.02500000037252903),(0.77444395981729031,0.87499997578561306),(0.02500000037252903,0.87499997578561306)));
#3945=IFCINDEXEDPOLYCURVE(#3944,(IFCLINEINDEX((1,2,3,4,1))),$);
#3946=IFCARBITRARYPROFILEDEFWITHVOIDS(.AREA.,$,#3943,(#3945));
#3947=IFCCARTESIANPOINT((0.,0.090000001713633537,0.));
#3948=IFCDIRECTION((0.,-1.,0.));
#3949=IFCDIRECTION((1.,0.,0.));
#3950=IFCAXIS2PLACEMENT3D(#3947,#3948,#3949);
#3951=IFCDIRECTION((0.,0.,-1.));
#3952=IFCEXTRUDEDAREASOLID(#3946,#3950,#3951,0.0099999997764825821);
#3953=IFCCARTESIANPOINTLIST2D(((0.,0.),(0.79944396018981934,0.),(0.79944396018981934,0.89999997615814209),(0.,0.89999997615814209)));
#3954=IFCINDEXEDPOLYCURVE(#3953,(IFCLINEINDEX((1,2,3,4,1))),$);
#3955=IFCCARTESIANPOINTLIST2D(((0.05000000074505806,0.05000000074505806),(0.74944395944476128,0.05000000074505806),(0.74944395944476128,0.84999997541308403),(0.05000000074505806,0.84999997541308403)));
#3956=IFCINDEXEDPOLYCURVE(#3955,(IFCLINEINDEX((1,2,3,4,1))),$);
#3957=IFCARBITRARYPROFILEDEFWITHVOIDS(.AREA.,$,#3954,(#3956));
#3958=IFCCARTESIANPOINT((0.,0.05000000074505806,0.));
#3959=IFCDIRECTION((0.,-1.,0.));
#3960=IFCDIRECTION((1.,0.,0.));
#3961=IFCAXIS2PLACEMENT3D(#3958,#3959,#3960);
#3962=IFCDIRECTION((0.,0.,-1.));
#3963=IFCEXTRUDEDAREASOLID(#3957,#3961,#3962,0.040000000968575478);
#3964=IFCCARTESIANPOINTLIST2D(((0.,0.),(0.74944395944476128,0.),(0.74944395944476128,0.84999997541308403),(0.,0.84999997541308403)));
#3965=IFCINDEXEDPOLYCURVE(#3964,(IFCLINEINDEX((1,2,3,4,1))),$);
#3966=IFCCARTESIANPOINTLIST2D(((0.035000000149011612,0.035000000149011612),(0.71444395929574966,0.035000000149011612),(0.71444395929574966,0.81499997526407242),(0.035000000149011612,0.81499997526407242)));
#3967=IFCINDEXEDPOLYCURVE(#3966,(IFCLINEINDEX((1,2,3,4,1))),$);
#3968=IFCARBITRARYPROFILEDEFWITHVOIDS(.AREA.,$,#3965,(#3967));
#3969=IFCCARTESIANPOINT((0.02500000037252903,0.090000001713633537,0.02500000037252903));
#3970=IFCDIRECTION((0.,-1.,0.));
#3971=IFCDIRECTION((1.,0.,0.));
#3972=IFCAXIS2PLACEMENT3D(#3969,#3970,#3971);
#3973=IFCDIRECTION((0.,0.,-1.));
#3974=IFCEXTRUDEDAREASOLID(#3968,#3972,#3973,0.035000000149011612);
#3975=IFCINDEXEDPOLYCURVE(#3976,(IFCLINEINDEX((1,2,3,4,1))),$);
#3976=IFCCARTESIANPOINTLIST2D(((0.035000000149011612,0.035000000149011612),(0.71444395929574966,0.035000000149011612),(0.71444395929574966,0.81499997526407242),(0.035000000149011612,0.81499997526407242)));
#3977=IFCARBITRARYCLOSEDPROFILEDEF(.AREA.,$,#3975);
#3978=IFCCARTESIANPOINT((0.02500000037252903,0.10250000178813934,0.02500000037252903));
#3979=IFCDIRECTION((0.,-1.,0.));
#3980=IFCDIRECTION((1.,0.,0.));
#3981=IFCAXIS2PLACEMENT3D(#3978,#3979,#3980);
#3982=IFCDIRECTION((0.,0.,-1.));
#3983=IFCEXTRUDEDAREASOLID(#3977,#3981,#3982,0.01);
#3984=IFCSHAPEREPRESENTATION(#11,'Body','SweptSolid',(#3952,#3963,#3974,#3983));
#3985=IFCSHAPEREPRESENTATION(#11,'Body','SweptSolid',(#3952,#3963));
#3986=IFCSHAPEASPECT((#3985),'Lining',$,.T.,#3868);
#3987=IFCSHAPEREPRESENTATION(#11,'Body','SweptSolid',(#3974));
#3988=IFCSHAPEASPECT((#3987),'Framing',$,.T.,#3868);
#3989=IFCSHAPEREPRESENTATION(#11,'Body','SweptSolid',(#3983));
#3990=IFCSHAPEASPECT((#3989),'Glazing',$,.T.,#3868);
#3991=IFCCARTESIANPOINTLIST2D(((0.05000000074505806,0.05000000074505806),(0.74944395944476128,0.05000000074505806)));
#3992=IFCINDEXEDPOLYCURVE(#3991,$,$);
#3993=IFCCARTESIANPOINTLIST2D(((0.,0.10000000149011612),(0.02500000037252903,0.10000000149011612),(0.02500000037252903,0.090000001713633537),(0.05000000074505806,0.090000001713633537),(0.05000000074505806,0.05000000074505806),(0.,0.05000000074505806)));
#3994=IFCINDEXEDPOLYCURVE(#3993,(IFCLINEINDEX((1,2,3,4,5,6,1))),$);
#3995=IFCCARTESIANPOINTLIST2D(((0.79944396018981934,0.10000000149011612),(0.77444395981729031,0.10000000149011612),(0.77444395981729031,0.090000001713633537),(0.74944395944476128,0.090000001713633537),(0.74944395944476128,0.05000000074505806),(0.79944396018981934,0.05000000074505806)));
#3996=IFCINDEXEDPOLYCURVE(#3995,(IFCLINEINDEX((1,2,3,4,5,6,1))),$);
#3997=IFCCARTESIANPOINTLIST2D(((0.02500000037252903,0.090000001713633537),(0.060000000521540642,0.090000001713633537),(0.060000000521540642,0.12500000186264515),(0.02500000037252903,0.12500000186264515)));
#3998=IFCINDEXEDPOLYCURVE(#3997,(IFCLINEINDEX((1,2,3,4,1))),$);
#3999=IFCINDEXEDPOLYCURVE(#4000,(IFCLINEINDEX((1,2,3,4,1))),$);
#4000=IFCCARTESIANPOINTLIST2D(((0.77444395981729031,0.090000001713633537),(0.73944395966827869,0.090000001713633537),(0.73944395966827869,0.12500000186264515),(0.77444395981729031,0.12500000186264515)));
#4001=IFCCARTESIANPOINTLIST2D(((0.060000000521540642,0.090000001713633537),(0.73944395966827869,0.090000001713633537)));
#4002=IFCINDEXEDPOLYCURVE(#4001,$,$);
#4003=IFCINDEXEDPOLYCURVE(#4004,$,$);
#4004=IFCCARTESIANPOINTLIST2D(((0.060000000521540642,0.12500000186264515),(0.73944395966827869,0.12500000186264515)));
#4005=IFCINDEXEDPOLYCURVE(#4006,$,$);
#4006=IFCCARTESIANPOINTLIST2D(((0.060000000521540642,0.10750000178813934),(0.73944395966827869,0.10750000178813934)));
#4007=IFCSHAPEREPRESENTATION(#24,'Body','Curve2D',(#3992,#3994,#3996,#3998,#3999,#4002,#4003,#4005));
#4008=IFCCARTESIANPOINTLIST2D(((0.,0.),(0.79944396018981934,0.),(0.79944396018981934,0.89999997615814209),(0.,0.89999997615814209)));
#4009=IFCINDEXEDPOLYCURVE(#4008,(IFCLINEINDEX((1,2,3,4,1))),$);
#4010=IFCARBITRARYCLOSEDPROFILEDEF(.AREA.,$,#4009);
#4011=IFCCARTESIANPOINT((0.,-0.60000002384185791,0.));
#4012=IFCDIRECTION((0.,-1.,0.));
#4013=IFCDIRECTION((1.,0.,0.));
#4014=IFCAXIS2PLACEMENT3D(#4011,#4012,#4013);
#4015=IFCDIRECTION((0.,0.,-1.));
#4016=IFCEXTRUDEDAREASOLID(#4010,#4014,#4015,1.2);
#4017=IFCSHAPEREPRESENTATION(#11,'Body','SweptSolid',(#4016));
#4023=IFCCARTESIANPOINT((3.0406593795524435,7.2411098317459732E-07,1.));
#4024=IFCDIRECTION((0.,0.,1.));
#4025=IFCDIRECTION((0.99999999999999289,1.1920928244535129E-07,0.));
#4026=IFCAXIS2PLACEMENT3D(#4023,#4024,#4025);
#4027=IFCLOCALPLACEMENT(#532,#4026);
#4028=IFCCARTESIANPOINT((-8.8817841970012523E-16,0.,0.));
#4029=IFCDIRECTION((0.,0.,1.));
#4030=IFCDIRECTION((1.,0.,0.));
#4031=IFCAXIS2PLACEMENT3D(#4028,#4029,#4030);
#4032=IFCLOCALPLACEMENT(#4027,#4031);
#4033=IFCWINDOWTYPE('3ISxaVyHH8gBKzE$Wx9FCh',$,'MAID-GF',$,$,(#4034),(#4036,#4044,#4092),$,$,.WINDOW.,.SINGLE_PANEL.,$,$);
#4034=IFCPROPERTYSET('2eSswg2FT2AvB3zke6Yp8X',$,'BBIM_Window',$,(#4035));
#4035=IFCPROPERTYSINGLEVALUE('Data',$,IFCTEXT('{"window_type": "SINGLE_PANEL", "overall_height": 0.8999999761581421, "overall_width": 0.7994439005851746, "lining_properties": {"lining_depth": 0.05000000074505806, "lining_thickness": 0.05000000074505806, "lining_offset": 0.05000000074505806, "lining_to_panel_offset_x": 0.02500000037252903, "lining_to_panel_offset_y": 0.02500000037252903}, "panel_properties": {"frame_depth": [0.03500000014901161, 0.03500000014901161, 0.03500000014901161], "frame_thickness": [0.03500000014901161, 0.03500000014901161, 0.03500000014901161]}}'),$);
#4036=IFCREPRESENTATIONMAP(#4037,#4197);
#4037=IFCAXIS2PLACEMENT3D(#4038,#4039,#4040);
#4038=IFCCARTESIANPOINT((0.,0.,0.));
#4039=IFCDIRECTION((0.,0.,1.));
#4040=IFCDIRECTION((1.,0.,0.));
#4044=IFCREPRESENTATIONMAP(#4045,#4240);
#4045=IFCAXIS2PLACEMENT3D(#4046,#4047,#4048);
#4046=IFCCARTESIANPOINT((0.,0.,0.));
#4047=IFCDIRECTION((0.,0.,1.));
#4048=IFCDIRECTION((1.,0.,0.));
#4092=IFCREPRESENTATIONMAP(#4093,#4263);
#4093=IFCAXIS2PLACEMENT3D(#4094,#4095,#4096);
#4094=IFCCARTESIANPOINT((0.,0.,0.));
#4095=IFCDIRECTION((0.,0.,1.));
#4096=IFCDIRECTION((1.,0.,0.));
#4114=IFCWINDOW('0I6NeNJqL4re$n6pG_PToj',$,'Window',$,$,#4288,#4124,$,0.89999997615814209,0.79944390058517456,$,.SINGLE_PANEL.,$);
#4116=IFCRELDEFINESBYTYPE('31S0E0aln8L8tVWobd7eHM',$,$,$,(#4114),#4033);
#4117=IFCCARTESIANPOINT((0.,0.,0.));
#4118=IFCDIRECTION((1.,0.,0.));
#4119=IFCDIRECTION((0.,1.,0.));
#4120=IFCDIRECTION((0.,0.,1.));
#4121=IFCCARTESIANTRANSFORMATIONOPERATOR3D(#4118,#4119,#4117,1.,#4120);
#4122=IFCMAPPEDITEM(#4036,#4121);
#4123=IFCSHAPEREPRESENTATION(#18,'Profile','MappedRepresentation',(#4122));
#4124=IFCPRODUCTDEFINITIONSHAPE($,$,(#4123,#4131,#4138));
#4125=IFCCARTESIANPOINT((0.,0.,0.));
#4126=IFCDIRECTION((1.,0.,0.));
#4127=IFCDIRECTION((0.,1.,0.));
#4128=IFCDIRECTION((0.,0.,1.));
#4129=IFCCARTESIANTRANSFORMATIONOPERATOR3D(#4126,#4127,#4125,1.,#4128);
#4130=IFCMAPPEDITEM(#4044,#4129);
#4131=IFCSHAPEREPRESENTATION(#11,'Body','MappedRepresentation',(#4130));
#4132=IFCCARTESIANPOINT((0.,0.,0.));
#4133=IFCDIRECTION((1.,0.,0.));
#4134=IFCDIRECTION((0.,1.,0.));
#4135=IFCDIRECTION((0.,0.,1.));
#4136=IFCCARTESIANTRANSFORMATIONOPERATOR3D(#4133,#4134,#4132,1.,#4135);
#4137=IFCMAPPEDITEM(#4092,#4136);
#4138=IFCSHAPEREPRESENTATION(#24,'Body','MappedRepresentation',(#4137));
#4139=IFCOPENINGELEMENT('3ncF4wqtDDfwheE$ZetYYs',$,'Opening',$,$,#4283,#4167,$,.OPENING.);
#4155=IFCCARTESIANPOINT((0.,0.,0.));
#4156=IFCDIRECTION((1.,0.,0.));
#4157=IFCDIRECTION((0.,0.,1.));
#4158=IFCAXIS2PLACEMENT3D(#4155,#4157,#4156);
#4159=IFCREPRESENTATIONMAP(#4158,#4273);
#4160=IFCCARTESIANPOINT((0.,0.,0.));
#4161=IFCDIRECTION((1.,0.,0.));
#4162=IFCDIRECTION((0.,1.,0.));
#4163=IFCDIRECTION((0.,0.,1.));
#4164=IFCCARTESIANTRANSFORMATIONOPERATOR3D(#4161,#4162,#4160,1.,#4163);
#4165=IFCMAPPEDITEM(#4159,#4164);
#4166=IFCSHAPEREPRESENTATION(#11,'Body','MappedRepresentation',(#4165));
#4167=IFCPRODUCTDEFINITIONSHAPE($,$,(#4166));
#4168=IFCRELVOIDSELEMENT('39i1WXJvj5Xwy0qr9EcWiO',$,$,$,#192,#4139);
#4174=IFCRELFILLSELEMENT('3y0sdfvMD9vRuRn9axRWO6',$,$,$,#4139,#4114);
#4195=IFCCARTESIANPOINTLIST3D(((0.,0.,0.),(0.79944390058517456,0.,0.),(0.79944390058517456,0.,0.89999997615814209),(0.,0.,0.89999997615814209)));
#4196=IFCINDEXEDPOLYCURVE(#4195,(IFCLINEINDEX((1,2,3,4,1))),$);
#4197=IFCSHAPEREPRESENTATION(#18,'Profile','Curve3D',(#4196));
#4198=IFCCARTESIANPOINTLIST2D(((0.,0.),(0.79944390058517456,0.),(0.79944390058517456,0.89999997615814209),(0.,0.89999997615814209)));
#4199=IFCINDEXEDPOLYCURVE(#4198,(IFCLINEINDEX((1,2,3,4,1))),$);
#4200=IFCCARTESIANPOINTLIST2D(((0.02500000037252903,0.02500000037252903),(0.77444390021264553,0.02500000037252903),(0.77444390021264553,0.87499997578561306),(0.02500000037252903,0.87499997578561306)));
#4201=IFCINDEXEDPOLYCURVE(#4200,(IFCLINEINDEX((1,2,3,4,1))),$);
#4202=IFCARBITRARYPROFILEDEFWITHVOIDS(.AREA.,$,#4199,(#4201));
#4203=IFCCARTESIANPOINT((0.,0.090000001713633537,0.));
#4204=IFCDIRECTION((0.,-1.,0.));
#4205=IFCDIRECTION((1.,0.,0.));
#4206=IFCAXIS2PLACEMENT3D(#4203,#4204,#4205);
#4207=IFCDIRECTION((0.,0.,-1.));
#4208=IFCEXTRUDEDAREASOLID(#4202,#4206,#4207,0.0099999997764825821);
#4209=IFCCARTESIANPOINTLIST2D(((0.,0.),(0.79944390058517456,0.),(0.79944390058517456,0.89999997615814209),(0.,0.89999997615814209)));
#4210=IFCINDEXEDPOLYCURVE(#4209,(IFCLINEINDEX((1,2,3,4,1))),$);
#4211=IFCCARTESIANPOINTLIST2D(((0.05000000074505806,0.05000000074505806),(0.7494438998401165,0.05000000074505806),(0.7494438998401165,0.84999997541308403),(0.05000000074505806,0.84999997541308403)));
#4212=IFCINDEXEDPOLYCURVE(#4211,(IFCLINEINDEX((1,2,3,4,1))),$);
#4213=IFCARBITRARYPROFILEDEFWITHVOIDS(.AREA.,$,#4210,(#4212));
#4214=IFCCARTESIANPOINT((0.,0.05000000074505806,0.));
#4215=IFCDIRECTION((0.,-1.,0.));
#4216=IFCDIRECTION((1.,0.,0.));
#4217=IFCAXIS2PLACEMENT3D(#4214,#4215,#4216);
#4218=IFCDIRECTION((0.,0.,-1.));
#4219=IFCEXTRUDEDAREASOLID(#4213,#4217,#4218,0.040000000968575478);
#4220=IFCCARTESIANPOINTLIST2D(((0.,0.),(0.7494438998401165,0.),(0.7494438998401165,0.84999997541308403),(0.,0.84999997541308403)));
#4221=IFCINDEXEDPOLYCURVE(#4220,(IFCLINEINDEX((1,2,3,4,1))),$);
#4222=IFCCARTESIANPOINTLIST2D(((0.035000000149011612,0.035000000149011612),(0.71444389969110489,0.035000000149011612),(0.71444389969110489,0.81499997526407242),(0.035000000149011612,0.81499997526407242)));
#4223=IFCINDEXEDPOLYCURVE(#4222,(IFCLINEINDEX((1,2,3,4,1))),$);
#4224=IFCARBITRARYPROFILEDEFWITHVOIDS(.AREA.,$,#4221,(#4223));
#4225=IFCCARTESIANPOINT((0.02500000037252903,0.090000001713633537,0.02500000037252903));
#4226=IFCDIRECTION((0.,-1.,0.));
#4227=IFCDIRECTION((1.,0.,0.));
#4228=IFCAXIS2PLACEMENT3D(#4225,#4226,#4227);
#4229=IFCDIRECTION((0.,0.,-1.));
#4230=IFCEXTRUDEDAREASOLID(#4224,#4228,#4229,0.035000000149011612);
#4231=IFCINDEXEDPOLYCURVE(#4232,(IFCLINEINDEX((1,2,3,4,1))),$);
#4232=IFCCARTESIANPOINTLIST2D(((0.035000000149011612,0.035000000149011612),(0.71444389969110489,0.035000000149011612),(0.71444389969110489,0.81499997526407242),(0.035000000149011612,0.81499997526407242)));
#4233=IFCARBITRARYCLOSEDPROFILEDEF(.AREA.,$,#4231);
#4234=IFCCARTESIANPOINT((0.02500000037252903,0.10250000178813934,0.02500000037252903));
#4235=IFCDIRECTION((0.,-1.,0.));
#4236=IFCDIRECTION((1.,0.,0.));
#4237=IFCAXIS2PLACEMENT3D(#4234,#4235,#4236);
#4238=IFCDIRECTION((0.,0.,-1.));
#4239=IFCEXTRUDEDAREASOLID(#4233,#4237,#4238,0.01);
#4240=IFCSHAPEREPRESENTATION(#11,'Body','SweptSolid',(#4208,#4219,#4230,#4239));
#4241=IFCSHAPEREPRESENTATION(#11,'Body','SweptSolid',(#4208,#4219));
#4242=IFCSHAPEASPECT((#4241),'Lining',$,.T.,#4124);
#4243=IFCSHAPEREPRESENTATION(#11,'Body','SweptSolid',(#4230));
#4244=IFCSHAPEASPECT((#4243),'Framing',$,.T.,#4124);
#4245=IFCSHAPEREPRESENTATION(#11,'Body','SweptSolid',(#4239));
#4246=IFCSHAPEASPECT((#4245),'Glazing',$,.T.,#4124);
#4247=IFCCARTESIANPOINTLIST2D(((0.05000000074505806,0.05000000074505806),(0.7494438998401165,0.05000000074505806)));
#4248=IFCINDEXEDPOLYCURVE(#4247,$,$);
#4249=IFCCARTESIANPOINTLIST2D(((0.,0.10000000149011612),(0.02500000037252903,0.10000000149011612),(0.02500000037252903,0.090000001713633537),(0.05000000074505806,0.090000001713633537),(0.05000000074505806,0.05000000074505806),(0.,0.05000000074505806)));
#4250=IFCINDEXEDPOLYCURVE(#4249,(IFCLINEINDEX((1,2,3,4,5,6,1))),$);
#4251=IFCCARTESIANPOINTLIST2D(((0.79944390058517456,0.10000000149011612),(0.77444390021264553,0.10000000149011612),(0.77444390021264553,0.090000001713633537),(0.7494438998401165,0.090000001713633537),(0.7494438998401165,0.05000000074505806),(0.79944390058517456,0.05000000074505806)));
#4252=IFCINDEXEDPOLYCURVE(#4251,(IFCLINEINDEX((1,2,3,4,5,6,1))),$);
#4253=IFCCARTESIANPOINTLIST2D(((0.02500000037252903,0.090000001713633537),(0.060000000521540642,0.090000001713633537),(0.060000000521540642,0.12500000186264515),(0.02500000037252903,0.12500000186264515)));
#4254=IFCINDEXEDPOLYCURVE(#4253,(IFCLINEINDEX((1,2,3,4,1))),$);
#4255=IFCINDEXEDPOLYCURVE(#4256,(IFCLINEINDEX((1,2,3,4,1))),$);
#4256=IFCCARTESIANPOINTLIST2D(((0.77444390021264553,0.090000001713633537),(0.73944390006363392,0.090000001713633537),(0.73944390006363392,0.12500000186264515),(0.77444390021264553,0.12500000186264515)));
#4257=IFCCARTESIANPOINTLIST2D(((0.060000000521540642,0.090000001713633537),(0.73944390006363392,0.090000001713633537)));
#4258=IFCINDEXEDPOLYCURVE(#4257,$,$);
#4259=IFCINDEXEDPOLYCURVE(#4260,$,$);
#4260=IFCCARTESIANPOINTLIST2D(((0.060000000521540642,0.12500000186264515),(0.73944390006363392,0.12500000186264515)));
#4261=IFCINDEXEDPOLYCURVE(#4262,$,$);
#4262=IFCCARTESIANPOINTLIST2D(((0.060000000521540642,0.10750000178813934),(0.73944390006363392,0.10750000178813934)));
#4263=IFCSHAPEREPRESENTATION(#24,'Body','Curve2D',(#4248,#4250,#4252,#4254,#4255,#4258,#4259,#4261));
#4264=IFCCARTESIANPOINTLIST2D(((0.,0.),(0.79944390058517456,0.),(0.79944390058517456,0.89999997615814209),(0.,0.89999997615814209)));
#4265=IFCINDEXEDPOLYCURVE(#4264,(IFCLINEINDEX((1,2,3,4,1))),$);
#4266=IFCARBITRARYCLOSEDPROFILEDEF(.AREA.,$,#4265);
#4267=IFCCARTESIANPOINT((0.,-0.60000002384185791,0.));
#4268=IFCDIRECTION((0.,-1.,0.));
#4269=IFCDIRECTION((1.,0.,0.));
#4270=IFCAXIS2PLACEMENT3D(#4267,#4268,#4269);
#4271=IFCDIRECTION((0.,0.,-1.));
#4272=IFCEXTRUDEDAREASOLID(#4266,#4270,#4271,1.2);
#4273=IFCSHAPEREPRESENTATION(#11,'Body','SweptSolid',(#4272));
#4279=IFCCARTESIANPOINT((0.76778364181531289,-1.7785117734092637E-07,1.));
#4280=IFCDIRECTION((0.,0.,1.));
#4281=IFCDIRECTION((0.99999999999997158,-2.3841857910149749E-07,0.));
#4282=IFCAXIS2PLACEMENT3D(#4279,#4280,#4281);
#4283=IFCLOCALPLACEMENT(#203,#4282);
#4284=IFCCARTESIANPOINT((1.1102230246251565E-16,0.,0.));
#4285=IFCDIRECTION((0.,0.,1.));
#4286=IFCDIRECTION((1.,0.,0.));
#4287=IFCAXIS2PLACEMENT3D(#4284,#4285,#4286);
#4288=IFCLOCALPLACEMENT(#4283,#4287);
#4289=IFCCARTESIANPOINT((0.,0.,3.));
#4290=IFCDIRECTION((0.,0.,1.));
#4291=IFCDIRECTION((1.,0.,0.));
#4292=IFCAXIS2PLACEMENT3D(#4289,#4290,#4291);
#4293=IFCLOCALPLACEMENT(#56,#4292);
#4376=IFCSLAB('3Gax932IP0zw4VHwmwm1lK',$,'Slab',$,$,#4384,#4391,$,$);
#4377=IFCRELCONTAINEDINSPATIALSTRUCTURE('2aGJbVIab8a86YuQQe8cUF',$,$,$,(#5634,#9518,#11915,#11717,#11541,#4727,#11563,#9492,#4652,#9701,#11629,#4577,#6166,#9450,#4513,#11805,#11827,#9846,#11893,#5532,#11996,#6478,#11959,#4702,#11739,#4627,#5844,#7112,#8866,#11871,#8047,#6764,#4552,#4376,#5430,#9471,#9429,#4752,#9592,#11783,#8302,#7404,#7723,#11937,#5333,#4677,#4602,#8557,#9402,#11607,#11849,#11761,#12018,#12045,#12067),#39);
#4378=IFCMATERIALLAYERSETUSAGE(#1306,.AXIS3.,.POSITIVE.,-0.10000000149011612,$);
#4379=IFCRELASSOCIATESMATERIAL('01Ev9dDWj8jAkSoc3qetnV',$,$,$,(#4376),#4378);
#4380=IFCCARTESIANPOINT((4.2174768447875977,-2.6000680923461914,0.));
#4381=IFCDIRECTION((0.,0.,1.));
#4382=IFCDIRECTION((1.,0.,0.));
#4383=IFCAXIS2PLACEMENT3D(#4380,#4381,#4382);
#4384=IFCLOCALPLACEMENT(#4293,#4383);
#4385=IFCCARTESIANPOINTLIST2D(((0.,0.),(4.76837158203125E-07,9.1099996566772461),(-3.4500007629394531,9.1099987030029297),(-3.4500002861022949,7.6399993896484375),(-7.0000004768371582,7.6400008201599121),(-6.9999995231628418,2.5),(-4.,2.5),(-3.9900002479553223,0.),(0.,0.)));
#4386=IFCINDEXEDPOLYCURVE(#4385,$,$);
#4387=IFCDIRECTION((0.,0.,1.));
#4388=IFCARBITRARYCLOSEDPROFILEDEF(.AREA.,$,#4386);
#4389=IFCEXTRUDEDAREASOLID(#4388,#4398,#4387,0.10000000000000001);
#4390=IFCSHAPEREPRESENTATION(#11,'Body','SweptSolid',(#4389));
#4391=IFCPRODUCTDEFINITIONSHAPE($,$,(#4390));
#4392=IFCPROPERTYSET('1reyGRUjTEdw1NvOQ8gDxg',$,'EPset_Parametric',$,(#4394));
#4393=IFCRELDEFINESBYPROPERTIES('1ikLGmZpT0_eb_XM3xIUev',$,$,$,(#4376),#4392);
#4394=IFCPROPERTYSINGLEVALUE('Engine',$,IFCLABEL('Bonsai.DumbLayer3'),$);
#4395=IFCCARTESIANPOINT((-0.,-0.,-0.10000000149011612));
#4396=IFCDIRECTION((0.,0.,1.));
#4397=IFCDIRECTION((1.,0.,0.));
#4398=IFCAXIS2PLACEMENT3D(#4395,#4396,#4397);
#4399=IFCROOFTYPE('2o5ilhjkn21BIy3Nij_vdM',$,'Unnamed',$,$,(#4400),(#4429,#4457),$,$,.HIP_ROOF.);
#4400=IFCPROPERTYSET('3n7JNdBWPByfb7ZSKZPeNb',$,'BBIM_Roof',$,(#4401));
#4401=IFCPROPERTYSINGLEVALUE('Data',$,IFCTEXT('{"roof_type": "HIP/GABLE ROOF", "generation_method": "ANGLE", "roof_thickness": 0.10000000149011612, "rafter_edge_angle": 1.5707963705062866, "angle": 0.1745329201221466, "percentage": 17.63269805908203, "path_data": {"edges": [[0, 1], [1, 2], [2, 3], [3, 0]], "verts": [[-5.0, -5.0, 0.0], [-5.0, 5.0, 0.0], [5.0, 5.0, 0.0], [5.0, -5.0, 0.0]]}}'),$);
#4425=IFCCARTESIANPOINT((0.,0.,0.));
#4426=IFCDIRECTION((1.,0.,0.));
#4427=IFCDIRECTION((0.,0.,1.));
#4428=IFCAXIS2PLACEMENT3D(#4425,#4427,#4426);
#4429=IFCREPRESENTATIONMAP(#4428,#4448);
#4430=IFCINDEXEDPOLYGONALFACE((3,1,2));
#4431=IFCINDEXEDPOLYGONALFACE((2,4,3));
#4432=IFCINDEXEDPOLYGONALFACE((1,3,5));
#4433=IFCINDEXEDPOLYGONALFACE((4,5,3));
#4434=IFCINDEXEDPOLYGONALFACE((6,7,8));
#4435=IFCINDEXEDPOLYGONALFACE((8,2,1));
#4436=IFCINDEXEDPOLYGONALFACE((8,1,6));
#4437=IFCINDEXEDPOLYGONALFACE((8,7,9));
#4438=IFCINDEXEDPOLYGONALFACE((2,8,9));
#4439=IFCINDEXEDPOLYGONALFACE((2,9,4));
#4440=IFCINDEXEDPOLYGONALFACE((10,7,6));
#4441=IFCINDEXEDPOLYGONALFACE((6,1,5));
#4442=IFCINDEXEDPOLYGONALFACE((6,5,10));
#4443=IFCINDEXEDPOLYGONALFACE((9,7,10));
#4444=IFCINDEXEDPOLYGONALFACE((4,9,10));
#4445=IFCINDEXEDPOLYGONALFACE((4,10,5));
#4446=IFCCARTESIANPOINTLIST3D(((-5.,-5.,0.),(5.,-5.,0.),(0.,0.,0.88163489103317261),(5.,5.,0.),(-5.,5.,0.),(-5.,-5.,-0.10154265910387039),(0.,0.,0.78009223937988281),(5.,-5.,-0.10154265910387039),(5.,5.,-0.10154265910387039),(-5.,5.,-0.10154265910387039)));
#4447=IFCPOLYGONALFACESET(#4446,.T.,(#4430,#4431,#4432,#4433,#4434,#4435,#4436,#4437,#4438,#4439,#4440,#4441,#4442,#4443,#4444,#4445),$);
#4448=IFCSHAPEREPRESENTATION(#11,'Body','Tessellation',(#4447));
#4450=IFCCARTESIANPOINT((-5.,-5.,-0.10154265910387039));
#4451=IFCBOUNDINGBOX(#4450,10.,10.,0.9831775426864624);
#4452=IFCSHAPEREPRESENTATION(#13,'Box','BoundingBox',(#4451));
#4453=IFCCARTESIANPOINT((0.,0.,0.));
#4454=IFCDIRECTION((1.,0.,0.));
#4455=IFCDIRECTION((0.,0.,1.));
#4456=IFCAXIS2PLACEMENT3D(#4453,#4455,#4454);
#4457=IFCREPRESENTATIONMAP(#4456,#4452);
#4459=IFCRELDEFINESBYTYPE('07Zeh$_sbAUwWhiLEPO5w7',$,$,$,(#9018),#4399);
#4507=IFCWALLTYPE('1E4KJGqcPEM8pbnasEImnX',$,'WALL-2F',$,$,(#4508),$,$,$,.SOLIDWALL.);
#4508=IFCPROPERTYSET('1yNlswIVD3xuDCMB3mkV2e',$,'EPset_Parametric',$,(#4509));
#4509=IFCPROPERTYSINGLEVALUE('LayerSetDirection',$,IFCLABEL('AXIS2'),$);
#4510=IFCRELASSOCIATESMATERIAL('1A3m0F_L99V8JvYxQfkpn3',$,$,$,(#4507),#4511);
#4511=IFCMATERIALLAYERSET((#4512),$,$);
#4512=IFCMATERIALLAYER(#84,0.10000000000000001,$,$,$,$,$);
#4513=IFCWALL('0jU8IK4FvD3wYnWrwinnef',$,'Wall',$,$,#5235,#4520,$,$);
#4514=IFCRELDEFINESBYTYPE('1e14hFYC17$xr0YqArBouo',$,$,$,(#4513,#4627,#4727,#4552,#4677,#4702,#4602,#4752,#4652,#4577),#4507);
#4515=IFCMATERIALLAYERSETUSAGE(#4511,.AXIS2.,.POSITIVE.,0.,$);
#4516=IFCRELASSOCIATESMATERIAL('1dwOuVsuTETv_7bEXaLEtW',$,$,$,(#4513),#4515);
#4520=IFCPRODUCTDEFINITIONSHAPE($,$,(#5314,#5311));
#4536=IFCPROPERTYSET('3khY38fXf2Ewa56I3p7_4w',$,'EPset_Parametric',$,(#4538));
#4537=IFCRELDEFINESBYPROPERTIES('0iQnPhmOH1_BSB31RKYUiC',$,$,$,(#4513),#4536);
#4538=IFCPROPERTYSINGLEVALUE('Engine',$,IFCLABEL('Bonsai.DumbLayer2'),$);
#4552=IFCWALL('0nPIkwGpTE39zUZ4yPHEZa',$,'Wall',$,$,#5332,#4558,$,$);
#4553=IFCMATERIALLAYERSETUSAGE(#4511,.AXIS2.,.POSITIVE.,0.,$);
#4554=IFCRELASSOCIATESMATERIAL('13TqGvjj5BoBXzrCeU6uYO',$,$,$,(#4552),#4553);
#4558=IFCPRODUCTDEFINITIONSHAPE($,$,(#5735,#5732));
#4574=IFCPROPERTYSET('0I7CUkPG15cPpS3fhzPwuu',$,'EPset_Parametric',$,(#4576));
#4575=IFCRELDEFINESBYPROPERTIES('0Czuzg9$b0kxipmA53Y1et',$,$,$,(#4552),#4574);
#4576=IFCPROPERTYSINGLEVALUE('Engine',$,IFCLABEL('Bonsai.DumbLayer2'),$);
#4577=IFCWALL('3ef1TAHhT8FfB4ES7O0Tq8',$,'Wall',$,$,#4912,#4583,$,$);
#4578=IFCMATERIALLAYERSETUSAGE(#4511,.AXIS2.,.POSITIVE.,0.,$);
#4579=IFCRELASSOCIATESMATERIAL('1a2Ucv0znD_eaxfrOw2hFE',$,$,$,(#4577),#4578);
#4583=IFCPRODUCTDEFINITIONSHAPE($,$,(#4957,#4954));
#4599=IFCPROPERTYSET('2MVLQgCwPCYgYuS0VR$cB4',$,'EPset_Parametric',$,(#4601));
#4600=IFCRELDEFINESBYPROPERTIES('0rjxwHmQ11twDM8ymiYPiJ',$,$,$,(#4577),#4599);
#4601=IFCPROPERTYSINGLEVALUE('Engine',$,IFCLABEL('Bonsai.DumbLayer2'),$);
#4602=IFCWALL('0BXPfXmZf2RwpovEPu70xs',$,'Wall',$,$,#4944,#4608,$,$);
#4603=IFCMATERIALLAYERSETUSAGE(#4511,.AXIS2.,.POSITIVE.,0.,$);
#4604=IFCRELASSOCIATESMATERIAL('0WyCaZCTDBAx4Hobwv8uRk',$,$,$,(#4602),#4603);
#4608=IFCPRODUCTDEFINITIONSHAPE($,$,(#4984,#4981));
#4624=IFCPROPERTYSET('1SUjCpEmX9OAERlMTwFyeK',$,'EPset_Parametric',$,(#4626));
#4625=IFCRELDEFINESBYPROPERTIES('2nBti7VKv0SBNRjxeeRXQd',$,$,$,(#4602),#4624);
#4626=IFCPROPERTYSINGLEVALUE('Engine',$,IFCLABEL('Bonsai.DumbLayer2'),$);
#4627=IFCWALL('1Ymnfj2YXF0fJf4FuSDx2H',$,'Wall',$,$,#4638,#4633,$,$);
#4628=IFCMATERIALLAYERSETUSAGE(#4511,.AXIS2.,.POSITIVE.,0.,$);
#4629=IFCRELASSOCIATESMATERIAL('3k4J8H2Rb5DvVmBKDvHGTA',$,$,$,(#4627),#4628);
#4633=IFCPRODUCTDEFINITIONSHAPE($,$,(#5402,#5399));
#4634=IFCCARTESIANPOINT((0.20747764408588409,5.5207004547119141,0.));
#4635=IFCDIRECTION((0.,0.,1.));
#4636=IFCDIRECTION((-0.99999999999992428,3.8941436741876494E-07,0.));
#4637=IFCAXIS2PLACEMENT3D(#4634,#4635,#4636);
#4638=IFCLOCALPLACEMENT(#4293,#4637);
#4649=IFCPROPERTYSET('13V5o0DVT4YfU__t73ICLX',$,'EPset_Parametric',$,(#4651));
#4650=IFCRELDEFINESBYPROPERTIES('0VamIdkz1CuR5LipoNfUE_',$,$,$,(#4627),#4649);
#4651=IFCPROPERTYSINGLEVALUE('Engine',$,IFCLABEL('Bonsai.DumbLayer2'),$);
#4652=IFCWALL('1NZ9UsqibCHhi2Fn7oY$nF',$,'Wall',$,$,#5003,#4658,$,$);
#4653=IFCMATERIALLAYERSETUSAGE(#4511,.AXIS2.,.POSITIVE.,0.,$);
#4654=IFCRELASSOCIATESMATERIAL('0Itrqx4TPCtOmwlrudszjb',$,$,$,(#4652),#4653);
#4658=IFCPRODUCTDEFINITIONSHAPE($,$,(#5504,#5501));
#4674=IFCPROPERTYSET('0ljaPgql12AvitGVF2ttgo',$,'EPset_Parametric',$,(#4676));
#4675=IFCRELDEFINESBYPROPERTIES('2KQWCjsO52AgikckP76iIW',$,$,$,(#4652),#4674);
#4676=IFCPROPERTYSINGLEVALUE('Engine',$,IFCLABEL('Bonsai.DumbLayer2'),$);
#4677=IFCWALL('3_eezcdn151A8yjNutrXoF',$,'Wall',$,$,#5035,#4683,$,$);
#4678=IFCMATERIALLAYERSETUSAGE(#4511,.AXIS2.,.POSITIVE.,0.,$);
#4679=IFCRELASSOCIATESMATERIAL('3NF37whOj2iwIRg6PuYv1b',$,$,$,(#4677),#4678);
#4683=IFCPRODUCTDEFINITIONSHAPE($,$,(#5429,#5426));
#4699=IFCPROPERTYSET('3NyFqC7PXAeBUk2xJYn2nt',$,'EPset_Parametric',$,(#4701));
#4700=IFCRELDEFINESBYPROPERTIES('2$vUnj235FavwMXMbKr9F6',$,$,$,(#4677),#4699);
#4701=IFCPROPERTYSINGLEVALUE('Engine',$,IFCLABEL('Bonsai.DumbLayer2'),$);
#4702=IFCWALL('1Utw_Drsj6Bxk8xtsW4tEs',$,'Wall',$,$,#5067,#4708,$,$);
#4703=IFCMATERIALLAYERSETUSAGE(#4511,.AXIS2.,.POSITIVE.,0.,$);
#4704=IFCRELASSOCIATESMATERIAL('23nOqt1h9ELO0qfwbtrE1q',$,$,$,(#4702),#4703);
#4708=IFCPRODUCTDEFINITIONSHAPE($,$,(#5112,#5109));
#4724=IFCPROPERTYSET('1oKaKw5QzDjftZnkp8JuBy',$,'EPset_Parametric',$,(#4726));
#4725=IFCRELDEFINESBYPROPERTIES('2UkQxX5m12wxhG5ndwINat',$,$,$,(#4702),#4724);
#4726=IFCPROPERTYSINGLEVALUE('Engine',$,IFCLABEL('Bonsai.DumbLayer2'),$);
#4727=IFCWALL('0d7_qyy0b1f9nO7yW8vkBO',$,'Wall',$,$,#5099,#4733,$,$);
#4728=IFCMATERIALLAYERSETUSAGE(#4511,.AXIS2.,.POSITIVE.,0.,$);
#4729=IFCRELASSOCIATESMATERIAL('32JhR2OcL44A1A_RMBn2MI',$,$,$,(#4727),#4728);
#4733=IFCPRODUCTDEFINITIONSHAPE($,$,(#5139,#5136));
#4749=IFCPROPERTYSET('1MFA4KrcD0DhUMIKw9Udd$',$,'EPset_Parametric',$,(#4751));
#4750=IFCRELDEFINESBYPROPERTIES('1Bl1Okf0n0Qegnq6unvED_',$,$,$,(#4727),#4749);
#4751=IFCPROPERTYSINGLEVALUE('Engine',$,IFCLABEL('Bonsai.DumbLayer2'),$);
#4752=IFCWALL('0YvcKkkfL1px4fwSS0oJqD',$,'Wall',$,$,#4763,#4758,$,$);
#4753=IFCMATERIALLAYERSETUSAGE(#4511,.AXIS2.,.POSITIVE.,0.,$);
#4754=IFCRELASSOCIATESMATERIAL('23$zAAf_z9ORflzYfLvFpB',$,$,$,(#4752),#4753);
#4758=IFCPRODUCTDEFINITIONSHAPE($,$,(#5249,#5246));
#4759=IFCCARTESIANPOINT((1.8074779510498047,-2.2292990684509277,0.));
#4760=IFCDIRECTION((0.,0.,1.));
#4761=IFCDIRECTION((-1.6292068494294437E-07,-0.99999999999998668,0.));
#4762=IFCAXIS2PLACEMENT3D(#4759,#4760,#4761);
#4763=IFCLOCALPLACEMENT(#4293,#4762);
#4774=IFCPROPERTYSET('21$Bxuys1EVgucfhHS0bNS',$,'EPset_Parametric',$,(#4776));
#4775=IFCRELDEFINESBYPROPERTIES('2mOGfi7JHFOBCn8hZuau2k',$,$,$,(#4752),#4774);
#4776=IFCPROPERTYSINGLEVALUE('Engine',$,IFCLABEL('Bonsai.DumbLayer2'),$);
#4894=IFCRELCONNECTSPATHELEMENTS('0TWyvLu4XEEPZ5sVGdvZuO',$,$,$,$,#4577,#4552,(),(),.ATEND.,.ATSTART.);
#4908=IFCCARTESIANPOINT((4.2174775695674969,6.4807004928589071,0.));
#4909=IFCDIRECTION((0.,0.,1.));
#4910=IFCDIRECTION((-0.99999999999999623,8.7422776573475527E-08,0.));
#4911=IFCAXIS2PLACEMENT3D(#4908,#4909,#4910);
#4912=IFCLOCALPLACEMENT(#4293,#4911);
#4926=IFCRELCONNECTSPATHELEMENTS('2YxFDN4HbAXRQPEGqX6zoW',$,$,$,$,#4602,#4577,(),(),.ATEND.,.ATSTART.);
#4940=IFCCARTESIANPOINT((0.20747756958005165,6.4807008434242421,0.));
#4941=IFCDIRECTION((0.,0.,1.));
#4942=IFCDIRECTION((7.5497901264043123E-08,-0.99999999999999722,0.));
#4943=IFCAXIS2PLACEMENT3D(#4940,#4941,#4942);
#4944=IFCLOCALPLACEMENT(#4293,#4943);
#4945=IFCCARTESIANPOINTLIST2D(((0.,0.),(0.09999999880751248,0.10000000000000001),(3.9099999836953914,0.10000000000000001),(4.0099999999874605,0.)));
#4946=IFCINDEXEDPOLYCURVE(#4945,(IFCLINEINDEX((1,2,3,4,1))),$);
#4947=IFCARBITRARYCLOSEDPROFILEDEF(.AREA.,$,#4946);
#4948=IFCCARTESIANPOINT((0.,0.,0.));
#4949=IFCDIRECTION((0.,0.,1.));
#4950=IFCDIRECTION((1.,0.,0.));
#4951=IFCAXIS2PLACEMENT3D(#4948,#4949,#4950);
#4952=IFCDIRECTION((0.,0.,1.));
#4953=IFCEXTRUDEDAREASOLID(#4947,#4951,#4952,3.);
#4954=IFCSHAPEREPRESENTATION(#11,'Body','SweptSolid',(#4953));
#4955=IFCCARTESIANPOINTLIST2D(((0.,0.),(4.0099999999874605,0.)));
#4956=IFCINDEXEDPOLYCURVE(#4955,$,$);
#4957=IFCSHAPEREPRESENTATION(#23,'Axis','Curve2D',(#4956));
#4958=IFCRELCONNECTSPATHELEMENTS('3h8ONLupLADgPNhwZwGrUm',$,$,$,$,#4627,#4602,(),(),.ATEND.,.ATSTART.);
#4972=IFCCARTESIANPOINTLIST2D(((0.,0.),(0.10000001629206913,0.10000000000000001),(1.0600004352035672,0.10000000000000001),(0.96000038871232962,0.)));
#4973=IFCINDEXEDPOLYCURVE(#4972,(IFCLINEINDEX((1,2,3,4,1))),$);
#4974=IFCARBITRARYCLOSEDPROFILEDEF(.AREA.,$,#4973);
#4975=IFCCARTESIANPOINT((0.,0.,0.));
#4976=IFCDIRECTION((0.,0.,1.));
#4977=IFCDIRECTION((1.,0.,0.));
#4978=IFCAXIS2PLACEMENT3D(#4975,#4976,#4977);
#4979=IFCDIRECTION((0.,0.,1.));
#4980=IFCEXTRUDEDAREASOLID(#4974,#4978,#4979,3.);
#4981=IFCSHAPEREPRESENTATION(#11,'Body','SweptSolid',(#4980));
#4982=IFCCARTESIANPOINTLIST2D(((0.,0.),(0.96000038871232962,0.)));
#4983=IFCINDEXEDPOLYCURVE(#4982,$,$);
#4984=IFCSHAPEREPRESENTATION(#23,'Axis','Curve2D',(#4983));
#4985=IFCRELCONNECTSPATHELEMENTS('3LbIYCcb530fp0W6TvzXfg',$,$,$,$,#4652,#4627,(),(),.ATEND.,.ATSTART.);
#4999=IFCCARTESIANPOINT((-3.2925224304199889,5.5207018176622293,0.));
#5000=IFCDIRECTION((0.,0.,1.));
#5001=IFCDIRECTION((7.5497901264043123E-08,-0.99999999999999722,0.));
#5002=IFCAXIS2PLACEMENT3D(#4999,#5000,#5001);
#5003=IFCLOCALPLACEMENT(#4293,#5002);
#5017=IFCRELCONNECTSPATHELEMENTS('3XV47vSy920Bjo0j0FWe8H',$,$,$,$,#4677,#4652,(),(),.ATEND.,.ATSTART.);
#5031=IFCCARTESIANPOINT((-3.2925218906099207,-1.6292991638183594,0.));
#5032=IFCDIRECTION((0.,0.,1.));
#5033=IFCDIRECTION((1.,0.,0.));
#5034=IFCAXIS2PLACEMENT3D(#5031,#5032,#5033);
#5035=IFCLOCALPLACEMENT(#4293,#5034);
#5049=IFCRELCONNECTSPATHELEMENTS('1nnjLuVuL2ERLyAMfJGh19',$,$,$,$,#4702,#4677,(),(),.ATEND.,.ATSTART.);
#5063=IFCCARTESIANPOINT((0.25747799873351007,-1.6292991638183594,0.));
#5064=IFCDIRECTION((0.,0.,1.));
#5065=IFCDIRECTION((-4.3711388286737889E-08,-0.99999999999999911,0.));
#5066=IFCAXIS2PLACEMENT3D(#5063,#5064,#5065);
#5067=IFCLOCALPLACEMENT(#4293,#5066);
#5081=IFCRELCONNECTSPATHELEMENTS('2vBiRn9xX91wS2Oj$XPYyI',$,$,$,$,#4727,#4702,(),(),.ATEND.,.ATSTART.);
#5095=IFCCARTESIANPOINT((0.25747797250668125,-2.2292990684509277,0.));
#5096=IFCDIRECTION((0.,0.,1.));
#5097=IFCDIRECTION((1.,0.,0.));
#5098=IFCAXIS2PLACEMENT3D(#5095,#5096,#5097);
#5099=IFCLOCALPLACEMENT(#4293,#5098);
#5100=IFCCARTESIANPOINTLIST2D(((0.,0.),(-0.10000000437113893,0.10000000000000001),(0.4999999002614296,0.10000000000000001),(0.59999990463256858,0.)));
#5101=IFCINDEXEDPOLYCURVE(#5100,(IFCLINEINDEX((1,2,3,4,1))),$);
#5102=IFCARBITRARYCLOSEDPROFILEDEF(.AREA.,$,#5101);
#5103=IFCCARTESIANPOINT((0.,0.,0.));
#5104=IFCDIRECTION((0.,0.,1.));
#5105=IFCDIRECTION((1.,0.,0.));
#5106=IFCAXIS2PLACEMENT3D(#5103,#5104,#5105);
#5107=IFCDIRECTION((0.,0.,1.));
#5108=IFCEXTRUDEDAREASOLID(#5102,#5106,#5107,3.);
#5109=IFCSHAPEREPRESENTATION(#11,'Body','SweptSolid',(#5108));
#5110=IFCCARTESIANPOINTLIST2D(((0.,0.),(0.59999990463256858,0.)));
#5111=IFCINDEXEDPOLYCURVE(#5110,$,$);
#5112=IFCSHAPEREPRESENTATION(#23,'Axis','Curve2D',(#5111));
#5113=IFCRELCONNECTSPATHELEMENTS('19EQFHph166u$Y4QEkbV1Y',$,$,$,$,#4752,#4727,(),(),.ATEND.,.ATSTART.);
#5127=IFCCARTESIANPOINTLIST2D(((0.,0.),(0.10000000437113894,0.10000000000000001),(1.6499999948351936,0.10000000000000001),(1.5499999785431235,0.)));
#5128=IFCINDEXEDPOLYCURVE(#5127,(IFCLINEINDEX((1,2,3,4,1))),$);
#5129=IFCARBITRARYCLOSEDPROFILEDEF(.AREA.,$,#5128);
#5130=IFCCARTESIANPOINT((0.,0.,0.));
#5131=IFCDIRECTION((0.,0.,1.));
#5132=IFCDIRECTION((1.,0.,0.));
#5133=IFCAXIS2PLACEMENT3D(#5130,#5131,#5132);
#5134=IFCDIRECTION((0.,0.,1.));
#5135=IFCEXTRUDEDAREASOLID(#5129,#5133,#5134,3.);
#5136=IFCSHAPEREPRESENTATION(#11,'Body','SweptSolid',(#5135));
#5137=IFCCARTESIANPOINTLIST2D(((0.,0.),(1.5499999785431235,0.)));
#5138=IFCINDEXEDPOLYCURVE(#5137,$,$);
#5139=IFCSHAPEREPRESENTATION(#23,'Axis','Curve2D',(#5138));
#5231=IFCCARTESIANPOINT((4.2174768447875977,-3.0193002223968506,0.));
#5232=IFCDIRECTION((0.,0.,1.));
#5233=IFCDIRECTION((-0.99999999999992428,3.8941436741876494E-07,0.));
#5234=IFCAXIS2PLACEMENT3D(#5231,#5232,#5233);
#5235=IFCLOCALPLACEMENT(#4293,#5234);
#5236=IFCRELCONNECTSPATHELEMENTS('2nQmKm4IXCXwEmykYFrDQL',$,$,$,$,#4752,#4513,(),(),.ATEND.,.ATEND.);
#5237=IFCCARTESIANPOINTLIST2D(((0.,0.),(-0.10000001629206982,0.10000000000000001),(0.79000023810705688,0.10000000000000001),(0.89000021545769115,0.)));
#5238=IFCINDEXEDPOLYCURVE(#5237,(IFCLINEINDEX((1,2,3,4,1))),$);
#5239=IFCARBITRARYCLOSEDPROFILEDEF(.AREA.,$,#5238);
#5240=IFCCARTESIANPOINT((0.,0.,0.));
#5241=IFCDIRECTION((0.,0.,1.));
#5242=IFCDIRECTION((1.,0.,0.));
#5243=IFCAXIS2PLACEMENT3D(#5240,#5241,#5242);
#5244=IFCDIRECTION((0.,0.,1.));
#5245=IFCEXTRUDEDAREASOLID(#5239,#5243,#5244,3.);
#5246=IFCSHAPEREPRESENTATION(#11,'Body','SweptSolid',(#5245));
#5247=IFCCARTESIANPOINTLIST2D(((0.,0.),(0.79000021545768861,0.)));
#5248=IFCINDEXEDPOLYCURVE(#5247,$,$);
#5249=IFCSHAPEREPRESENTATION(#23,'Axis','Curve2D',(#5248));
#5301=IFCRELCONNECTSPATHELEMENTS('27TfVAlyHAJfc73tgF9QJt',$,$,$,$,#4513,#4552,(),(),.ATSTART.,.ATSTART.);
#5302=IFCCARTESIANPOINTLIST2D(((0.10000000000000493,0.),(-3.1391646615474184E-08,0.10000000000000001),(2.4099990073457662,0.10000000000000001),(2.3099990299951316,0.)));
#5303=IFCINDEXEDPOLYCURVE(#5302,(IFCLINEINDEX((1,2,3,4,1))),$);
#5304=IFCARBITRARYCLOSEDPROFILEDEF(.AREA.,$,#5303);
#5305=IFCCARTESIANPOINT((0.,0.,0.));
#5306=IFCDIRECTION((0.,0.,1.));
#5307=IFCDIRECTION((1.,0.,0.));
#5308=IFCAXIS2PLACEMENT3D(#5305,#5306,#5307);
#5309=IFCDIRECTION((0.,0.,1.));
#5310=IFCEXTRUDEDAREASOLID(#5304,#5308,#5309,3.);
#5311=IFCSHAPEREPRESENTATION(#11,'Body','SweptSolid',(#5310));
#5312=IFCCARTESIANPOINTLIST2D(((0.,0.),(2.4099990299951344,0.)));
#5313=IFCINDEXEDPOLYCURVE(#5312,$,$);
#5314=IFCSHAPEREPRESENTATION(#23,'Axis','Curve2D',(#5313));
#5328=IFCCARTESIANPOINT((4.2174768523373807,-3.0193002223968537,0.));
#5329=IFCDIRECTION((0.,0.,1.));
#5330=IFCDIRECTION((7.5497901264043123E-08,0.99999999999999722,0.));
#5331=IFCAXIS2PLACEMENT3D(#5328,#5329,#5330);
#5332=IFCLOCALPLACEMENT(#4293,#5331);
#5333=IFCWALL('0KVrde039F8OcK6YkIj1_1',$,'Wall',$,$,#5375,#5339,$,$);
#5334=IFCMATERIALLAYERSETUSAGE(#85,.AXIS2.,.POSITIVE.,0.,$);
#5335=IFCRELASSOCIATESMATERIAL('3ADCxecmf4CeDCNlynLiCU',$,$,$,(#5333),#5334);
#5339=IFCPRODUCTDEFINITIONSHAPE($,$,(#5708,#5705));
#5355=IFCPROPERTYSET('3hGucYiF1CrfbJZUaDLuyW',$,'EPset_Parametric',$,(#5357));
#5356=IFCRELDEFINESBYPROPERTIES('12dIICjufD5hSdNZvK9Anm',$,$,$,(#5333),#5355);
#5357=IFCPROPERTYSINGLEVALUE('Engine',$,IFCLABEL('Bonsai.DumbLayer2'),$);
#5371=IFCCARTESIANPOINT((0.20747764408588409,5.5207004547119141,0.));
#5372=IFCDIRECTION((0.,0.,1.));
#5373=IFCDIRECTION((1.9470718370939353E-07,-0.99999999999998113,0.));
#5374=IFCAXIS2PLACEMENT3D(#5371,#5372,#5373);
#5375=IFCLOCALPLACEMENT(#4293,#5374);
#5376=IFCRELCONNECTSPATHELEMENTS('3u8TrxHUr5ohXDv9PYv6ts',$,$,$,$,#5333,#4627,(),(),.ATPATH.,.ATSTART.);
#5390=IFCCARTESIANPOINTLIST2D(((0.,0.),(-0.10000004649123767,0.10000000000000001),(3.4000000259870826,0.10000000000000001),(3.5000000724783202,0.)));
#5391=IFCINDEXEDPOLYCURVE(#5390,(IFCLINEINDEX((1,2,3,4,1))),$);
#5392=IFCARBITRARYCLOSEDPROFILEDEF(.AREA.,$,#5391);
#5393=IFCCARTESIANPOINT((0.,0.,0.));
#5394=IFCDIRECTION((0.,0.,1.));
#5395=IFCDIRECTION((1.,0.,0.));
#5396=IFCAXIS2PLACEMENT3D(#5393,#5394,#5395);
#5397=IFCDIRECTION((0.,0.,1.));
#5398=IFCEXTRUDEDAREASOLID(#5392,#5396,#5397,3.);
#5399=IFCSHAPEREPRESENTATION(#11,'Body','SweptSolid',(#5398));
#5400=IFCCARTESIANPOINTLIST2D(((0.,0.),(3.5000000724783202,0.)));
#5401=IFCINDEXEDPOLYCURVE(#5400,$,$);
#5402=IFCSHAPEREPRESENTATION(#23,'Axis','Curve2D',(#5401));
#5403=IFCRELCONNECTSPATHELEMENTS('0U2yqbWR5BzwSFBKq9c8Pp',$,$,$,$,#5333,#4677,(),(),.ATPATH.,.ATEND.);
#5417=IFCCARTESIANPOINTLIST2D(((0.,0.),(0.099999992450210171,0.10000000000000001),(3.6499998937145697,0.10000000000000001),(3.5499998893434306,0.)));
#5418=IFCINDEXEDPOLYCURVE(#5417,(IFCLINEINDEX((1,2,3,4,1))),$);
#5419=IFCARBITRARYCLOSEDPROFILEDEF(.AREA.,$,#5418);
#5420=IFCCARTESIANPOINT((0.,0.,0.));
#5421=IFCDIRECTION((0.,0.,1.));
#5422=IFCDIRECTION((1.,0.,0.));
#5423=IFCAXIS2PLACEMENT3D(#5420,#5421,#5422);
#5424=IFCDIRECTION((0.,0.,1.));
#5425=IFCEXTRUDEDAREASOLID(#5419,#5423,#5424,3.);
#5426=IFCSHAPEREPRESENTATION(#11,'Body','SweptSolid',(#5425));
#5427=IFCCARTESIANPOINTLIST2D(((0.,0.),(3.5499998893434306,0.)));
#5428=IFCINDEXEDPOLYCURVE(#5427,$,$);
#5429=IFCSHAPEREPRESENTATION(#23,'Axis','Curve2D',(#5428));
#5430=IFCWALL('0gVgAIcaT9gu8dkFXD3hup',$,'Wall',$,$,#5491,#5436,$,$);
#5431=IFCMATERIALLAYERSETUSAGE(#85,.AXIS2.,.POSITIVE.,0.,$);
#5432=IFCRELASSOCIATESMATERIAL('3Dl1ZEcQT5hA4I0aaQkS03',$,$,$,(#5430),#5431);
#5436=IFCPRODUCTDEFINITIONSHAPE($,$,(#5518,#5515));
#5452=IFCPROPERTYSET('0jbePTFLX5QPavwCiiGH9I',$,'EPset_Parametric',$,(#5454));
#5453=IFCRELDEFINESBYPROPERTIES('1$8aumw59DH95RsMVGJHIi',$,$,$,(#5430),#5452);
#5454=IFCPROPERTYSINGLEVALUE('Engine',$,IFCLABEL('Bonsai.DumbLayer2'),$);
#5473=IFCRELCONNECTSPATHELEMENTS('2zb6Uvde9FGv2TNjiNqapz',$,$,$,$,#5430,#4652,(),(),.ATPATH.,.ATSTART.);
#5487=IFCCARTESIANPOINT((-3.2925222022274587,2.4982001781463623,0.));
#5488=IFCDIRECTION((0.,0.,1.));
#5489=IFCDIRECTION((1.,0.,0.));
#5490=IFCAXIS2PLACEMENT3D(#5487,#5488,#5489);
#5491=IFCLOCALPLACEMENT(#4293,#5490);
#5492=IFCCARTESIANPOINTLIST2D(((0.,0.),(0.1000000464912377,0.10000000000000001),(7.0500009890303978,0.10000000000000001),(7.1500009814806083,0.)));
#5493=IFCINDEXEDPOLYCURVE(#5492,(IFCLINEINDEX((1,2,3,4,1))),$);
#5494=IFCARBITRARYCLOSEDPROFILEDEF(.AREA.,$,#5493);
#5495=IFCCARTESIANPOINT((0.,0.,0.));
#5496=IFCDIRECTION((0.,0.,1.));
#5497=IFCDIRECTION((1.,0.,0.));
#5498=IFCAXIS2PLACEMENT3D(#5495,#5496,#5497);
#5499=IFCDIRECTION((0.,0.,1.));
#5500=IFCEXTRUDEDAREASOLID(#5494,#5498,#5499,3.);
#5501=IFCSHAPEREPRESENTATION(#11,'Body','SweptSolid',(#5500));
#5502=IFCCARTESIANPOINTLIST2D(((0.,0.),(7.1500009814806083,0.)));
#5503=IFCINDEXEDPOLYCURVE(#5502,$,$);
#5504=IFCSHAPEREPRESENTATION(#23,'Axis','Curve2D',(#5503));
#5505=IFCRELCONNECTSPATHELEMENTS('3p3pjyfnXCmOihxTSKle8z',$,$,$,$,#5430,#5333,(),(),.ATPATH.,.ATEND.);
#5506=IFCCARTESIANPOINTLIST2D(((0.1000000000000003,0.),(0.099999992450210171,0.10000000000000001),(3.5000004153451409,0.10000000000000001),(3.5000004348158593,0.)));
#5507=IFCINDEXEDPOLYCURVE(#5506,(IFCLINEINDEX((1,2,3,4,1))),$);
#5508=IFCARBITRARYCLOSEDPROFILEDEF(.AREA.,$,#5507);
#5509=IFCCARTESIANPOINT((0.,0.,0.));
#5510=IFCDIRECTION((0.,0.,1.));
#5511=IFCDIRECTION((1.,0.,0.));
#5512=IFCAXIS2PLACEMENT3D(#5509,#5510,#5511);
#5513=IFCDIRECTION((0.,0.,1.));
#5514=IFCEXTRUDEDAREASOLID(#5508,#5512,#5513,3.);
#5515=IFCSHAPEREPRESENTATION(#11,'Body','SweptSolid',(#5514));
#5516=IFCCARTESIANPOINTLIST2D(((0.,0.),(3.5000004348158593,0.)));
#5517=IFCINDEXEDPOLYCURVE(#5516,$,$);
#5518=IFCSHAPEREPRESENTATION(#23,'Axis','Curve2D',(#5517));
#5532=IFCWALL('1r2VSlCPX7Wh_8aAKFL5n8',$,'Wall',$,$,#5593,#5538,$,$);
#5533=IFCMATERIALLAYERSETUSAGE(#85,.AXIS2.,.POSITIVE.,0.,$);
#5534=IFCRELASSOCIATESMATERIAL('3jYsXxoQT03vDTYYkX4x0O',$,$,$,(#5532),#5533);
#5538=IFCPRODUCTDEFINITIONSHAPE($,$,(#5620,#5617));
#5554=IFCPROPERTYSET('0oGRd$I8DBDOl9GUXiFw0P',$,'EPset_Parametric',$,(#5556));
#5555=IFCRELDEFINESBYPROPERTIES('1B9CddIlz338IXoTyOwYjI',$,$,$,(#5532),#5554);
#5556=IFCPROPERTYSINGLEVALUE('Engine',$,IFCLABEL('Bonsai.DumbLayer2'),$);
#5575=IFCRELCONNECTSPATHELEMENTS('2YXBHomJf9cOiPNlqlAghY',$,$,$,$,#5532,#5333,(),(),.ATPATH.,.ATSTART.);
#5589=IFCCARTESIANPOINT((0.20747777110394103,4.8683462142944336,0.));
#5590=IFCDIRECTION((0.,0.,1.));
#5591=IFCDIRECTION((1.,0.,0.));
#5592=IFCAXIS2PLACEMENT3D(#5589,#5590,#5591);
#5593=IFCLOCALPLACEMENT(#4293,#5592);
#5607=IFCRELCONNECTSPATHELEMENTS('2JGq7Sxaz5jg1CgOc_Pvzw',$,$,$,$,#5532,#4552,(),(),.ATPATH.,.ATEND.);
#5608=IFCCARTESIANPOINTLIST2D(((0.10000000000000191,0.),(0.099999980529283536,0.10000000000000001),(3.9099996842839815,0.10000000000000001),(3.9099996767341914,0.)));
#5609=IFCINDEXEDPOLYCURVE(#5608,(IFCLINEINDEX((1,2,3,4,1))),$);
#5610=IFCARBITRARYCLOSEDPROFILEDEF(.AREA.,$,#5609);
#5611=IFCCARTESIANPOINT((0.,0.,0.));
#5612=IFCDIRECTION((0.,0.,1.));
#5613=IFCDIRECTION((1.,0.,0.));
#5614=IFCAXIS2PLACEMENT3D(#5611,#5612,#5613);
#5615=IFCDIRECTION((0.,0.,1.));
#5616=IFCEXTRUDEDAREASOLID(#5610,#5614,#5615,3.);
#5617=IFCSHAPEREPRESENTATION(#11,'Body','SweptSolid',(#5616));
#5618=IFCCARTESIANPOINTLIST2D(((0.,0.),(4.0099996767341919,0.)));
#5619=IFCINDEXEDPOLYCURVE(#5618,$,$);
#5620=IFCSHAPEREPRESENTATION(#23,'Axis','Curve2D',(#5619));
#5634=IFCWALL('1PCziKtpTAcv2st8scE29I',$,'Wall',$,$,#5695,#5640,$,$);
#5635=IFCMATERIALLAYERSETUSAGE(#85,.AXIS2.,.POSITIVE.,0.,$);
#5636=IFCRELASSOCIATESMATERIAL('0m5ITwSej0Cuayjk_BBkJg',$,$,$,(#5634),#5635);
#5640=IFCPRODUCTDEFINITIONSHAPE($,$,(#5722,#5719));
#5656=IFCPROPERTYSET('3n1W110q18gf6viU2tqTdQ',$,'EPset_Parametric',$,(#5658));
#5657=IFCRELDEFINESBYPROPERTIES('3kgoG7wPj2pfz5Q7C7APgc',$,$,$,(#5634),#5656);
#5658=IFCPROPERTYSINGLEVALUE('Engine',$,IFCLABEL('Bonsai.DumbLayer2'),$);
#5677=IFCRELCONNECTSPATHELEMENTS('1WKAhb_TzESgroOvUPSiFM',$,$,$,$,#5634,#5333,(),(),.ATPATH.,.ATSTART.);
#5691=IFCCARTESIANPOINT((0.20747865050633979,0.35180819034576416,0.));
#5692=IFCDIRECTION((0.,0.,1.));
#5693=IFCDIRECTION((1.,0.,0.));
#5694=IFCAXIS2PLACEMENT3D(#5691,#5692,#5693);
#5695=IFCLOCALPLACEMENT(#4293,#5694);
#5696=IFCCARTESIANPOINTLIST2D(((0.10000000000001708,0.),(0.10000005841217219,0.10000000000000001),(7.0499996380011245,0.10000000000000001),(7.0499996185304061,0.)));
#5697=IFCINDEXEDPOLYCURVE(#5696,(IFCLINEINDEX((1,2,3,4,1))),$);
#5698=IFCARBITRARYCLOSEDPROFILEDEF(.AREA.,$,#5697);
#5699=IFCCARTESIANPOINT((0.,0.,0.));
#5700=IFCDIRECTION((0.,0.,1.));
#5701=IFCDIRECTION((1.,0.,0.));
#5702=IFCAXIS2PLACEMENT3D(#5699,#5700,#5701);
#5703=IFCDIRECTION((0.,0.,1.));
#5704=IFCEXTRUDEDAREASOLID(#5698,#5702,#5703,3.);
#5705=IFCSHAPEREPRESENTATION(#11,'Body','SweptSolid',(#5704));
#5706=IFCCARTESIANPOINTLIST2D(((0.,0.),(7.1499996185304084,0.)));
#5707=IFCINDEXEDPOLYCURVE(#5706,$,$);
#5708=IFCSHAPEREPRESENTATION(#23,'Axis','Curve2D',(#5707));
#5709=IFCRELCONNECTSPATHELEMENTS('34RMWo2IP77fO$JAOY4q0R',$,$,$,$,#5634,#4552,(),(),.ATPATH.,.ATEND.);
#5710=IFCCARTESIANPOINTLIST2D(((0.10000000000000191,0.),(0.099999980529283536,0.10000000000000001),(3.9099984638924412,0.10000000000000001),(3.9099984563426511,0.)));
#5711=IFCINDEXEDPOLYCURVE(#5710,(IFCLINEINDEX((1,2,3,4,1))),$);
#5712=IFCARBITRARYCLOSEDPROFILEDEF(.AREA.,$,#5711);
#5713=IFCCARTESIANPOINT((0.,0.,0.));
#5714=IFCDIRECTION((0.,0.,1.));
#5715=IFCDIRECTION((1.,0.,0.));
#5716=IFCAXIS2PLACEMENT3D(#5713,#5714,#5715);
#5717=IFCDIRECTION((0.,0.,1.));
#5718=IFCEXTRUDEDAREASOLID(#5712,#5716,#5717,3.);
#5719=IFCSHAPEREPRESENTATION(#11,'Body','SweptSolid',(#5718));
#5720=IFCCARTESIANPOINTLIST2D(((0.,0.),(4.0099984563426512,0.)));
#5721=IFCINDEXEDPOLYCURVE(#5720,$,$);
#5722=IFCSHAPEREPRESENTATION(#23,'Axis','Curve2D',(#5721));
#5723=IFCCARTESIANPOINTLIST2D(((-0.10000000000000495,0.),(3.1391646615474184E-08,0.10000000000000001),(9.4000007164482753,0.10000000000000001),(9.500000715255787,0.)));
#5724=IFCINDEXEDPOLYCURVE(#5723,(IFCLINEINDEX((1,2,3,4,1))),$);
#5725=IFCARBITRARYCLOSEDPROFILEDEF(.AREA.,$,#5724);
#5726=IFCCARTESIANPOINT((0.,0.,0.));
#5727=IFCDIRECTION((0.,0.,1.));
#5728=IFCDIRECTION((1.,0.,0.));
#5729=IFCAXIS2PLACEMENT3D(#5726,#5727,#5728);
#5730=IFCDIRECTION((0.,0.,1.));
#5731=IFCEXTRUDEDAREASOLID(#5725,#5729,#5730,3.);
#5732=IFCSHAPEREPRESENTATION(#11,'Body','SweptSolid',(#5731));
#5733=IFCCARTESIANPOINTLIST2D(((0.,0.),(9.500000715255787,0.)));
#5734=IFCINDEXEDPOLYCURVE(#5733,$,$);
#5735=IFCSHAPEREPRESENTATION(#23,'Axis','Curve2D',(#5734));
#5736=IFCDOORTYPE('1mTcBvQW93G8yfKHKSv_Oz',$,'BR2-1-2F',$,$,(#5737),(#5739,#5747,#5825),$,$,.DOOR.,.SINGLE_SWING_LEFT.,$,$);
#5737=IFCPROPERTYSET('3yMoY$hgv1bPIw6UxJ5MpM',$,'BBIM_Door',$,(#5738));
#5738=IFCPROPERTYSINGLEVALUE('Data',$,IFCTEXT('{"door_type": "SINGLE_SWING_LEFT", "overall_height": 2.0, "overall_width": 0.8719859719276428, "lining_properties": {"lining_depth": 0.05000000074505806, "lining_thickness": 0.05000000074505806, "lining_offset": 0.0, "lining_to_panel_offset_x": 0.02500000037252903, "lining_to_panel_offset_y": 0.02500000037252903, "transom_thickness": 0.0, "casing_thickness": 0.07500000298023224, "casing_depth": 0.004999999888241291, "threshold_thickness": 0.02500000037252903, "threshold_depth": 0.10000000149011612, "threshold_offset": 0.0}, "panel_properties": {"panel_depth": 0.03500000014901161, "panel_width_ratio": 1.0}}'),$);
#5739=IFCREPRESENTATIONMAP(#5740,#5911);
#5740=IFCAXIS2PLACEMENT3D(#5741,#5742,#5743);
#5741=IFCCARTESIANPOINT((0.,0.,0.));
#5742=IFCDIRECTION((0.,0.,1.));
#5743=IFCDIRECTION((1.,0.,0.));
#5747=IFCREPRESENTATIONMAP(#5748,#5984);
#5748=IFCAXIS2PLACEMENT3D(#5749,#5750,#5751);
#5749=IFCCARTESIANPOINT((0.,0.,0.));
#5750=IFCDIRECTION((0.,0.,1.));
#5751=IFCDIRECTION((1.,0.,0.));
#5825=IFCREPRESENTATIONMAP(#5826,#6002);
#5826=IFCAXIS2PLACEMENT3D(#5827,#5828,#5829);
#5827=IFCCARTESIANPOINT((0.,0.,0.));
#5828=IFCDIRECTION((0.,0.,1.));
#5829=IFCDIRECTION((1.,0.,0.));
#5844=IFCDOOR('2OwTGzBIT6XeB$VQdYqCcx',$,'Door',$,$,#6369,#5853,$,2.,0.87198597192764282,$,.SINGLE_SWING_LEFT.,$);
#5845=IFCRELDEFINESBYTYPE('1Nc$BcAPPDrQaV5sKsg41x',$,$,$,(#5844),#5736);
#5846=IFCCARTESIANPOINT((0.,0.,0.));
#5847=IFCDIRECTION((1.,0.,0.));
#5848=IFCDIRECTION((0.,1.,0.));
#5849=IFCDIRECTION((0.,0.,1.));
#5850=IFCCARTESIANTRANSFORMATIONOPERATOR3D(#5847,#5848,#5846,1.,#5849);
#5851=IFCMAPPEDITEM(#5739,#5850);
#5852=IFCSHAPEREPRESENTATION(#18,'Profile','MappedRepresentation',(#5851));
#5853=IFCPRODUCTDEFINITIONSHAPE($,$,(#5852,#5860,#5867));
#5854=IFCCARTESIANPOINT((0.,0.,0.));
#5855=IFCDIRECTION((1.,0.,0.));
#5856=IFCDIRECTION((0.,1.,0.));
#5857=IFCDIRECTION((0.,0.,1.));
#5858=IFCCARTESIANTRANSFORMATIONOPERATOR3D(#5855,#5856,#5854,1.,#5857);
#5859=IFCMAPPEDITEM(#5747,#5858);
#5860=IFCSHAPEREPRESENTATION(#11,'Body','MappedRepresentation',(#5859));
#5861=IFCCARTESIANPOINT((0.,0.,0.));
#5862=IFCDIRECTION((1.,0.,0.));
#5863=IFCDIRECTION((0.,1.,0.));
#5864=IFCDIRECTION((0.,0.,1.));
#5865=IFCCARTESIANTRANSFORMATIONOPERATOR3D(#5862,#5863,#5861,1.,#5864);
#5866=IFCMAPPEDITEM(#5825,#5865);
#5867=IFCSHAPEREPRESENTATION(#24,'Body','MappedRepresentation',(#5866));
#5868=IFCOPENINGELEMENT('3eJzNWWCX1z9Rfn_CObKhT',$,'Opening',$,$,#6052,#5896,$,.OPENING.);
#5884=IFCCARTESIANPOINT((0.,0.,0.));
#5885=IFCDIRECTION((1.,0.,0.));
#5886=IFCDIRECTION((0.,0.,1.));
#5887=IFCAXIS2PLACEMENT3D(#5884,#5886,#5885);
#5888=IFCREPRESENTATIONMAP(#5887,#6012);
#5889=IFCCARTESIANPOINT((0.,0.,0.));
#5890=IFCDIRECTION((1.,0.,0.));
#5891=IFCDIRECTION((0.,1.,0.));
#5892=IFCDIRECTION((0.,0.,1.));
#5893=IFCCARTESIANTRANSFORMATIONOPERATOR3D(#5890,#5891,#5889,1.,#5892);
#5894=IFCMAPPEDITEM(#5888,#5893);
#5895=IFCSHAPEREPRESENTATION(#11,'Body','MappedRepresentation',(#5894));
#5896=IFCPRODUCTDEFINITIONSHAPE($,$,(#5895));
#5897=IFCRELVOIDSELEMENT('36KkroU112GQEerEd99ovT',$,$,$,#4727,#5868);
#5903=IFCRELFILLSELEMENT('1XFnX9d8v4KhlRQqPihVhv',$,$,$,#5868,#5844);
#5909=IFCCARTESIANPOINTLIST3D(((0.,0.,0.),(0.87198597192764282,0.,0.),(0.87198597192764282,0.,2.),(0.,0.,2.)));
#5910=IFCINDEXEDPOLYCURVE(#5909,(IFCLINEINDEX((1,2,3,4,1))),$);
#5911=IFCSHAPEREPRESENTATION(#18,'Profile','Curve3D',(#5910));
#5912=IFCCARTESIANPOINTLIST2D(((0.,0.),(0.,2.),(0.87198597192764282,2.),(0.87198597192764282,0.),(0.84698597155511379,0.),(0.84698597155511379,1.974999999627471),(0.02500000037252903,1.974999999627471),(0.02500000037252903,0.)));
#5913=IFCINDEXEDPOLYCURVE(#5912,(IFCLINEINDEX((1,2,3,4,5,6,7,8,1))),$);
#5914=IFCARBITRARYCLOSEDPROFILEDEF(.AREA.,$,#5913);
#5915=IFCCARTESIANPOINT((0.,0.02500000037252903,0.));
#5916=IFCDIRECTION((0.,-1.,0.));
#5917=IFCDIRECTION((1.,0.,0.));
#5918=IFCAXIS2PLACEMENT3D(#5915,#5916,#5917);
#5919=IFCDIRECTION((0.,0.,-1.));
#5920=IFCEXTRUDEDAREASOLID(#5914,#5918,#5919,0.02500000037252903);
#5921=IFCCARTESIANPOINTLIST2D(((0.,0.),(0.,2.),(0.87198597192764282,2.),(0.87198597192764282,0.),(0.82198597118258476,0.),(0.82198597118258476,1.9499999992549419),(0.05000000074505806,1.9499999992549419),(0.05000000074505806,0.)));
#5922=IFCINDEXEDPOLYCURVE(#5921,(IFCLINEINDEX((1,2,3,4,5,6,7,8,1))),$);
#5923=IFCARBITRARYCLOSEDPROFILEDEF(.AREA.,$,#5922);
#5924=IFCCARTESIANPOINT((0.,0.,0.));
#5925=IFCDIRECTION((0.,-1.,0.));
#5926=IFCDIRECTION((1.,0.,0.));
#5927=IFCAXIS2PLACEMENT3D(#5924,#5925,#5926);
#5928=IFCDIRECTION((0.,0.,-1.));
#5929=IFCEXTRUDEDAREASOLID(#5923,#5927,#5928,0.02500000037252903);
#5930=IFCCARTESIANPOINTLIST2D(((0.,0.),(0.7719859704375267,0.),(0.7719859704375267,0.10000000149011612),(0.,0.10000000149011612)));
#5931=IFCINDEXEDPOLYCURVE(#5930,(IFCLINEINDEX((1,2,3,4,1))),$);
#5932=IFCARBITRARYCLOSEDPROFILEDEF(.AREA.,$,#5931);
#5933=IFCCARTESIANPOINT((0.05000000074505806,0.,0.));
#5934=IFCDIRECTION((0.,0.,1.));
#5935=IFCDIRECTION((1.,0.,0.));
#5936=IFCAXIS2PLACEMENT3D(#5933,#5934,#5935);
#5937=IFCDIRECTION((0.,0.,1.));
#5938=IFCEXTRUDEDAREASOLID(#5932,#5936,#5937,0.02500000037252903);
#5939=IFCCARTESIANPOINTLIST2D(((0.,0.),(0.,2.0250000022351742),(0.92198597639799118,2.0250000022351742),(0.92198597639799118,0.),(0.84698597341775894,0.),(0.84698597341775894,1.9499999992549419),(0.075000002980232239,1.9499999992549419),(0.075000002980232239,0.)));
#5940=IFCINDEXEDPOLYCURVE(#5939,(IFCLINEINDEX((1,2,3,4,5,6,7,8,1))),$);
#5941=IFCARBITRARYCLOSEDPROFILEDEF(.AREA.,$,#5940);
#5942=IFCCARTESIANPOINT((-0.025000002235174179,-0.004999999888241291,0.));
#5943=IFCDIRECTION((0.,-1.,0.));
#5944=IFCDIRECTION((1.,0.,0.));
#5945=IFCAXIS2PLACEMENT3D(#5942,#5943,#5944);
#5946=IFCDIRECTION((0.,0.,-1.));
#5947=IFCEXTRUDEDAREASOLID(#5941,#5945,#5946,0.004999999888241291);
#5948=IFCCARTESIANPOINTLIST2D(((0.,0.),(0.,2.0250000022351742),(0.92198597639799118,2.0250000022351742),(0.92198597639799118,0.),(0.87198597379028797,0.),(0.87198597379028797,1.974999999627471),(0.050000002607703209,1.974999999627471),(0.050000002607703209,0.)));
#5949=IFCINDEXEDPOLYCURVE(#5948,(IFCLINEINDEX((1,2,3,4,5,6,7,8,1))),$);
#5950=IFCARBITRARYCLOSEDPROFILEDEF(.AREA.,$,#5949);
#5951=IFCCARTESIANPOINT((-0.025000002235174179,0.05000000074505806,0.));
#5952=IFCDIRECTION((0.,-1.,0.));
#5953=IFCDIRECTION((1.,0.,0.));
#5954=IFCAXIS2PLACEMENT3D(#5951,#5952,#5953);
#5955=IFCDIRECTION((0.,0.,-1.));
#5956=IFCEXTRUDEDAREASOLID(#5950,#5954,#5955,0.004999999888241291);
#5957=IFCCARTESIANPOINTLIST2D(((0.,0.),(0.82198597118258476,0.),(0.82198597118258476,0.035000000149011612),(0.,0.035000000149011612)));
#5958=IFCINDEXEDPOLYCURVE(#5957,(IFCLINEINDEX((1,2,3,4,1))),$);
#5959=IFCARBITRARYCLOSEDPROFILEDEF(.AREA.,$,#5958);
#5960=IFCCARTESIANPOINT((0.02500000037252903,0.02500000037252903,0.02500000037252903));
#5961=IFCDIRECTION((0.,0.,1.));
#5962=IFCDIRECTION((1.,0.,0.));
#5963=IFCAXIS2PLACEMENT3D(#5960,#5961,#5962);
#5964=IFCDIRECTION((0.,0.,1.));
#5965=IFCEXTRUDEDAREASOLID(#5959,#5963,#5964,1.9499999992549419);
#5966=IFCCARTESIANPOINTLIST2D(((0.,0.),(0.,-0.040000000000000001),(-0.11999999999999988,-0.040000000000000001),(-0.11999999999999988,-0.02),(-0.020000000000000018,-0.02),(-0.020000000000000018,0.)));
#5967=IFCINDEXEDPOLYCURVE(#5966,(IFCLINEINDEX((1,2,3,4,5,6,1))),$);
#5968=IFCARBITRARYCLOSEDPROFILEDEF(.AREA.,$,#5967);
#5969=IFCCARTESIANPOINT((0.79698597155511375,0.02500000037252903,1.015000000372529));
#5970=IFCDIRECTION((0.,0.,1.));
#5971=IFCDIRECTION((1.,0.,0.));
#5972=IFCAXIS2PLACEMENT3D(#5969,#5970,#5971);
#5973=IFCDIRECTION((0.,0.,1.));
#5974=IFCEXTRUDEDAREASOLID(#5968,#5972,#5973,0.02);
#5975=IFCEXTRUDEDAREASOLID(#5976,#5979,#5983,0.02);
#5976=IFCARBITRARYCLOSEDPROFILEDEF(.AREA.,$,#5977);
#5977=IFCINDEXEDPOLYCURVE(#5978,(IFCLINEINDEX((1,2,3,4,5,6,1))),$);
#5978=IFCCARTESIANPOINTLIST2D(((0.,0.),(0.,0.040000000000000008),(-0.11999999999999988,0.040000000000000008),(-0.11999999999999988,0.020000000000000004),(-0.020000000000000018,0.020000000000000004),(-0.020000000000000018,0.)));
#5979=IFCAXIS2PLACEMENT3D(#5980,#5981,#5982);
#5980=IFCCARTESIANPOINT((0.79698597155511375,0.060000000521540642,1.015000000372529));
#5981=IFCDIRECTION((0.,0.,1.));
#5982=IFCDIRECTION((1.,0.,0.));
#5983=IFCDIRECTION((0.,0.,1.));
#5984=IFCSHAPEREPRESENTATION(#11,'Body','SweptSolid',(#5920,#5929,#5965,#5974,#5975,#5938,#5947,#5956));
#5985=IFCSHAPEREPRESENTATION(#11,'Body','SweptSolid',(#5920,#5929,#5938,#5947,#5956));
#5986=IFCSHAPEASPECT((#5985),'Lining',$,.T.,#5853);
#5987=IFCSHAPEREPRESENTATION(#11,'Body','SweptSolid',(#5965,#5974,#5975));
#5988=IFCSHAPEASPECT((#5987),'Framing',$,.T.,#5853);
#5989=IFCCARTESIANPOINTLIST2D(((0.,0.),(0.,0.05000000074505806),(0.02500000037252903,0.05000000074505806),(0.02500000037252903,0.02500000037252903),(0.05000000074505806,0.02500000037252903),(0.05000000074505806,0.)));
#5990=IFCINDEXEDPOLYCURVE(#5989,(IFCLINEINDEX((1,2,3,4,5,6,1))),$);
#5991=IFCINDEXEDPOLYCURVE(#5992,(IFCLINEINDEX((1,2,3,4,5,6,1))),$);
#5992=IFCCARTESIANPOINTLIST2D(((0.87198597192764282,0.),(0.87198597192764282,0.05000000074505806),(0.84698597155511379,0.05000000074505806),(0.84698597155511379,0.02500000037252903),(0.82198597118258476,0.02500000037252903),(0.82198597118258476,0.)));
#5993=IFCDIRECTION((1.,0.));
#5994=IFCCARTESIANPOINT((0.060000000521540642,0.05000000074505806));
#5995=IFCAXIS2PLACEMENT2D(#5994,#5993);
#5996=IFCELLIPSE(#5995,0.78698597103357315,0.82198597118258476);
#5997=IFCCARTESIANPOINT((0.84698597155511379,0.05000000074505806));
#5998=IFCCARTESIANPOINT((0.060000000521540642,0.87198597192764282));
#5999=IFCTRIMMEDCURVE(#5996,(#5997),(#5998),.T.,.CARTESIAN.);
#6000=IFCCARTESIANPOINTLIST2D(((0.02500000037252903,0.05000000074505806),(0.060000000521540642,0.05000000074505806),(0.060000000521540642,0.87198597192764282),(0.02500000037252903,0.87198597192764282)));
#6001=IFCINDEXEDPOLYCURVE(#6000,(IFCLINEINDEX((1,2,3,4,1))),$);
#6002=IFCSHAPEREPRESENTATION(#24,'Body','Curve2D',(#5990,#5991,#5999,#6001));
#6003=IFCCARTESIANPOINTLIST2D(((0.,0.),(0.87198597192764282,0.),(0.87198597192764282,2.),(0.,2.)));
#6004=IFCINDEXEDPOLYCURVE(#6003,(IFCLINEINDEX((1,2,3,4,1))),$);
#6005=IFCARBITRARYCLOSEDPROFILEDEF(.AREA.,$,#6004);
#6006=IFCCARTESIANPOINT((0.,-0.60000002384185791,0.));
#6007=IFCDIRECTION((0.,-1.,0.));
#6008=IFCDIRECTION((1.,0.,0.));
#6009=IFCAXIS2PLACEMENT3D(#6006,#6007,#6008);
#6010=IFCDIRECTION((0.,0.,-1.));
#6011=IFCEXTRUDEDAREASOLID(#6005,#6009,#6010,1.2);
#6012=IFCSHAPEREPRESENTATION(#11,'Body','SweptSolid',(#6011));
#6048=IFCCARTESIANPOINT((0.25180759668429775,0.015001296997070312,0.));
#6049=IFCDIRECTION((0.,0.,1.));
#6050=IFCDIRECTION((0.99999999999988631,-4.7683715820307079E-07,0.));
#6051=IFCAXIS2PLACEMENT3D(#6048,#6049,#6050);
#6052=IFCLOCALPLACEMENT(#5099,#6051);
#6058=IFCDOORTYPE('07ufgajfv3VO23dSpzXkzV',$,'BR2-2-2F',$,$,(#6059),(#6061,#6069,#6147),$,$,.DOOR.,.SINGLE_SWING_LEFT.,$,$);
#6059=IFCPROPERTYSET('1xxrwYmijAd8uVXOG5f7F8',$,'BBIM_Door',$,(#6060));
#6060=IFCPROPERTYSINGLEVALUE('Data',$,IFCTEXT('{"door_type": "SINGLE_SWING_RIGHT", "overall_height": 2.0, "overall_width": 0.8700384497642517, "lining_properties": {"lining_depth": 0.05000000074505806, "lining_thickness": 0.05000000074505806, "lining_offset": 0.0, "lining_to_panel_offset_x": 0.02500000037252903, "lining_to_panel_offset_y": 0.02500000037252903, "transom_thickness": 0.0, "casing_thickness": 0.07500000298023224, "casing_depth": 0.004999999888241291, "threshold_thickness": 0.02500000037252903, "threshold_depth": 0.10000000149011612, "threshold_offset": 0.0}, "panel_properties": {"panel_depth": 0.03500000014901161, "panel_width_ratio": 1.0}}'),$);
#6061=IFCREPRESENTATIONMAP(#6062,#6248);
#6062=IFCAXIS2PLACEMENT3D(#6063,#6064,#6065);
#6063=IFCCARTESIANPOINT((0.,0.,0.));
#6064=IFCDIRECTION((0.,0.,1.));
#6065=IFCDIRECTION((1.,0.,0.));
#6069=IFCREPRESENTATIONMAP(#6070,#6321);
#6070=IFCAXIS2PLACEMENT3D(#6071,#6072,#6073);
#6071=IFCCARTESIANPOINT((0.,0.,0.));
#6072=IFCDIRECTION((0.,0.,1.));
#6073=IFCDIRECTION((1.,0.,0.));
#6147=IFCREPRESENTATIONMAP(#6148,#6339);
#6148=IFCAXIS2PLACEMENT3D(#6149,#6150,#6151);
#6149=IFCCARTESIANPOINT((0.,0.,0.));
#6150=IFCDIRECTION((0.,0.,1.));
#6151=IFCDIRECTION((1.,0.,0.));
#6166=IFCDOOR('3fxKphf4f0qBPdI9_yu9e$',$,'Door',$,$,#6364,#6175,$,2.,0.87003844976425171,$,.SINGLE_SWING_RIGHT.,$);
#6167=IFCRELDEFINESBYTYPE('0R4y1hIc9F2Be9gdsnCNBd',$,$,$,(#6166),#6058);
#6168=IFCCARTESIANPOINT((0.,0.,0.));
#6169=IFCDIRECTION((1.,0.,0.));
#6170=IFCDIRECTION((0.,1.,0.));
#6171=IFCDIRECTION((0.,0.,1.));
#6172=IFCCARTESIANTRANSFORMATIONOPERATOR3D(#6169,#6170,#6168,1.,#6171);
#6173=IFCMAPPEDITEM(#6061,#6172);
#6174=IFCSHAPEREPRESENTATION(#18,'Profile','MappedRepresentation',(#6173));
#6175=IFCPRODUCTDEFINITIONSHAPE($,$,(#6174,#6182,#6189));
#6176=IFCCARTESIANPOINT((0.,0.,0.));
#6177=IFCDIRECTION((1.,0.,0.));
#6178=IFCDIRECTION((0.,1.,0.));
#6179=IFCDIRECTION((0.,0.,1.));
#6180=IFCCARTESIANTRANSFORMATIONOPERATOR3D(#6177,#6178,#6176,1.,#6179);
#6181=IFCMAPPEDITEM(#6069,#6180);
#6182=IFCSHAPEREPRESENTATION(#11,'Body','MappedRepresentation',(#6181));
#6183=IFCCARTESIANPOINT((0.,0.,0.));
#6184=IFCDIRECTION((1.,0.,0.));
#6185=IFCDIRECTION((0.,1.,0.));
#6186=IFCDIRECTION((0.,0.,1.));
#6187=IFCCARTESIANTRANSFORMATIONOPERATOR3D(#6184,#6185,#6183,1.,#6186);
#6188=IFCMAPPEDITEM(#6147,#6187);
#6189=IFCSHAPEREPRESENTATION(#24,'Body','MappedRepresentation',(#6188));
#6190=IFCOPENINGELEMENT('3JRRSUJs94_BVnK7IvPtfc',$,'Opening',$,$,#6359,#6218,$,.OPENING.);
#6206=IFCCARTESIANPOINT((0.,0.,0.));
#6207=IFCDIRECTION((1.,0.,0.));
#6208=IFCDIRECTION((0.,0.,1.));
#6209=IFCAXIS2PLACEMENT3D(#6206,#6208,#6207);
#6210=IFCREPRESENTATIONMAP(#6209,#6349);
#6211=IFCCARTESIANPOINT((0.,0.,0.));
#6212=IFCDIRECTION((1.,0.,0.));
#6213=IFCDIRECTION((0.,1.,0.));
#6214=IFCDIRECTION((0.,0.,1.));
#6215=IFCCARTESIANTRANSFORMATIONOPERATOR3D(#6212,#6213,#6211,1.,#6214);
#6216=IFCMAPPEDITEM(#6210,#6215);
#6217=IFCSHAPEREPRESENTATION(#11,'Body','MappedRepresentation',(#6216));
#6218=IFCPRODUCTDEFINITIONSHAPE($,$,(#6217));
#6219=IFCRELVOIDSELEMENT('23ssrgluX9$Rj$uvWxamVo',$,$,$,#5634,#6190);
#6225=IFCRELFILLSELEMENT('1DkA7v5dP7r8Xj0nWN9tpg',$,$,$,#6190,#6166);
#6246=IFCCARTESIANPOINTLIST3D(((0.,0.,0.),(0.87003844976425171,0.,0.),(0.87003844976425171,0.,2.),(0.,0.,2.)));
#6247=IFCINDEXEDPOLYCURVE(#6246,(IFCLINEINDEX((1,2,3,4,1))),$);
#6248=IFCSHAPEREPRESENTATION(#18,'Profile','Curve3D',(#6247));
#6249=IFCCARTESIANPOINTLIST2D(((0.,0.),(0.,2.),(0.87003844976425171,2.),(0.87003844976425171,0.),(0.84503844939172268,0.),(0.84503844939172268,1.974999999627471),(0.02500000037252903,1.974999999627471),(0.02500000037252903,0.)));
#6250=IFCINDEXEDPOLYCURVE(#6249,(IFCLINEINDEX((1,2,3,4,5,6,7,8,1))),$);
#6251=IFCARBITRARYCLOSEDPROFILEDEF(.AREA.,$,#6250);
#6252=IFCCARTESIANPOINT((0.,0.02500000037252903,0.));
#6253=IFCDIRECTION((0.,-1.,0.));
#6254=IFCDIRECTION((1.,0.,0.));
#6255=IFCAXIS2PLACEMENT3D(#6252,#6253,#6254);
#6256=IFCDIRECTION((0.,0.,-1.));
#6257=IFCEXTRUDEDAREASOLID(#6251,#6255,#6256,0.02500000037252903);
#6258=IFCCARTESIANPOINTLIST2D(((0.,0.),(0.,2.),(0.87003844976425171,2.),(0.87003844976425171,0.),(0.82003844901919365,0.),(0.82003844901919365,1.9499999992549419),(0.05000000074505806,1.9499999992549419),(0.05000000074505806,0.)));
#6259=IFCINDEXEDPOLYCURVE(#6258,(IFCLINEINDEX((1,2,3,4,5,6,7,8,1))),$);
#6260=IFCARBITRARYCLOSEDPROFILEDEF(.AREA.,$,#6259);
#6261=IFCCARTESIANPOINT((0.,0.,0.));
#6262=IFCDIRECTION((0.,-1.,0.));
#6263=IFCDIRECTION((1.,0.,0.));
#6264=IFCAXIS2PLACEMENT3D(#6261,#6262,#6263);
#6265=IFCDIRECTION((0.,0.,-1.));
#6266=IFCEXTRUDEDAREASOLID(#6260,#6264,#6265,0.02500000037252903);
#6267=IFCCARTESIANPOINTLIST2D(((0.,0.),(0.77003844827413559,0.),(0.77003844827413559,0.10000000149011612),(0.,0.10000000149011612)));
#6268=IFCINDEXEDPOLYCURVE(#6267,(IFCLINEINDEX((1,2,3,4,1))),$);
#6269=IFCARBITRARYCLOSEDPROFILEDEF(.AREA.,$,#6268);
#6270=IFCCARTESIANPOINT((0.05000000074505806,0.,0.));
#6271=IFCDIRECTION((0.,0.,1.));
#6272=IFCDIRECTION((1.,0.,0.));
#6273=IFCAXIS2PLACEMENT3D(#6270,#6271,#6272);
#6274=IFCDIRECTION((0.,0.,1.));
#6275=IFCEXTRUDEDAREASOLID(#6269,#6273,#6274,0.02500000037252903);
#6276=IFCCARTESIANPOINTLIST2D(((0.,0.),(0.,2.0250000022351742),(0.92003845423460007,2.0250000022351742),(0.92003845423460007,0.),(0.84503845125436783,0.),(0.84503845125436783,1.9499999992549419),(0.075000002980232239,1.9499999992549419),(0.075000002980232239,0.)));
#6277=IFCINDEXEDPOLYCURVE(#6276,(IFCLINEINDEX((1,2,3,4,5,6,7,8,1))),$);
#6278=IFCARBITRARYCLOSEDPROFILEDEF(.AREA.,$,#6277);
#6279=IFCCARTESIANPOINT((-0.025000002235174179,-0.004999999888241291,0.));
#6280=IFCDIRECTION((0.,-1.,0.));
#6281=IFCDIRECTION((1.,0.,0.));
#6282=IFCAXIS2PLACEMENT3D(#6279,#6280,#6281);
#6283=IFCDIRECTION((0.,0.,-1.));
#6284=IFCEXTRUDEDAREASOLID(#6278,#6282,#6283,0.004999999888241291);
#6285=IFCCARTESIANPOINTLIST2D(((0.,0.),(0.,2.0250000022351742),(0.92003845423460007,2.0250000022351742),(0.92003845423460007,0.),(0.87003845162689686,0.),(0.87003845162689686,1.974999999627471),(0.050000002607703209,1.974999999627471),(0.050000002607703209,0.)));
#6286=IFCINDEXEDPOLYCURVE(#6285,(IFCLINEINDEX((1,2,3,4,5,6,7,8,1))),$);
#6287=IFCARBITRARYCLOSEDPROFILEDEF(.AREA.,$,#6286);
#6288=IFCCARTESIANPOINT((-0.025000002235174179,0.05000000074505806,0.));
#6289=IFCDIRECTION((0.,-1.,0.));
#6290=IFCDIRECTION((1.,0.,0.));
#6291=IFCAXIS2PLACEMENT3D(#6288,#6289,#6290);
#6292=IFCDIRECTION((0.,0.,-1.));
#6293=IFCEXTRUDEDAREASOLID(#6287,#6291,#6292,0.004999999888241291);
#6294=IFCCARTESIANPOINTLIST2D(((0.,0.),(0.82003844901919365,0.),(0.82003844901919365,0.035000000149011612),(0.,0.035000000149011612)));
#6295=IFCINDEXEDPOLYCURVE(#6294,(IFCLINEINDEX((1,2,3,4,1))),$);
#6296=IFCARBITRARYCLOSEDPROFILEDEF(.AREA.,$,#6295);
#6297=IFCCARTESIANPOINT((0.02500000037252903,0.02500000037252903,0.02500000037252903));
#6298=IFCDIRECTION((0.,0.,1.));
#6299=IFCDIRECTION((1.,0.,0.));
#6300=IFCAXIS2PLACEMENT3D(#6297,#6298,#6299);
#6301=IFCDIRECTION((0.,0.,1.));
#6302=IFCEXTRUDEDAREASOLID(#6296,#6300,#6301,1.9499999992549419);
#6303=IFCCARTESIANPOINTLIST2D(((0.,0.),(0.,-0.040000000000000001),(0.12,-0.040000000000000001),(0.12,-0.02),(0.02,-0.02),(0.02,0.)));
#6304=IFCINDEXEDPOLYCURVE(#6303,(IFCLINEINDEX((1,2,3,4,5,6,1))),$);
#6305=IFCARBITRARYCLOSEDPROFILEDEF(.AREA.,$,#6304);
#6306=IFCCARTESIANPOINT((0.075000000372529033,0.02500000037252903,1.015000000372529));
#6307=IFCDIRECTION((0.,0.,1.));
#6308=IFCDIRECTION((1.,0.,0.));
#6309=IFCAXIS2PLACEMENT3D(#6306,#6307,#6308);
#6310=IFCDIRECTION((0.,0.,1.));
#6311=IFCEXTRUDEDAREASOLID(#6305,#6309,#6310,0.02);
#6312=IFCEXTRUDEDAREASOLID(#6313,#6316,#6320,0.02);
#6313=IFCARBITRARYCLOSEDPROFILEDEF(.AREA.,$,#6314);
#6314=IFCINDEXEDPOLYCURVE(#6315,(IFCLINEINDEX((1,2,3,4,5,6,1))),$);
#6315=IFCCARTESIANPOINTLIST2D(((0.,0.),(0.,0.040000000000000008),(0.11999999999999998,0.040000000000000008),(0.11999999999999998,0.020000000000000004),(0.020000000000000004,0.020000000000000004),(0.020000000000000004,0.)));
#6316=IFCAXIS2PLACEMENT3D(#6317,#6318,#6319);
#6317=IFCCARTESIANPOINT((0.075000000372529033,0.060000000521540642,1.015000000372529));
#6318=IFCDIRECTION((0.,0.,1.));
#6319=IFCDIRECTION((1.,0.,0.));
#6320=IFCDIRECTION((0.,0.,1.));
#6321=IFCSHAPEREPRESENTATION(#11,'Body','SweptSolid',(#6257,#6266,#6302,#6311,#6312,#6275,#6284,#6293));
#6322=IFCSHAPEREPRESENTATION(#11,'Body','SweptSolid',(#6257,#6266,#6275,#6284,#6293));
#6323=IFCSHAPEASPECT((#6322),'Lining',$,.T.,#6175);
#6324=IFCSHAPEREPRESENTATION(#11,'Body','SweptSolid',(#6302,#6311,#6312));
#6325=IFCSHAPEASPECT((#6324),'Framing',$,.T.,#6175);
#6326=IFCCARTESIANPOINTLIST2D(((0.,0.),(0.,0.05000000074505806),(0.02500000037252903,0.05000000074505806),(0.02500000037252903,0.02500000037252903),(0.05000000074505806,0.02500000037252903),(0.05000000074505806,0.)));
#6327=IFCINDEXEDPOLYCURVE(#6326,(IFCLINEINDEX((1,2,3,4,5,6,1))),$);
#6328=IFCINDEXEDPOLYCURVE(#6329,(IFCLINEINDEX((1,2,3,4,5,6,1))),$);
#6329=IFCCARTESIANPOINTLIST2D(((0.87003844976425171,0.),(0.87003844976425171,0.05000000074505806),(0.84503844939172268,0.05000000074505806),(0.84503844939172268,0.02500000037252903),(0.82003844901919365,0.02500000037252903),(0.82003844901919365,0.)));
#6330=IFCDIRECTION((1.,0.));
#6331=IFCCARTESIANPOINT((0.81003844924271107,0.05000000074505806));
#6332=IFCAXIS2PLACEMENT2D(#6331,#6330);
#6333=IFCELLIPSE(#6332,0.78503844887018204,0.82003844901919365);
#6334=IFCCARTESIANPOINT((0.81003844924271107,0.87003844976425171));
#6335=IFCCARTESIANPOINT((0.02500000037252903,0.05000000074505806));
#6336=IFCTRIMMEDCURVE(#6333,(#6334),(#6335),.T.,.CARTESIAN.);
#6337=IFCCARTESIANPOINTLIST2D(((0.84503844939172268,0.05000000074505806),(0.81003844924271107,0.05000000074505806),(0.81003844924271107,0.87003844976425171),(0.84503844939172268,0.87003844976425171)));
#6338=IFCINDEXEDPOLYCURVE(#6337,(IFCLINEINDEX((1,2,3,4,1))),$);
#6339=IFCSHAPEREPRESENTATION(#24,'Body','Curve2D',(#6327,#6328,#6336,#6338));
#6340=IFCCARTESIANPOINTLIST2D(((0.,0.),(0.87003844976425171,0.),(0.87003844976425171,2.),(0.,2.)));
#6341=IFCINDEXEDPOLYCURVE(#6340,(IFCLINEINDEX((1,2,3,4,1))),$);
#6342=IFCARBITRARYCLOSEDPROFILEDEF(.AREA.,$,#6341);
#6343=IFCCARTESIANPOINT((0.,-0.60000002384185791,0.));
#6344=IFCDIRECTION((0.,-1.,0.));
#6345=IFCDIRECTION((1.,0.,0.));
#6346=IFCAXIS2PLACEMENT3D(#6343,#6344,#6345);
#6347=IFCDIRECTION((0.,0.,-1.));
#6348=IFCEXTRUDEDAREASOLID(#6342,#6346,#6347,1.2);
#6349=IFCSHAPEREPRESENTATION(#11,'Body','SweptSolid',(#6348));
#6355=IFCCARTESIANPOINT((1.1755907455126422,0.084999501705169678,0.));
#6356=IFCDIRECTION((0.,0.,1.));
#6357=IFCDIRECTION((-0.99999999999992428,3.8941436741876494E-07,0.));
#6358=IFCAXIS2PLACEMENT3D(#6355,#6356,#6357);
#6359=IFCLOCALPLACEMENT(#5695,#6358);
#6360=IFCCARTESIANPOINT((4.4408920985006262E-16,0.,0.));
#6361=IFCDIRECTION((0.,0.,1.));
#6362=IFCDIRECTION((1.,0.,0.));
#6363=IFCAXIS2PLACEMENT3D(#6360,#6361,#6362);
#6364=IFCLOCALPLACEMENT(#6359,#6363);
#6365=IFCCARTESIANPOINT((-1.1102230246251565E-16,0.,0.));
#6366=IFCDIRECTION((0.,0.,1.));
#6367=IFCDIRECTION((1.,0.,0.));
#6368=IFCAXIS2PLACEMENT3D(#6365,#6366,#6367);
#6369=IFCLOCALPLACEMENT(#6052,#6368);
#6370=IFCDOORTYPE('3e1TH3rs98mhTYjNs_C8NS',$,'MBR-1-2F',$,$,(#6371),(#6373,#6381,#6459),$,$,.DOOR.,.SINGLE_SWING_LEFT.,$,$);
#6371=IFCPROPERTYSET('0xvl0fleb07B7lPSjA7sgy',$,'BBIM_Door',$,(#6372));
#6372=IFCPROPERTYSINGLEVALUE('Data',$,IFCTEXT('{"door_type": "SINGLE_SWING_RIGHT", "overall_height": 2.0, "overall_width": 0.852885365486145, "lining_properties": {"lining_depth": 0.05000000074505806, "lining_thickness": 0.05000000074505806, "lining_offset": 0.0, "lining_to_panel_offset_x": 0.02500000037252903, "lining_to_panel_offset_y": 0.02500000037252903, "transom_thickness": 0.0, "casing_thickness": 0.07500000298023224, "casing_depth": 0.004999999888241291, "threshold_thickness": 0.02500000037252903, "threshold_depth": 0.10000000149011612, "threshold_offset": 0.0}, "panel_properties": {"panel_depth": 0.03500000014901161, "panel_width_ratio": 1.0}}'),$);
#6373=IFCREPRESENTATIONMAP(#6374,#6545);
#6374=IFCAXIS2PLACEMENT3D(#6375,#6376,#6377);
#6375=IFCCARTESIANPOINT((0.,0.,0.));
#6376=IFCDIRECTION((0.,0.,1.));
#6377=IFCDIRECTION((1.,0.,0.));
#6381=IFCREPRESENTATIONMAP(#6382,#6618);
#6382=IFCAXIS2PLACEMENT3D(#6383,#6384,#6385);
#6383=IFCCARTESIANPOINT((0.,0.,0.));
#6384=IFCDIRECTION((0.,0.,1.));
#6385=IFCDIRECTION((1.,0.,0.));
#6459=IFCREPRESENTATIONMAP(#6460,#6636);
#6460=IFCAXIS2PLACEMENT3D(#6461,#6462,#6463);
#6461=IFCCARTESIANPOINT((0.,0.,0.));
#6462=IFCDIRECTION((0.,0.,1.));
#6463=IFCDIRECTION((1.,0.,0.));
#6478=IFCDOOR('3ZAiJDTXf1uwgmIwNDtbiA',$,'Door',$,$,#6661,#6487,$,2.,0.85288536548614502,$,.SINGLE_SWING_RIGHT.,$);
#6479=IFCRELDEFINESBYTYPE('0T2nfkDkL9KPXCXciQjctj',$,$,$,(#6478),#6370);
#6480=IFCCARTESIANPOINT((0.,0.,0.));
#6481=IFCDIRECTION((1.,0.,0.));
#6482=IFCDIRECTION((0.,1.,0.));
#6483=IFCDIRECTION((0.,0.,1.));
#6484=IFCCARTESIANTRANSFORMATIONOPERATOR3D(#6481,#6482,#6480,1.,#6483);
#6485=IFCMAPPEDITEM(#6373,#6484);
#6486=IFCSHAPEREPRESENTATION(#18,'Profile','MappedRepresentation',(#6485));
#6487=IFCPRODUCTDEFINITIONSHAPE($,$,(#6486,#6494,#6501));
#6488=IFCCARTESIANPOINT((0.,0.,0.));
#6489=IFCDIRECTION((1.,0.,0.));
#6490=IFCDIRECTION((0.,1.,0.));
#6491=IFCDIRECTION((0.,0.,1.));
#6492=IFCCARTESIANTRANSFORMATIONOPERATOR3D(#6489,#6490,#6488,1.,#6491);
#6493=IFCMAPPEDITEM(#6381,#6492);
#6494=IFCSHAPEREPRESENTATION(#11,'Body','MappedRepresentation',(#6493));
#6495=IFCCARTESIANPOINT((0.,0.,0.));
#6496=IFCDIRECTION((1.,0.,0.));
#6497=IFCDIRECTION((0.,1.,0.));
#6498=IFCDIRECTION((0.,0.,1.));
#6499=IFCCARTESIANTRANSFORMATIONOPERATOR3D(#6496,#6497,#6495,1.,#6498);
#6500=IFCMAPPEDITEM(#6459,#6499);
#6501=IFCSHAPEREPRESENTATION(#24,'Body','MappedRepresentation',(#6500));
#6502=IFCOPENINGELEMENT('1M2n0k9df69PXjt9dzeEJX',$,'Opening',$,$,#6656,#6530,$,.OPENING.);
#6518=IFCCARTESIANPOINT((0.,0.,0.));
#6519=IFCDIRECTION((1.,0.,0.));
#6520=IFCDIRECTION((0.,0.,1.));
#6521=IFCAXIS2PLACEMENT3D(#6518,#6520,#6519);
#6522=IFCREPRESENTATIONMAP(#6521,#6646);
#6523=IFCCARTESIANPOINT((0.,0.,0.));
#6524=IFCDIRECTION((1.,0.,0.));
#6525=IFCDIRECTION((0.,1.,0.));
#6526=IFCDIRECTION((0.,0.,1.));
#6527=IFCCARTESIANTRANSFORMATIONOPERATOR3D(#6524,#6525,#6523,1.,#6526);
#6528=IFCMAPPEDITEM(#6522,#6527);
#6529=IFCSHAPEREPRESENTATION(#11,'Body','MappedRepresentation',(#6528));
#6530=IFCPRODUCTDEFINITIONSHAPE($,$,(#6529));
#6531=IFCRELVOIDSELEMENT('1CjZNLKFn0rebMQ$5lTL5g',$,$,$,#5333,#6502);
#6537=IFCRELFILLSELEMENT('2FySCN7rD7b9qa0KSRD9QA',$,$,$,#6502,#6478);
#6543=IFCCARTESIANPOINTLIST3D(((0.,0.,0.),(0.85288536548614502,0.,0.),(0.85288536548614502,0.,2.),(0.,0.,2.)));
#6544=IFCINDEXEDPOLYCURVE(#6543,(IFCLINEINDEX((1,2,3,4,1))),$);
#6545=IFCSHAPEREPRESENTATION(#18,'Profile','Curve3D',(#6544));
#6546=IFCCARTESIANPOINTLIST2D(((0.,0.),(0.,2.),(0.85288536548614502,2.),(0.85288536548614502,0.),(0.82788536511361599,0.),(0.82788536511361599,1.974999999627471),(0.02500000037252903,1.974999999627471),(0.02500000037252903,0.)));
#6547=IFCINDEXEDPOLYCURVE(#6546,(IFCLINEINDEX((1,2,3,4,5,6,7,8,1))),$);
#6548=IFCARBITRARYCLOSEDPROFILEDEF(.AREA.,$,#6547);
#6549=IFCCARTESIANPOINT((0.,0.02500000037252903,0.));
#6550=IFCDIRECTION((0.,-1.,0.));
#6551=IFCDIRECTION((1.,0.,0.));
#6552=IFCAXIS2PLACEMENT3D(#6549,#6550,#6551);
#6553=IFCDIRECTION((0.,0.,-1.));
#6554=IFCEXTRUDEDAREASOLID(#6548,#6552,#6553,0.02500000037252903);
#6555=IFCCARTESIANPOINTLIST2D(((0.,0.),(0.,2.),(0.85288536548614502,2.),(0.85288536548614502,0.),(0.80288536474108696,0.),(0.80288536474108696,1.9499999992549419),(0.05000000074505806,1.9499999992549419),(0.05000000074505806,0.)));
#6556=IFCINDEXEDPOLYCURVE(#6555,(IFCLINEINDEX((1,2,3,4,5,6,7,8,1))),$);
#6557=IFCARBITRARYCLOSEDPROFILEDEF(.AREA.,$,#6556);
#6558=IFCCARTESIANPOINT((0.,0.,0.));
#6559=IFCDIRECTION((0.,-1.,0.));
#6560=IFCDIRECTION((1.,0.,0.));
#6561=IFCAXIS2PLACEMENT3D(#6558,#6559,#6560);
#6562=IFCDIRECTION((0.,0.,-1.));
#6563=IFCEXTRUDEDAREASOLID(#6557,#6561,#6562,0.02500000037252903);
#6564=IFCCARTESIANPOINTLIST2D(((0.,0.),(0.7528853639960289,0.),(0.7528853639960289,0.10000000149011612),(0.,0.10000000149011612)));
#6565=IFCINDEXEDPOLYCURVE(#6564,(IFCLINEINDEX((1,2,3,4,1))),$);
#6566=IFCARBITRARYCLOSEDPROFILEDEF(.AREA.,$,#6565);
#6567=IFCCARTESIANPOINT((0.05000000074505806,0.,0.));
#6568=IFCDIRECTION((0.,0.,1.));
#6569=IFCDIRECTION((1.,0.,0.));
#6570=IFCAXIS2PLACEMENT3D(#6567,#6568,#6569);
#6571=IFCDIRECTION((0.,0.,1.));
#6572=IFCEXTRUDEDAREASOLID(#6566,#6570,#6571,0.02500000037252903);
#6573=IFCCARTESIANPOINTLIST2D(((0.,0.),(0.,2.0250000022351742),(0.90288536995649338,2.0250000022351742),(0.90288536995649338,0.),(0.82788536697626114,0.),(0.82788536697626114,1.9499999992549419),(0.075000002980232239,1.9499999992549419),(0.075000002980232239,0.)));
#6574=IFCINDEXEDPOLYCURVE(#6573,(IFCLINEINDEX((1,2,3,4,5,6,7,8,1))),$);
#6575=IFCARBITRARYCLOSEDPROFILEDEF(.AREA.,$,#6574);
#6576=IFCCARTESIANPOINT((-0.025000002235174179,-0.004999999888241291,0.));
#6577=IFCDIRECTION((0.,-1.,0.));
#6578=IFCDIRECTION((1.,0.,0.));
#6579=IFCAXIS2PLACEMENT3D(#6576,#6577,#6578);
#6580=IFCDIRECTION((0.,0.,-1.));
#6581=IFCEXTRUDEDAREASOLID(#6575,#6579,#6580,0.004999999888241291);
#6582=IFCCARTESIANPOINTLIST2D(((0.,0.),(0.,2.0250000022351742),(0.90288536995649338,2.0250000022351742),(0.90288536995649338,0.),(0.85288536734879017,0.),(0.85288536734879017,1.974999999627471),(0.050000002607703209,1.974999999627471),(0.050000002607703209,0.)));
#6583=IFCINDEXEDPOLYCURVE(#6582,(IFCLINEINDEX((1,2,3,4,5,6,7,8,1))),$);
#6584=IFCARBITRARYCLOSEDPROFILEDEF(.AREA.,$,#6583);
#6585=IFCCARTESIANPOINT((-0.025000002235174179,0.05000000074505806,0.));
#6586=IFCDIRECTION((0.,-1.,0.));
#6587=IFCDIRECTION((1.,0.,0.));
#6588=IFCAXIS2PLACEMENT3D(#6585,#6586,#6587);
#6589=IFCDIRECTION((0.,0.,-1.));
#6590=IFCEXTRUDEDAREASOLID(#6584,#6588,#6589,0.004999999888241291);
#6591=IFCCARTESIANPOINTLIST2D(((0.,0.),(0.80288536474108696,0.),(0.80288536474108696,0.035000000149011612),(0.,0.035000000149011612)));
#6592=IFCINDEXEDPOLYCURVE(#6591,(IFCLINEINDEX((1,2,3,4,1))),$);
#6593=IFCARBITRARYCLOSEDPROFILEDEF(.AREA.,$,#6592);
#6594=IFCCARTESIANPOINT((0.02500000037252903,0.02500000037252903,0.02500000037252903));
#6595=IFCDIRECTION((0.,0.,1.));
#6596=IFCDIRECTION((1.,0.,0.));
#6597=IFCAXIS2PLACEMENT3D(#6594,#6595,#6596);
#6598=IFCDIRECTION((0.,0.,1.));
#6599=IFCEXTRUDEDAREASOLID(#6593,#6597,#6598,1.9499999992549419);
#6600=IFCCARTESIANPOINTLIST2D(((0.,0.),(0.,-0.040000000000000001),(0.12,-0.040000000000000001),(0.12,-0.02),(0.02,-0.02),(0.02,0.)));
#6601=IFCINDEXEDPOLYCURVE(#6600,(IFCLINEINDEX((1,2,3,4,5,6,1))),$);
#6602=IFCARBITRARYCLOSEDPROFILEDEF(.AREA.,$,#6601);
#6603=IFCCARTESIANPOINT((0.075000000372529033,0.02500000037252903,1.015000000372529));
#6604=IFCDIRECTION((0.,0.,1.));
#6605=IFCDIRECTION((1.,0.,0.));
#6606=IFCAXIS2PLACEMENT3D(#6603,#6604,#6605);
#6607=IFCDIRECTION((0.,0.,1.));
#6608=IFCEXTRUDEDAREASOLID(#6602,#6606,#6607,0.02);
#6609=IFCEXTRUDEDAREASOLID(#6610,#6613,#6617,0.02);
#6610=IFCARBITRARYCLOSEDPROFILEDEF(.AREA.,$,#6611);
#6611=IFCINDEXEDPOLYCURVE(#6612,(IFCLINEINDEX((1,2,3,4,5,6,1))),$);
#6612=IFCCARTESIANPOINTLIST2D(((0.,0.),(0.,0.040000000000000008),(0.11999999999999998,0.040000000000000008),(0.11999999999999998,0.020000000000000004),(0.020000000000000004,0.020000000000000004),(0.020000000000000004,0.)));
#6613=IFCAXIS2PLACEMENT3D(#6614,#6615,#6616);
#6614=IFCCARTESIANPOINT((0.075000000372529033,0.060000000521540642,1.015000000372529));
#6615=IFCDIRECTION((0.,0.,1.));
#6616=IFCDIRECTION((1.,0.,0.));
#6617=IFCDIRECTION((0.,0.,1.));
#6618=IFCSHAPEREPRESENTATION(#11,'Body','SweptSolid',(#6554,#6563,#6599,#6608,#6609,#6572,#6581,#6590));
#6619=IFCSHAPEREPRESENTATION(#11,'Body','SweptSolid',(#6554,#6563,#6572,#6581,#6590));
#6620=IFCSHAPEASPECT((#6619),'Lining',$,.T.,#6487);
#6621=IFCSHAPEREPRESENTATION(#11,'Body','SweptSolid',(#6599,#6608,#6609));
#6622=IFCSHAPEASPECT((#6621),'Framing',$,.T.,#6487);
#6623=IFCCARTESIANPOINTLIST2D(((0.,0.),(0.,0.05000000074505806),(0.02500000037252903,0.05000000074505806),(0.02500000037252903,0.02500000037252903),(0.05000000074505806,0.02500000037252903),(0.05000000074505806,0.)));
#6624=IFCINDEXEDPOLYCURVE(#6623,(IFCLINEINDEX((1,2,3,4,5,6,1))),$);
#6625=IFCINDEXEDPOLYCURVE(#6626,(IFCLINEINDEX((1,2,3,4,5,6,1))),$);
#6626=IFCCARTESIANPOINTLIST2D(((0.85288536548614502,0.),(0.85288536548614502,0.05000000074505806),(0.82788536511361599,0.05000000074505806),(0.82788536511361599,0.02500000037252903),(0.80288536474108696,0.02500000037252903),(0.80288536474108696,0.)));
#6627=IFCDIRECTION((1.,0.));
#6628=IFCCARTESIANPOINT((0.79288536496460438,0.05000000074505806));
#6629=IFCAXIS2PLACEMENT2D(#6628,#6627);
#6630=IFCELLIPSE(#6629,0.76788536459207535,0.80288536474108696);
#6631=IFCCARTESIANPOINT((0.79288536496460438,0.85288536548614502));
#6632=IFCCARTESIANPOINT((0.02500000037252903,0.05000000074505806));
#6633=IFCTRIMMEDCURVE(#6630,(#6631),(#6632),.T.,.CARTESIAN.);
#6634=IFCCARTESIANPOINTLIST2D(((0.82788536511361599,0.05000000074505806),(0.79288536496460438,0.05000000074505806),(0.79288536496460438,0.85288536548614502),(0.82788536511361599,0.85288536548614502)));
#6635=IFCINDEXEDPOLYCURVE(#6634,(IFCLINEINDEX((1,2,3,4,1))),$);
#6636=IFCSHAPEREPRESENTATION(#24,'Body','Curve2D',(#6624,#6625,#6633,#6635));
#6637=IFCCARTESIANPOINTLIST2D(((0.,0.),(0.85288536548614502,0.),(0.85288536548614502,2.),(0.,2.)));
#6638=IFCINDEXEDPOLYCURVE(#6637,(IFCLINEINDEX((1,2,3,4,1))),$);
#6639=IFCARBITRARYCLOSEDPROFILEDEF(.AREA.,$,#6638);
#6640=IFCCARTESIANPOINT((0.,-0.60000002384185791,0.));
#6641=IFCDIRECTION((0.,-1.,0.));
#6642=IFCDIRECTION((1.,0.,0.));
#6643=IFCAXIS2PLACEMENT3D(#6640,#6641,#6642);
#6644=IFCDIRECTION((0.,0.,-1.));
#6645=IFCEXTRUDEDAREASOLID(#6639,#6643,#6644,1.2);
#6646=IFCSHAPEREPRESENTATION(#11,'Body','SweptSolid',(#6645));
#6652=IFCCARTESIANPOINT((4.0058210090796633,0.10000054028075653,0.));
#6653=IFCDIRECTION((0.,0.,1.));
#6654=IFCDIRECTION((-0.99999999999999623,-8.7422790784325385E-08,0.));
#6655=IFCAXIS2PLACEMENT3D(#6652,#6653,#6654);
#6656=IFCLOCALPLACEMENT(#5375,#6655);
#6657=IFCCARTESIANPOINT((0.,0.,0.));
#6658=IFCDIRECTION((0.,0.,1.));
#6659=IFCDIRECTION((1.,0.,0.));
#6660=IFCAXIS2PLACEMENT3D(#6657,#6658,#6659);
#6661=IFCLOCALPLACEMENT(#6656,#6660);
#6662=IFCDOORTYPE('1NmczS0Fr7IRoKZdpyM1iT',$,'MBR-2-2F',$,$,(#6663),(#6665,#6673,#6742,#6754),$,$,.DOOR.,.SINGLE_SWING_LEFT.,$,$);
#6663=IFCPROPERTYSET('2$zNIfwn97Kf_l1O3m3d$6',$,'BBIM_Door',$,(#6664));
#6664=IFCPROPERTYSINGLEVALUE('Data',$,IFCTEXT('{"door_type": "SLIDING_TO_RIGHT", "overall_height": 2.0, "overall_width": 2.0334575176239014, "lining_properties": {"lining_depth": 0.05000000074505806, "lining_thickness": 0.05000000074505806, "lining_offset": 0.0, "transom_thickness": 0.0, "casing_thickness": 0.07500000298023224, "casing_depth": 0.004999999888241291, "threshold_thickness": 0.02500000037252903, "threshold_depth": 0.10000000149011612, "threshold_offset": 0.0}, "panel_properties": {"panel_depth": 0.03500000014901161, "panel_width_ratio": 1.0}}'),$);
#6665=IFCREPRESENTATIONMAP(#6666,#6898);
#6666=IFCAXIS2PLACEMENT3D(#6667,#6668,#6669);
#6667=IFCCARTESIANPOINT((0.,0.,0.));
#6668=IFCDIRECTION((0.,0.,1.));
#6669=IFCDIRECTION((1.,0.,0.));
#6673=IFCREPRESENTATIONMAP(#6674,#6962);
#6674=IFCAXIS2PLACEMENT3D(#6675,#6676,#6677);
#6675=IFCCARTESIANPOINT((0.,0.,0.));
#6676=IFCDIRECTION((0.,0.,1.));
#6677=IFCDIRECTION((1.,0.,0.));
#6742=IFCREPRESENTATIONMAP(#6743,#6973);
#6743=IFCAXIS2PLACEMENT3D(#6744,#6745,#6746);
#6744=IFCCARTESIANPOINT((0.,0.,0.));
#6745=IFCDIRECTION((0.,0.,1.));
#6746=IFCDIRECTION((1.,0.,0.));
#6754=IFCREPRESENTATIONMAP(#6755,#6978);
#6755=IFCAXIS2PLACEMENT3D(#6756,#6757,#6758);
#6756=IFCCARTESIANPOINT((0.,0.,0.));
#6757=IFCDIRECTION((0.,0.,1.));
#6758=IFCDIRECTION((1.,0.,0.));
#6764=IFCDOOR('0WzP37Nlv2nQLk6Uk5LxbY',$,'Door',$,$,#7003,#6773,$,2.,2.0334575176239014,$,.SLIDING_TO_RIGHT.,$);
#6765=IFCRELDEFINESBYTYPE('0joBzlHfbBsRvtA59KEpJq',$,$,$,(#6764),#6662);
#6766=IFCCARTESIANPOINT((0.,0.,0.));
#6767=IFCDIRECTION((1.,0.,0.));
#6768=IFCDIRECTION((0.,1.,0.));
#6769=IFCDIRECTION((0.,0.,1.));
#6770=IFCCARTESIANTRANSFORMATIONOPERATOR3D(#6767,#6768,#6766,1.,#6769);
#6771=IFCMAPPEDITEM(#6665,#6770);
#6772=IFCSHAPEREPRESENTATION(#18,'Profile','MappedRepresentation',(#6771));
#6773=IFCPRODUCTDEFINITIONSHAPE($,$,(#6772,#6780,#6787,#6794));
#6774=IFCCARTESIANPOINT((0.,0.,0.));
#6775=IFCDIRECTION((1.,0.,0.));
#6776=IFCDIRECTION((0.,1.,0.));
#6777=IFCDIRECTION((0.,0.,1.));
#6778=IFCCARTESIANTRANSFORMATIONOPERATOR3D(#6775,#6776,#6774,1.,#6777);
#6779=IFCMAPPEDITEM(#6673,#6778);
#6780=IFCSHAPEREPRESENTATION(#11,'Body','MappedRepresentation',(#6779));
#6781=IFCCARTESIANPOINT((0.,0.,0.));
#6782=IFCDIRECTION((1.,0.,0.));
#6783=IFCDIRECTION((0.,1.,0.));
#6784=IFCDIRECTION((0.,0.,1.));
#6785=IFCCARTESIANTRANSFORMATIONOPERATOR3D(#6782,#6783,#6781,1.,#6784);
#6786=IFCMAPPEDITEM(#6742,#6785);
#6787=IFCSHAPEREPRESENTATION(#24,'Body','MappedRepresentation',(#6786));
#6788=IFCCARTESIANPOINT((0.,0.,0.));
#6789=IFCDIRECTION((1.,0.,0.));
#6790=IFCDIRECTION((0.,1.,0.));
#6791=IFCDIRECTION((0.,0.,1.));
#6792=IFCCARTESIANTRANSFORMATIONOPERATOR3D(#6789,#6790,#6788,1.,#6791);
#6793=IFCMAPPEDITEM(#6754,#6792);
#6794=IFCSHAPEREPRESENTATION(#25,'Annotation','MappedRepresentation',(#6793));
#6795=IFCOPENINGELEMENT('0GNOTSK1n5NwtLz_ewW8Qx',$,'Opening',$,$,#6998,#6823,$,.OPENING.);
#6811=IFCCARTESIANPOINT((0.,0.,0.));
#6812=IFCDIRECTION((1.,0.,0.));
#6813=IFCDIRECTION((0.,0.,1.));
#6814=IFCAXIS2PLACEMENT3D(#6811,#6813,#6812);
#6815=IFCREPRESENTATIONMAP(#6814,#6988);
#6816=IFCCARTESIANPOINT((0.,0.,0.));
#6817=IFCDIRECTION((1.,0.,0.));
#6818=IFCDIRECTION((0.,1.,0.));
#6819=IFCDIRECTION((0.,0.,1.));
#6820=IFCCARTESIANTRANSFORMATIONOPERATOR3D(#6817,#6818,#6816,1.,#6819);
#6821=IFCMAPPEDITEM(#6815,#6820);
#6822=IFCSHAPEREPRESENTATION(#11,'Body','MappedRepresentation',(#6821));
#6823=IFCPRODUCTDEFINITIONSHAPE($,$,(#6822));
#6824=IFCRELVOIDSELEMENT('196ann1r1ACxIfnVt9PJfl',$,$,$,#4677,#6795);
#6830=IFCRELFILLSELEMENT('2eS_KQaaD4GfYNg_2X3Cu4',$,$,$,#6795,#6764);
#6896=IFCCARTESIANPOINTLIST3D(((0.,0.,0.),(2.0334575176239014,0.,0.),(2.0334575176239014,0.,2.),(0.,0.,2.)));
#6897=IFCINDEXEDPOLYCURVE(#6896,(IFCLINEINDEX((1,2,3,4,1))),$);
#6898=IFCSHAPEREPRESENTATION(#18,'Profile','Curve3D',(#6897));
#6899=IFCCARTESIANPOINTLIST2D(((0.,0.),(0.,2.),(2.0334575176239014,2.),(2.0334575176239014,0.),(1.9834575168788433,0.),(1.9834575168788433,1.9499999992549419),(0.05000000074505806,1.9499999992549419),(0.05000000074505806,0.)));
#6900=IFCINDEXEDPOLYCURVE(#6899,(IFCLINEINDEX((1,2,3,4,5,6,7,8,1))),$);
#6901=IFCARBITRARYCLOSEDPROFILEDEF(.AREA.,$,#6900);
#6902=IFCCARTESIANPOINT((0.,0.,0.));
#6903=IFCDIRECTION((0.,-1.,0.));
#6904=IFCDIRECTION((1.,0.,0.));
#6905=IFCAXIS2PLACEMENT3D(#6902,#6903,#6904);
#6906=IFCDIRECTION((0.,0.,-1.));
#6907=IFCEXTRUDEDAREASOLID(#6901,#6905,#6906,0.05000000074505806);
#6908=IFCCARTESIANPOINTLIST2D(((0.,0.),(1.9334575161337852,0.),(1.9334575161337852,0.10000000149011612),(0.,0.10000000149011612)));
#6909=IFCINDEXEDPOLYCURVE(#6908,(IFCLINEINDEX((1,2,3,4,1))),$);
#6910=IFCARBITRARYCLOSEDPROFILEDEF(.AREA.,$,#6909);
#6911=IFCCARTESIANPOINT((0.05000000074505806,0.,0.));
#6912=IFCDIRECTION((0.,0.,1.));
#6913=IFCDIRECTION((1.,0.,0.));
#6914=IFCAXIS2PLACEMENT3D(#6911,#6912,#6913);
#6915=IFCDIRECTION((0.,0.,1.));
#6916=IFCEXTRUDEDAREASOLID(#6910,#6914,#6915,0.02500000037252903);
#6917=IFCCARTESIANPOINTLIST2D(((0.,0.),(0.,2.0250000022351742),(2.0834575220942497,2.0250000022351742),(2.0834575220942497,0.),(2.0084575191140175,0.),(2.0084575191140175,1.9499999992549419),(0.075000002980232239,1.9499999992549419),(0.075000002980232239,0.)));
#6918=IFCINDEXEDPOLYCURVE(#6917,(IFCLINEINDEX((1,2,3,4,5,6,7,8,1))),$);
#6919=IFCARBITRARYCLOSEDPROFILEDEF(.AREA.,$,#6918);
#6920=IFCCARTESIANPOINT((-0.025000002235174179,-0.004999999888241291,0.));
#6921=IFCDIRECTION((0.,-1.,0.));
#6922=IFCDIRECTION((1.,0.,0.));
#6923=IFCAXIS2PLACEMENT3D(#6920,#6921,#6922);
#6924=IFCDIRECTION((0.,0.,-1.));
#6925=IFCEXTRUDEDAREASOLID(#6919,#6923,#6924,0.004999999888241291);
#6926=IFCCARTESIANPOINTLIST2D(((0.,0.),(0.,2.0250000022351742),(2.0834575220942497,2.0250000022351742),(2.0834575220942497,0.),(2.0084575191140175,0.),(2.0084575191140175,1.9499999992549419),(0.075000002980232239,1.9499999992549419),(0.075000002980232239,0.)));
#6927=IFCINDEXEDPOLYCURVE(#6926,(IFCLINEINDEX((1,2,3,4,5,6,7,8,1))),$);
#6928=IFCARBITRARYCLOSEDPROFILEDEF(.AREA.,$,#6927);
#6929=IFCCARTESIANPOINT((-0.025000002235174179,0.05000000074505806,0.));
#6930=IFCDIRECTION((0.,-1.,0.));
#6931=IFCDIRECTION((1.,0.,0.));
#6932=IFCAXIS2PLACEMENT3D(#6929,#6930,#6931);
#6933=IFCDIRECTION((0.,0.,-1.));
#6934=IFCEXTRUDEDAREASOLID(#6928,#6932,#6933,0.004999999888241291);
#6935=IFCCARTESIANPOINTLIST2D(((0.,0.),(1.9334575161337852,0.),(1.9334575161337852,0.035000000149011612),(0.,0.035000000149011612)));
#6936=IFCINDEXEDPOLYCURVE(#6935,(IFCLINEINDEX((1,2,3,4,1))),$);
#6937=IFCARBITRARYCLOSEDPROFILEDEF(.AREA.,$,#6936);
#6938=IFCCARTESIANPOINT((0.05000000074505806,-0.035000000149011612,0.02500000037252903));
#6939=IFCDIRECTION((0.,0.,1.));
#6940=IFCDIRECTION((1.,0.,0.));
#6941=IFCAXIS2PLACEMENT3D(#6938,#6939,#6940);
#6942=IFCDIRECTION((0.,0.,1.));
#6943=IFCEXTRUDEDAREASOLID(#6937,#6941,#6942,1.9249999988824129);
#6944=IFCCARTESIANPOINTLIST2D(((0.,0.),(0.,-0.040000000000000001),(0.12,-0.040000000000000001),(0.12,-0.02),(0.02,-0.02),(0.02,0.)));
#6945=IFCINDEXEDPOLYCURVE(#6944,(IFCLINEINDEX((1,2,3,4,5,6,1))),$);
#6946=IFCARBITRARYCLOSEDPROFILEDEF(.AREA.,$,#6945);
#6947=IFCCARTESIANPOINT((0.10000000074505806,-0.035000000149011612,1.015000000372529));
#6948=IFCDIRECTION((0.,0.,1.));
#6949=IFCDIRECTION((1.,0.,0.));
#6950=IFCAXIS2PLACEMENT3D(#6947,#6948,#6949);
#6951=IFCDIRECTION((0.,0.,1.));
#6952=IFCEXTRUDEDAREASOLID(#6946,#6950,#6951,0.02);
#6953=IFCEXTRUDEDAREASOLID(#6954,#6957,#6961,0.02);
#6954=IFCARBITRARYCLOSEDPROFILEDEF(.AREA.,$,#6955);
#6955=IFCINDEXEDPOLYCURVE(#6956,(IFCLINEINDEX((1,2,3,4,5,6,1))),$);
#6956=IFCCARTESIANPOINTLIST2D(((0.,0.),(0.,0.040000000000000008),(0.11999999999999998,0.040000000000000008),(0.11999999999999998,0.020000000000000004),(0.020000000000000004,0.020000000000000004),(0.020000000000000004,0.)));
#6957=IFCAXIS2PLACEMENT3D(#6958,#6959,#6960);
#6958=IFCCARTESIANPOINT((0.10000000074505806,0.,1.015000000372529));
#6959=IFCDIRECTION((0.,0.,1.));
#6960=IFCDIRECTION((1.,0.,0.));
#6961=IFCDIRECTION((0.,0.,1.));
#6962=IFCSHAPEREPRESENTATION(#11,'Body','SweptSolid',(#6907,#6943,#6952,#6953,#6916,#6925,#6934));
#6963=IFCSHAPEREPRESENTATION(#11,'Body','SweptSolid',(#6907,#6916,#6925,#6934));
#6964=IFCSHAPEASPECT((#6963),'Lining',$,.T.,#6773);
#6965=IFCSHAPEREPRESENTATION(#11,'Body','SweptSolid',(#6943,#6952,#6953));
#6966=IFCSHAPEASPECT((#6965),'Framing',$,.T.,#6773);
#6967=IFCCARTESIANPOINTLIST2D(((0.,0.),(0.05000000074505806,0.),(0.05000000074505806,0.05000000074505806),(0.,0.05000000074505806)));
#6968=IFCINDEXEDPOLYCURVE(#6967,(IFCLINEINDEX((1,2,3,4,1))),$);
#6969=IFCINDEXEDPOLYCURVE(#6970,(IFCLINEINDEX((1,2,3,4,1))),$);
#6970=IFCCARTESIANPOINTLIST2D(((2.0334575176239014,0.),(1.9834575168788433,0.),(1.9834575168788433,0.05000000074505806),(2.0334575176239014,0.05000000074505806)));
#6971=IFCCARTESIANPOINTLIST2D(((2.9501862749457359,-0.035000000149011612),(1.0167287588119507,-0.035000000149011612),(1.0167287588119507,0.),(2.9501862749457359,0.)));
#6972=IFCINDEXEDPOLYCURVE(#6971,(IFCLINEINDEX((1,2,3,4,1))),$);
#6973=IFCSHAPEREPRESENTATION(#24,'Body','Curve2D',(#6968,#6969,#6972));
#6974=IFCCARTESIANPOINTLIST2D(((0.7267101313918829,-0.081587428267465345),(1.3067473862320185,-0.081587428267465345)));
#6975=IFCINDEXEDPOLYCURVE(#6974,$,$);
#6976=IFCCARTESIANPOINTLIST2D(((0.75671013139188292,-0.050529142855162856),(0.7267101313918829,-0.081587428267465345),(0.75671013139188292,-0.11264571367976783)));
#6977=IFCINDEXEDPOLYCURVE(#6976,$,$);
#6978=IFCSHAPEREPRESENTATION(#25,'Annotation','Curve2D',(#6975,#6977));
#6979=IFCCARTESIANPOINTLIST2D(((0.,0.),(2.0334575176239014,0.),(2.0334575176239014,2.),(0.,2.)));
#6980=IFCINDEXEDPOLYCURVE(#6979,(IFCLINEINDEX((1,2,3,4,1))),$);
#6981=IFCARBITRARYCLOSEDPROFILEDEF(.AREA.,$,#6980);
#6982=IFCCARTESIANPOINT((0.,-0.60000002384185791,0.));
#6983=IFCDIRECTION((0.,-1.,0.));
#6984=IFCDIRECTION((1.,0.,0.));
#6985=IFCAXIS2PLACEMENT3D(#6982,#6983,#6984);
#6986=IFCDIRECTION((0.,0.,-1.));
#6987=IFCEXTRUDEDAREASOLID(#6981,#6985,#6986,1.2);
#6988=IFCSHAPEREPRESENTATION(#11,'Body','SweptSolid',(#6987));
#6994=IFCCARTESIANPOINT((1.411700662582577,0.025002360343933105,0.));
#6995=IFCDIRECTION((0.,0.,1.));
#6996=IFCDIRECTION((0.9999999999997442,-7.1525573730450454E-07,0.));
#6997=IFCAXIS2PLACEMENT3D(#6994,#6995,#6996);
#6998=IFCLOCALPLACEMENT(#5035,#6997);
#6999=IFCCARTESIANPOINT((2.2204460492503131E-16,0.,0.));
#7000=IFCDIRECTION((0.,0.,1.));
#7001=IFCDIRECTION((1.,0.,0.));
#7002=IFCAXIS2PLACEMENT3D(#6999,#7000,#7001);
#7003=IFCLOCALPLACEMENT(#6998,#7002);
#7004=IFCDOORTYPE('3jHOgmHu1BieC0vxfm_smE',$,'BR1-2F',$,$,(#7005),(#7007,#7015,#7093),$,$,.DOOR.,.SINGLE_SWING_LEFT.,$,$);
#7005=IFCPROPERTYSET('0afB9Wz9z7Xv2ROPg_KMSX',$,'BBIM_Door',$,(#7006));
#7006=IFCPROPERTYSINGLEVALUE('Data',$,IFCTEXT('{"door_type": "SINGLE_SWING_LEFT", "overall_height": 2.0, "overall_width": 0.8836711645126343, "lining_properties": {"lining_depth": 0.05000000074505806, "lining_thickness": 0.05000000074505806, "lining_offset": 0.0, "lining_to_panel_offset_x": 0.02500000037252903, "lining_to_panel_offset_y": 0.02500000037252903, "transom_thickness": 0.0, "casing_thickness": 0.07500000298023224, "casing_depth": 0.004999999888241291, "threshold_thickness": 0.02500000037252903, "threshold_depth": 0.10000000149011612, "threshold_offset": 0.0}, "panel_properties": {"panel_depth": 0.03500000014901161, "panel_width_ratio": 1.0}}'),$);
#7007=IFCREPRESENTATIONMAP(#7008,#7179);
#7008=IFCAXIS2PLACEMENT3D(#7009,#7010,#7011);
#7009=IFCCARTESIANPOINT((0.,0.,0.));
#7010=IFCDIRECTION((0.,0.,1.));
#7011=IFCDIRECTION((1.,0.,0.));
#7015=IFCREPRESENTATIONMAP(#7016,#7252);
#7016=IFCAXIS2PLACEMENT3D(#7017,#7018,#7019);
#7017=IFCCARTESIANPOINT((0.,0.,0.));
#7018=IFCDIRECTION((0.,0.,1.));
#7019=IFCDIRECTION((1.,0.,0.));
#7093=IFCREPRESENTATIONMAP(#7094,#7270);
#7094=IFCAXIS2PLACEMENT3D(#7095,#7096,#7097);
#7095=IFCCARTESIANPOINT((0.,0.,0.));
#7096=IFCDIRECTION((0.,0.,1.));
#7097=IFCDIRECTION((1.,0.,0.));
#7112=IFCDOOR('3nkOVdWDn0su__Mxj9UCgO',$,'Door',$,$,#7295,#7121,$,2.,0.88367116451263428,$,.SINGLE_SWING_LEFT.,$);
#7113=IFCRELDEFINESBYTYPE('1yJtoHdkb7re7OrRCaWT_J',$,$,$,(#7112),#7004);
#7114=IFCCARTESIANPOINT((0.,0.,0.));
#7115=IFCDIRECTION((1.,0.,0.));
#7116=IFCDIRECTION((0.,1.,0.));
#7117=IFCDIRECTION((0.,0.,1.));
#7118=IFCCARTESIANTRANSFORMATIONOPERATOR3D(#7115,#7116,#7114,1.,#7117);
#7119=IFCMAPPEDITEM(#7007,#7118);
#7120=IFCSHAPEREPRESENTATION(#18,'Profile','MappedRepresentation',(#7119));
#7121=IFCPRODUCTDEFINITIONSHAPE($,$,(#7120,#7128,#7135));
#7122=IFCCARTESIANPOINT((0.,0.,0.));
#7123=IFCDIRECTION((1.,0.,0.));
#7124=IFCDIRECTION((0.,1.,0.));
#7125=IFCDIRECTION((0.,0.,1.));
#7126=IFCCARTESIANTRANSFORMATIONOPERATOR3D(#7123,#7124,#7122,1.,#7125);
#7127=IFCMAPPEDITEM(#7015,#7126);
#7128=IFCSHAPEREPRESENTATION(#11,'Body','MappedRepresentation',(#7127));
#7129=IFCCARTESIANPOINT((0.,0.,0.));
#7130=IFCDIRECTION((1.,0.,0.));
#7131=IFCDIRECTION((0.,1.,0.));
#7132=IFCDIRECTION((0.,0.,1.));
#7133=IFCCARTESIANTRANSFORMATIONOPERATOR3D(#7130,#7131,#7129,1.,#7132);
#7134=IFCMAPPEDITEM(#7093,#7133);
#7135=IFCSHAPEREPRESENTATION(#24,'Body','MappedRepresentation',(#7134));
#7136=IFCOPENINGELEMENT('0If3Z_iuH2zg$BGoFpB6Dl',$,'Opening',$,$,#7290,#7164,$,.OPENING.);
#7152=IFCCARTESIANPOINT((0.,0.,0.));
#7153=IFCDIRECTION((1.,0.,0.));
#7154=IFCDIRECTION((0.,0.,1.));
#7155=IFCAXIS2PLACEMENT3D(#7152,#7154,#7153);
#7156=IFCREPRESENTATIONMAP(#7155,#7280);
#7157=IFCCARTESIANPOINT((0.,0.,0.));
#7158=IFCDIRECTION((1.,0.,0.));
#7159=IFCDIRECTION((0.,1.,0.));
#7160=IFCDIRECTION((0.,0.,1.));
#7161=IFCCARTESIANTRANSFORMATIONOPERATOR3D(#7158,#7159,#7157,1.,#7160);
#7162=IFCMAPPEDITEM(#7156,#7161);
#7163=IFCSHAPEREPRESENTATION(#11,'Body','MappedRepresentation',(#7162));
#7164=IFCPRODUCTDEFINITIONSHAPE($,$,(#7163));
#7165=IFCRELVOIDSELEMENT('1w$ppiy250HuZMy47MxSkT',$,$,$,#5333,#7136);
#7171=IFCRELFILLSELEMENT('0M2D$ihC5CB9vEzkZZv9bO',$,$,$,#7136,#7112);
#7177=IFCCARTESIANPOINTLIST3D(((0.,0.,0.),(0.88367116451263428,0.,0.),(0.88367116451263428,0.,2.),(0.,0.,2.)));
#7178=IFCINDEXEDPOLYCURVE(#7177,(IFCLINEINDEX((1,2,3,4,1))),$);
#7179=IFCSHAPEREPRESENTATION(#18,'Profile','Curve3D',(#7178));
#7180=IFCCARTESIANPOINTLIST2D(((0.,0.),(0.,2.),(0.88367116451263428,2.),(0.88367116451263428,0.),(0.85867116414010525,0.),(0.85867116414010525,1.974999999627471),(0.02500000037252903,1.974999999627471),(0.02500000037252903,0.)));
#7181=IFCINDEXEDPOLYCURVE(#7180,(IFCLINEINDEX((1,2,3,4,5,6,7,8,1))),$);
#7182=IFCARBITRARYCLOSEDPROFILEDEF(.AREA.,$,#7181);
#7183=IFCCARTESIANPOINT((0.,0.02500000037252903,0.));
#7184=IFCDIRECTION((0.,-1.,0.));
#7185=IFCDIRECTION((1.,0.,0.));
#7186=IFCAXIS2PLACEMENT3D(#7183,#7184,#7185);
#7187=IFCDIRECTION((0.,0.,-1.));
#7188=IFCEXTRUDEDAREASOLID(#7182,#7186,#7187,0.02500000037252903);
#7189=IFCCARTESIANPOINTLIST2D(((0.,0.),(0.,2.),(0.88367116451263428,2.),(0.88367116451263428,0.),(0.83367116376757622,0.),(0.83367116376757622,1.9499999992549419),(0.05000000074505806,1.9499999992549419),(0.05000000074505806,0.)));
#7190=IFCINDEXEDPOLYCURVE(#7189,(IFCLINEINDEX((1,2,3,4,5,6,7,8,1))),$);
#7191=IFCARBITRARYCLOSEDPROFILEDEF(.AREA.,$,#7190);
#7192=IFCCARTESIANPOINT((0.,0.,0.));
#7193=IFCDIRECTION((0.,-1.,0.));
#7194=IFCDIRECTION((1.,0.,0.));
#7195=IFCAXIS2PLACEMENT3D(#7192,#7193,#7194);
#7196=IFCDIRECTION((0.,0.,-1.));
#7197=IFCEXTRUDEDAREASOLID(#7191,#7195,#7196,0.02500000037252903);
#7198=IFCCARTESIANPOINTLIST2D(((0.,0.),(0.78367116302251816,0.),(0.78367116302251816,0.10000000149011612),(0.,0.10000000149011612)));
#7199=IFCINDEXEDPOLYCURVE(#7198,(IFCLINEINDEX((1,2,3,4,1))),$);
#7200=IFCARBITRARYCLOSEDPROFILEDEF(.AREA.,$,#7199);
#7201=IFCCARTESIANPOINT((0.05000000074505806,0.,0.));
#7202=IFCDIRECTION((0.,0.,1.));
#7203=IFCDIRECTION((1.,0.,0.));
#7204=IFCAXIS2PLACEMENT3D(#7201,#7202,#7203);
#7205=IFCDIRECTION((0.,0.,1.));
#7206=IFCEXTRUDEDAREASOLID(#7200,#7204,#7205,0.02500000037252903);
#7207=IFCCARTESIANPOINTLIST2D(((0.,0.),(0.,2.0250000022351742),(0.93367116898298264,2.0250000022351742),(0.93367116898298264,0.),(0.8586711660027504,0.),(0.8586711660027504,1.9499999992549419),(0.075000002980232239,1.9499999992549419),(0.075000002980232239,0.)));
#7208=IFCINDEXEDPOLYCURVE(#7207,(IFCLINEINDEX((1,2,3,4,5,6,7,8,1))),$);
#7209=IFCARBITRARYCLOSEDPROFILEDEF(.AREA.,$,#7208);
#7210=IFCCARTESIANPOINT((-0.025000002235174179,-0.004999999888241291,0.));
#7211=IFCDIRECTION((0.,-1.,0.));
#7212=IFCDIRECTION((1.,0.,0.));
#7213=IFCAXIS2PLACEMENT3D(#7210,#7211,#7212);
#7214=IFCDIRECTION((0.,0.,-1.));
#7215=IFCEXTRUDEDAREASOLID(#7209,#7213,#7214,0.004999999888241291);
#7216=IFCCARTESIANPOINTLIST2D(((0.,0.),(0.,2.0250000022351742),(0.93367116898298264,2.0250000022351742),(0.93367116898298264,0.),(0.88367116637527943,0.),(0.88367116637527943,1.974999999627471),(0.050000002607703209,1.974999999627471),(0.050000002607703209,0.)));
#7217=IFCINDEXEDPOLYCURVE(#7216,(IFCLINEINDEX((1,2,3,4,5,6,7,8,1))),$);
#7218=IFCARBITRARYCLOSEDPROFILEDEF(.AREA.,$,#7217);
#7219=IFCCARTESIANPOINT((-0.025000002235174179,0.05000000074505806,0.));
#7220=IFCDIRECTION((0.,-1.,0.));
#7221=IFCDIRECTION((1.,0.,0.));
#7222=IFCAXIS2PLACEMENT3D(#7219,#7220,#7221);
#7223=IFCDIRECTION((0.,0.,-1.));
#7224=IFCEXTRUDEDAREASOLID(#7218,#7222,#7223,0.004999999888241291);
#7225=IFCCARTESIANPOINTLIST2D(((0.,0.),(0.83367116376757622,0.),(0.83367116376757622,0.035000000149011612),(0.,0.035000000149011612)));
#7226=IFCINDEXEDPOLYCURVE(#7225,(IFCLINEINDEX((1,2,3,4,1))),$);
#7227=IFCARBITRARYCLOSEDPROFILEDEF(.AREA.,$,#7226);
#7228=IFCCARTESIANPOINT((0.02500000037252903,0.02500000037252903,0.02500000037252903));
#7229=IFCDIRECTION((0.,0.,1.));
#7230=IFCDIRECTION((1.,0.,0.));
#7231=IFCAXIS2PLACEMENT3D(#7228,#7229,#7230);
#7232=IFCDIRECTION((0.,0.,1.));
#7233=IFCEXTRUDEDAREASOLID(#7227,#7231,#7232,1.9499999992549419);
#7234=IFCCARTESIANPOINTLIST2D(((0.,0.),(0.,-0.040000000000000001),(-0.11999999999999988,-0.040000000000000001),(-0.11999999999999988,-0.02),(-0.020000000000000018,-0.02),(-0.020000000000000018,0.)));
#7235=IFCINDEXEDPOLYCURVE(#7234,(IFCLINEINDEX((1,2,3,4,5,6,1))),$);
#7236=IFCARBITRARYCLOSEDPROFILEDEF(.AREA.,$,#7235);
#7237=IFCCARTESIANPOINT((0.8086711641401052,0.02500000037252903,1.015000000372529));
#7238=IFCDIRECTION((0.,0.,1.));
#7239=IFCDIRECTION((1.,0.,0.));
#7240=IFCAXIS2PLACEMENT3D(#7237,#7238,#7239);
#7241=IFCDIRECTION((0.,0.,1.));
#7242=IFCEXTRUDEDAREASOLID(#7236,#7240,#7241,0.02);
#7243=IFCEXTRUDEDAREASOLID(#7244,#7247,#7251,0.02);
#7244=IFCARBITRARYCLOSEDPROFILEDEF(.AREA.,$,#7245);
#7245=IFCINDEXEDPOLYCURVE(#7246,(IFCLINEINDEX((1,2,3,4,5,6,1))),$);
#7246=IFCCARTESIANPOINTLIST2D(((0.,0.),(0.,0.040000000000000008),(-0.11999999999999988,0.040000000000000008),(-0.11999999999999988,0.020000000000000004),(-0.020000000000000018,0.020000000000000004),(-0.020000000000000018,0.)));
#7247=IFCAXIS2PLACEMENT3D(#7248,#7249,#7250);
#7248=IFCCARTESIANPOINT((0.8086711641401052,0.060000000521540642,1.015000000372529));
#7249=IFCDIRECTION((0.,0.,1.));
#7250=IFCDIRECTION((1.,0.,0.));
#7251=IFCDIRECTION((0.,0.,1.));
#7252=IFCSHAPEREPRESENTATION(#11,'Body','SweptSolid',(#7188,#7197,#7233,#7242,#7243,#7206,#7215,#7224));
#7253=IFCSHAPEREPRESENTATION(#11,'Body','SweptSolid',(#7188,#7197,#7206,#7215,#7224));
#7254=IFCSHAPEASPECT((#7253),'Lining',$,.T.,#7121);
#7255=IFCSHAPEREPRESENTATION(#11,'Body','SweptSolid',(#7233,#7242,#7243));
#7256=IFCSHAPEASPECT((#7255),'Framing',$,.T.,#7121);
#7257=IFCCARTESIANPOINTLIST2D(((0.,0.),(0.,0.05000000074505806),(0.02500000037252903,0.05000000074505806),(0.02500000037252903,0.02500000037252903),(0.05000000074505806,0.02500000037252903),(0.05000000074505806,0.)));
#7258=IFCINDEXEDPOLYCURVE(#7257,(IFCLINEINDEX((1,2,3,4,5,6,1))),$);
#7259=IFCINDEXEDPOLYCURVE(#7260,(IFCLINEINDEX((1,2,3,4,5,6,1))),$);
#7260=IFCCARTESIANPOINTLIST2D(((0.88367116451263428,0.),(0.88367116451263428,0.05000000074505806),(0.85867116414010525,0.05000000074505806),(0.85867116414010525,0.02500000037252903),(0.83367116376757622,0.02500000037252903),(0.83367116376757622,0.)));
#7261=IFCDIRECTION((1.,0.));
#7262=IFCCARTESIANPOINT((0.060000000521540642,0.05000000074505806));
#7263=IFCAXIS2PLACEMENT2D(#7262,#7261);
#7264=IFCELLIPSE(#7263,0.79867116361856461,0.83367116376757622);
#7265=IFCCARTESIANPOINT((0.85867116414010525,0.05000000074505806));
#7266=IFCCARTESIANPOINT((0.060000000521540642,0.88367116451263428));
#7267=IFCTRIMMEDCURVE(#7264,(#7265),(#7266),.T.,.CARTESIAN.);
#7268=IFCCARTESIANPOINTLIST2D(((0.02500000037252903,0.05000000074505806),(0.060000000521540642,0.05000000074505806),(0.060000000521540642,0.88367116451263428),(0.02500000037252903,0.88367116451263428)));
#7269=IFCINDEXEDPOLYCURVE(#7268,(IFCLINEINDEX((1,2,3,4,1))),$);
#7270=IFCSHAPEREPRESENTATION(#24,'Body','Curve2D',(#7258,#7259,#7267,#7269));
#7271=IFCCARTESIANPOINTLIST2D(((0.,0.),(0.88367116451263428,0.),(0.88367116451263428,2.),(0.,2.)));
#7272=IFCINDEXEDPOLYCURVE(#7271,(IFCLINEINDEX((1,2,3,4,1))),$);
#7273=IFCARBITRARYCLOSEDPROFILEDEF(.AREA.,$,#7272);
#7274=IFCCARTESIANPOINT((0.,-0.60000002384185791,0.));
#7275=IFCDIRECTION((0.,-1.,0.));
#7276=IFCDIRECTION((1.,0.,0.));
#7277=IFCAXIS2PLACEMENT3D(#7274,#7275,#7276);
#7278=IFCDIRECTION((0.,0.,-1.));
#7279=IFCEXTRUDEDAREASOLID(#7273,#7277,#7278,1.2);
#7280=IFCSHAPEREPRESENTATION(#11,'Body','SweptSolid',(#7279));
#7286=IFCCARTESIANPOINT((2.8025741771856838,0.10000035732904503,0.));
#7287=IFCDIRECTION((0.,0.,1.));
#7288=IFCDIRECTION((-0.99999999999999623,-8.7422790784325385E-08,0.));
#7289=IFCAXIS2PLACEMENT3D(#7286,#7287,#7288);
#7290=IFCLOCALPLACEMENT(#5375,#7289);
#7291=IFCCARTESIANPOINT((-1.3322676295501878E-15,0.,0.));
#7292=IFCDIRECTION((0.,0.,1.));
#7293=IFCDIRECTION((1.,0.,0.));
#7294=IFCAXIS2PLACEMENT3D(#7291,#7292,#7293);
#7295=IFCLOCALPLACEMENT(#7290,#7294);
#7296=IFCDOORTYPE('3QiQb80nr4fuJB6gRdflt9',$,'BATHROOM-2F',$,$,(#7297),(#7299,#7307,#7385),$,$,.DOOR.,.SINGLE_SWING_LEFT.,$,$);
#7297=IFCPROPERTYSET('0HgAXSblLDbA3ojhDVufca',$,'BBIM_Door',$,(#7298));
#7298=IFCPROPERTYSINGLEVALUE('Data',$,IFCTEXT('{"door_type": "SINGLE_SWING_LEFT", "overall_height": 2.0, "overall_width": 0.7653869390487671, "lining_properties": {"lining_depth": 0.05000000074505806, "lining_thickness": 0.05000000074505806, "lining_offset": 0.0, "lining_to_panel_offset_x": 0.02500000037252903, "lining_to_panel_offset_y": 0.02500000037252903, "transom_thickness": 0.0, "casing_thickness": 0.07500000298023224, "casing_depth": 0.004999999888241291, "threshold_thickness": 0.02500000037252903, "threshold_depth": 0.10000000149011612, "threshold_offset": 0.0}, "panel_properties": {"panel_depth": 0.03500000014901161, "panel_width_ratio": 1.0}}'),$);
#7299=IFCREPRESENTATIONMAP(#7300,#7471);
#7300=IFCAXIS2PLACEMENT3D(#7301,#7302,#7303);
#7301=IFCCARTESIANPOINT((0.,0.,0.));
#7302=IFCDIRECTION((0.,0.,1.));
#7303=IFCDIRECTION((1.,0.,0.));
#7307=IFCREPRESENTATIONMAP(#7308,#7544);
#7308=IFCAXIS2PLACEMENT3D(#7309,#7310,#7311);
#7309=IFCCARTESIANPOINT((0.,0.,0.));
#7310=IFCDIRECTION((0.,0.,1.));
#7311=IFCDIRECTION((1.,0.,0.));
#7385=IFCREPRESENTATIONMAP(#7386,#7562);
#7386=IFCAXIS2PLACEMENT3D(#7387,#7388,#7389);
#7387=IFCCARTESIANPOINT((0.,0.,0.));
#7388=IFCDIRECTION((0.,0.,1.));
#7389=IFCDIRECTION((1.,0.,0.));
#7404=IFCDOOR('1911XN4Qn9Wem7v8Dljefz',$,'Door',$,$,#7587,#7413,$,2.,0.76538693904876709,$,.SINGLE_SWING_LEFT.,$);
#7405=IFCRELDEFINESBYTYPE('0H3K3rJkz4yQu0QigfBYwA',$,$,$,(#7404),#7296);
#7406=IFCCARTESIANPOINT((0.,0.,0.));
#7407=IFCDIRECTION((1.,0.,0.));
#7408=IFCDIRECTION((0.,1.,0.));
#7409=IFCDIRECTION((0.,0.,1.));
#7410=IFCCARTESIANTRANSFORMATIONOPERATOR3D(#7407,#7408,#7406,1.,#7409);
#7411=IFCMAPPEDITEM(#7299,#7410);
#7412=IFCSHAPEREPRESENTATION(#18,'Profile','MappedRepresentation',(#7411));
#7413=IFCPRODUCTDEFINITIONSHAPE($,$,(#7412,#7420,#7427));
#7414=IFCCARTESIANPOINT((0.,0.,0.));
#7415=IFCDIRECTION((1.,0.,0.));
#7416=IFCDIRECTION((0.,1.,0.));
#7417=IFCDIRECTION((0.,0.,1.));
#7418=IFCCARTESIANTRANSFORMATIONOPERATOR3D(#7415,#7416,#7414,1.,#7417);
#7419=IFCMAPPEDITEM(#7307,#7418);
#7420=IFCSHAPEREPRESENTATION(#11,'Body','MappedRepresentation',(#7419));
#7421=IFCCARTESIANPOINT((0.,0.,0.));
#7422=IFCDIRECTION((1.,0.,0.));
#7423=IFCDIRECTION((0.,1.,0.));
#7424=IFCDIRECTION((0.,0.,1.));
#7425=IFCCARTESIANTRANSFORMATIONOPERATOR3D(#7422,#7423,#7421,1.,#7424);
#7426=IFCMAPPEDITEM(#7385,#7425);
#7427=IFCSHAPEREPRESENTATION(#24,'Body','MappedRepresentation',(#7426));
#7428=IFCOPENINGELEMENT('2MNSJaE$nE_fxKjf9Tppvv',$,'Opening',$,$,#7582,#7456,$,.OPENING.);
#7444=IFCCARTESIANPOINT((0.,0.,0.));
#7445=IFCDIRECTION((1.,0.,0.));
#7446=IFCDIRECTION((0.,0.,1.));
#7447=IFCAXIS2PLACEMENT3D(#7444,#7446,#7445);
#7448=IFCREPRESENTATIONMAP(#7447,#7572);
#7449=IFCCARTESIANPOINT((0.,0.,0.));
#7450=IFCDIRECTION((1.,0.,0.));
#7451=IFCDIRECTION((0.,1.,0.));
#7452=IFCDIRECTION((0.,0.,1.));
#7453=IFCCARTESIANTRANSFORMATIONOPERATOR3D(#7450,#7451,#7449,1.,#7452);
#7454=IFCMAPPEDITEM(#7448,#7453);
#7455=IFCSHAPEREPRESENTATION(#11,'Body','MappedRepresentation',(#7454));
#7456=IFCPRODUCTDEFINITIONSHAPE($,$,(#7455));
#7457=IFCRELVOIDSELEMENT('35XXFVwV91BBpw$WmKKknY',$,$,$,#5532,#7428);
#7463=IFCRELFILLSELEMENT('3WuRi$gozDoeUJOb4osaD8',$,$,$,#7428,#7404);
#7469=IFCCARTESIANPOINTLIST3D(((0.,0.,0.),(0.76538693904876709,0.,0.),(0.76538693904876709,0.,2.),(0.,0.,2.)));
#7470=IFCINDEXEDPOLYCURVE(#7469,(IFCLINEINDEX((1,2,3,4,1))),$);
#7471=IFCSHAPEREPRESENTATION(#18,'Profile','Curve3D',(#7470));
#7472=IFCCARTESIANPOINTLIST2D(((0.,0.),(0.,2.),(0.76538693904876709,2.),(0.76538693904876709,0.),(0.74038693867623806,0.),(0.74038693867623806,1.974999999627471),(0.02500000037252903,1.974999999627471),(0.02500000037252903,0.)));
#7473=IFCINDEXEDPOLYCURVE(#7472,(IFCLINEINDEX((1,2,3,4,5,6,7,8,1))),$);
#7474=IFCARBITRARYCLOSEDPROFILEDEF(.AREA.,$,#7473);
#7475=IFCCARTESIANPOINT((0.,0.02500000037252903,0.));
#7476=IFCDIRECTION((0.,-1.,0.));
#7477=IFCDIRECTION((1.,0.,0.));
#7478=IFCAXIS2PLACEMENT3D(#7475,#7476,#7477);
#7479=IFCDIRECTION((0.,0.,-1.));
#7480=IFCEXTRUDEDAREASOLID(#7474,#7478,#7479,0.02500000037252903);
#7481=IFCCARTESIANPOINTLIST2D(((0.,0.),(0.,2.),(0.76538693904876709,2.),(0.76538693904876709,0.),(0.71538693830370903,0.),(0.71538693830370903,1.9499999992549419),(0.05000000074505806,1.9499999992549419),(0.05000000074505806,0.)));
#7482=IFCINDEXEDPOLYCURVE(#7481,(IFCLINEINDEX((1,2,3,4,5,6,7,8,1))),$);
#7483=IFCARBITRARYCLOSEDPROFILEDEF(.AREA.,$,#7482);
#7484=IFCCARTESIANPOINT((0.,0.,0.));
#7485=IFCDIRECTION((0.,-1.,0.));
#7486=IFCDIRECTION((1.,0.,0.));
#7487=IFCAXIS2PLACEMENT3D(#7484,#7485,#7486);
#7488=IFCDIRECTION((0.,0.,-1.));
#7489=IFCEXTRUDEDAREASOLID(#7483,#7487,#7488,0.02500000037252903);
#7490=IFCCARTESIANPOINTLIST2D(((0.,0.),(0.66538693755865097,0.),(0.66538693755865097,0.10000000149011612),(0.,0.10000000149011612)));
#7491=IFCINDEXEDPOLYCURVE(#7490,(IFCLINEINDEX((1,2,3,4,1))),$);
#7492=IFCARBITRARYCLOSEDPROFILEDEF(.AREA.,$,#7491);
#7493=IFCCARTESIANPOINT((0.05000000074505806,0.,0.));
#7494=IFCDIRECTION((0.,0.,1.));
#7495=IFCDIRECTION((1.,0.,0.));
#7496=IFCAXIS2PLACEMENT3D(#7493,#7494,#7495);
#7497=IFCDIRECTION((0.,0.,1.));
#7498=IFCEXTRUDEDAREASOLID(#7492,#7496,#7497,0.02500000037252903);
#7499=IFCCARTESIANPOINTLIST2D(((0.,0.),(0.,2.0250000022351742),(0.81538694351911545,2.0250000022351742),(0.81538694351911545,0.),(0.74038694053888321,0.),(0.74038694053888321,1.9499999992549419),(0.075000002980232239,1.9499999992549419),(0.075000002980232239,0.)));
#7500=IFCINDEXEDPOLYCURVE(#7499,(IFCLINEINDEX((1,2,3,4,5,6,7,8,1))),$);
#7501=IFCARBITRARYCLOSEDPROFILEDEF(.AREA.,$,#7500);
#7502=IFCCARTESIANPOINT((-0.025000002235174179,-0.004999999888241291,0.));
#7503=IFCDIRECTION((0.,-1.,0.));
#7504=IFCDIRECTION((1.,0.,0.));
#7505=IFCAXIS2PLACEMENT3D(#7502,#7503,#7504);
#7506=IFCDIRECTION((0.,0.,-1.));
#7507=IFCEXTRUDEDAREASOLID(#7501,#7505,#7506,0.004999999888241291);
#7508=IFCCARTESIANPOINTLIST2D(((0.,0.),(0.,2.0250000022351742),(0.81538694351911545,2.0250000022351742),(0.81538694351911545,0.),(0.76538694091141224,0.),(0.76538694091141224,1.974999999627471),(0.050000002607703209,1.974999999627471),(0.050000002607703209,0.)));
#7509=IFCINDEXEDPOLYCURVE(#7508,(IFCLINEINDEX((1,2,3,4,5,6,7,8,1))),$);
#7510=IFCARBITRARYCLOSEDPROFILEDEF(.AREA.,$,#7509);
#7511=IFCCARTESIANPOINT((-0.025000002235174179,0.05000000074505806,0.));
#7512=IFCDIRECTION((0.,-1.,0.));
#7513=IFCDIRECTION((1.,0.,0.));
#7514=IFCAXIS2PLACEMENT3D(#7511,#7512,#7513);
#7515=IFCDIRECTION((0.,0.,-1.));
#7516=IFCEXTRUDEDAREASOLID(#7510,#7514,#7515,0.004999999888241291);
#7517=IFCCARTESIANPOINTLIST2D(((0.,0.),(0.71538693830370903,0.),(0.71538693830370903,0.035000000149011612),(0.,0.035000000149011612)));
#7518=IFCINDEXEDPOLYCURVE(#7517,(IFCLINEINDEX((1,2,3,4,1))),$);
#7519=IFCARBITRARYCLOSEDPROFILEDEF(.AREA.,$,#7518);
#7520=IFCCARTESIANPOINT((0.02500000037252903,0.02500000037252903,0.02500000037252903));
#7521=IFCDIRECTION((0.,0.,1.));
#7522=IFCDIRECTION((1.,0.,0.));
#7523=IFCAXIS2PLACEMENT3D(#7520,#7521,#7522);
#7524=IFCDIRECTION((0.,0.,1.));
#7525=IFCEXTRUDEDAREASOLID(#7519,#7523,#7524,1.9499999992549419);
#7526=IFCCARTESIANPOINTLIST2D(((0.,0.),(0.,-0.040000000000000001),(-0.11999999999999988,-0.040000000000000001),(-0.11999999999999988,-0.02),(-0.020000000000000018,-0.02),(-0.020000000000000018,0.)));
#7527=IFCINDEXEDPOLYCURVE(#7526,(IFCLINEINDEX((1,2,3,4,5,6,1))),$);
#7528=IFCARBITRARYCLOSEDPROFILEDEF(.AREA.,$,#7527);
#7529=IFCCARTESIANPOINT((0.69038693867623802,0.02500000037252903,1.015000000372529));
#7530=IFCDIRECTION((0.,0.,1.));
#7531=IFCDIRECTION((1.,0.,0.));
#7532=IFCAXIS2PLACEMENT3D(#7529,#7530,#7531);
#7533=IFCDIRECTION((0.,0.,1.));
#7534=IFCEXTRUDEDAREASOLID(#7528,#7532,#7533,0.02);
#7535=IFCEXTRUDEDAREASOLID(#7536,#7539,#7543,0.02);
#7536=IFCARBITRARYCLOSEDPROFILEDEF(.AREA.,$,#7537);
#7537=IFCINDEXEDPOLYCURVE(#7538,(IFCLINEINDEX((1,2,3,4,5,6,1))),$);
#7538=IFCCARTESIANPOINTLIST2D(((0.,0.),(0.,0.040000000000000008),(-0.11999999999999988,0.040000000000000008),(-0.11999999999999988,0.020000000000000004),(-0.020000000000000018,0.020000000000000004),(-0.020000000000000018,0.)));
#7539=IFCAXIS2PLACEMENT3D(#7540,#7541,#7542);
#7540=IFCCARTESIANPOINT((0.69038693867623802,0.060000000521540642,1.015000000372529));
#7541=IFCDIRECTION((0.,0.,1.));
#7542=IFCDIRECTION((1.,0.,0.));
#7543=IFCDIRECTION((0.,0.,1.));
#7544=IFCSHAPEREPRESENTATION(#11,'Body','SweptSolid',(#7480,#7489,#7525,#7534,#7535,#7498,#7507,#7516));
#7545=IFCSHAPEREPRESENTATION(#11,'Body','SweptSolid',(#7480,#7489,#7498,#7507,#7516));
#7546=IFCSHAPEASPECT((#7545),'Lining',$,.T.,#7413);
#7547=IFCSHAPEREPRESENTATION(#11,'Body','SweptSolid',(#7525,#7534,#7535));
#7548=IFCSHAPEASPECT((#7547),'Framing',$,.T.,#7413);
#7549=IFCCARTESIANPOINTLIST2D(((0.,0.),(0.,0.05000000074505806),(0.02500000037252903,0.05000000074505806),(0.02500000037252903,0.02500000037252903),(0.05000000074505806,0.02500000037252903),(0.05000000074505806,0.)));
#7550=IFCINDEXEDPOLYCURVE(#7549,(IFCLINEINDEX((1,2,3,4,5,6,1))),$);
#7551=IFCINDEXEDPOLYCURVE(#7552,(IFCLINEINDEX((1,2,3,4,5,6,1))),$);
#7552=IFCCARTESIANPOINTLIST2D(((0.76538693904876709,0.),(0.76538693904876709,0.05000000074505806),(0.74038693867623806,0.05000000074505806),(0.74038693867623806,0.02500000037252903),(0.71538693830370903,0.02500000037252903),(0.71538693830370903,0.)));
#7553=IFCDIRECTION((1.,0.));
#7554=IFCCARTESIANPOINT((0.060000000521540642,0.05000000074505806));
#7555=IFCAXIS2PLACEMENT2D(#7554,#7553);
#7556=IFCELLIPSE(#7555,0.68038693815469742,0.71538693830370903);
#7557=IFCCARTESIANPOINT((0.74038693867623806,0.05000000074505806));
#7558=IFCCARTESIANPOINT((0.060000000521540642,0.76538693904876709));
#7559=IFCTRIMMEDCURVE(#7556,(#7557),(#7558),.T.,.CARTESIAN.);
#7560=IFCCARTESIANPOINTLIST2D(((0.02500000037252903,0.05000000074505806),(0.060000000521540642,0.05000000074505806),(0.060000000521540642,0.76538693904876709),(0.02500000037252903,0.76538693904876709)));
#7561=IFCINDEXEDPOLYCURVE(#7560,(IFCLINEINDEX((1,2,3,4,1))),$);
#7562=IFCSHAPEREPRESENTATION(#24,'Body','Curve2D',(#7550,#7551,#7559,#7561));
#7563=IFCCARTESIANPOINTLIST2D(((0.,0.),(0.76538693904876709,0.),(0.76538693904876709,2.),(0.,2.)));
#7564=IFCINDEXEDPOLYCURVE(#7563,(IFCLINEINDEX((1,2,3,4,1))),$);
#7565=IFCARBITRARYCLOSEDPROFILEDEF(.AREA.,$,#7564);
#7566=IFCCARTESIANPOINT((0.,-0.60000002384185791,0.));
#7567=IFCDIRECTION((0.,-1.,0.));
#7568=IFCDIRECTION((1.,0.,0.));
#7569=IFCAXIS2PLACEMENT3D(#7566,#7567,#7568);
#7570=IFCDIRECTION((0.,0.,-1.));
#7571=IFCEXTRUDEDAREASOLID(#7565,#7569,#7570,1.2);
#7572=IFCSHAPEREPRESENTATION(#11,'Body','SweptSolid',(#7571));
#7578=IFCCARTESIANPOINT((0.37300149315539732,0.014999866485595703,0.));
#7579=IFCDIRECTION((0.,0.,1.));
#7580=IFCDIRECTION((0.99999999999997158,-2.3841857910155572E-07,0.));
#7581=IFCAXIS2PLACEMENT3D(#7578,#7579,#7580);
#7582=IFCLOCALPLACEMENT(#5593,#7581);
#7583=IFCCARTESIANPOINT((1.1102230246251565E-16,8.8817841970012523E-16,0.));
#7584=IFCDIRECTION((0.,0.,1.));
#7585=IFCDIRECTION((1.,2.6469779601696886E-23,0.));
#7586=IFCAXIS2PLACEMENT3D(#7583,#7584,#7585);
#7587=IFCLOCALPLACEMENT(#7582,#7586);
#7588=IFCWINDOWTYPE('0oJWTPu0r8Fgjb5EenOXPx',$,'BR2-2F',$,$,(#7589),(#7591,#7599,#7685),$,$,.WINDOW.,.SINGLE_PANEL.,$,$);
#7589=IFCPROPERTYSET('0RL6G1AZHAcRar$OoqqBfR',$,'BBIM_Window',$,(#7590));
#7590=IFCPROPERTYSINGLEVALUE('Data',$,IFCTEXT('{"window_type": "DOUBLE_PANEL_VERTICAL", "overall_height": 0.8999999761581421, "overall_width": 1.2154366970062256, "lining_properties": {"lining_depth": 0.05000000074505806, "lining_thickness": 0.05000000074505806, "lining_offset": 0.05000000074505806, "lining_to_panel_offset_x": 0.02500000037252903, "lining_to_panel_offset_y": 0.02500000037252903, "mullion_thickness": 0.05000000074505806, "first_mullion_offset": 0.6149788498878479}, "panel_properties": {"frame_depth": [0.03500000014901161, 0.03500000014901161, 0.03500000014901161], "frame_thickness": [0.03500000014901161, 0.03500000014901161, 0.03500000014901161]}}'),$);
#7591=IFCREPRESENTATIONMAP(#7592,#7820);
#7592=IFCAXIS2PLACEMENT3D(#7593,#7594,#7595);
#7593=IFCCARTESIANPOINT((0.,0.,0.));
#7594=IFCDIRECTION((0.,0.,1.));
#7595=IFCDIRECTION((1.,0.,0.));
#7599=IFCREPRESENTATIONMAP(#7600,#7901);
#7600=IFCAXIS2PLACEMENT3D(#7601,#7602,#7603);
#7601=IFCCARTESIANPOINT((0.,0.,0.));
#7602=IFCDIRECTION((0.,0.,1.));
#7603=IFCDIRECTION((1.,0.,0.));
#7685=IFCREPRESENTATIONMAP(#7686,#7940);
#7686=IFCAXIS2PLACEMENT3D(#7687,#7688,#7689);
#7687=IFCCARTESIANPOINT((0.,0.,0.));
#7688=IFCDIRECTION((0.,0.,1.));
#7689=IFCDIRECTION((1.,0.,0.));
#7723=IFCWINDOW('2n_ZSGTmTC$RNTakO7oWPV',$,'Window',$,$,#7965,#7732,$,0.89999997615814209,1.2154366970062256,$,.DOUBLE_PANEL_VERTICAL.,$);
#7724=IFCRELDEFINESBYTYPE('28XIeaQXb89uRDOwSevf5r',$,$,$,(#7723),#7588);
#7725=IFCCARTESIANPOINT((0.,0.,0.));
#7726=IFCDIRECTION((1.,0.,0.));
#7727=IFCDIRECTION((0.,1.,0.));
#7728=IFCDIRECTION((0.,0.,1.));
#7729=IFCCARTESIANTRANSFORMATIONOPERATOR3D(#7726,#7727,#7725,1.,#7728);
#7730=IFCMAPPEDITEM(#7591,#7729);
#7731=IFCSHAPEREPRESENTATION(#18,'Profile','MappedRepresentation',(#7730));
#7732=IFCPRODUCTDEFINITIONSHAPE($,$,(#7731,#7739,#7746));
#7733=IFCCARTESIANPOINT((0.,0.,0.));
#7734=IFCDIRECTION((1.,0.,0.));
#7735=IFCDIRECTION((0.,1.,0.));
#7736=IFCDIRECTION((0.,0.,1.));
#7737=IFCCARTESIANTRANSFORMATIONOPERATOR3D(#7734,#7735,#7733,1.,#7736);
#7738=IFCMAPPEDITEM(#7599,#7737);
#7739=IFCSHAPEREPRESENTATION(#11,'Body','MappedRepresentation',(#7738));
#7740=IFCCARTESIANPOINT((0.,0.,0.));
#7741=IFCDIRECTION((1.,0.,0.));
#7742=IFCDIRECTION((0.,1.,0.));
#7743=IFCDIRECTION((0.,0.,1.));
#7744=IFCCARTESIANTRANSFORMATIONOPERATOR3D(#7741,#7742,#7740,1.,#7743);
#7745=IFCMAPPEDITEM(#7685,#7744);
#7746=IFCSHAPEREPRESENTATION(#24,'Body','MappedRepresentation',(#7745));
#7747=IFCOPENINGELEMENT('3rCeGih7P2iRwEsDVOzYzx',$,'Opening',$,$,#7960,#7775,$,.OPENING.);
#7763=IFCCARTESIANPOINT((0.,0.,0.));
#7764=IFCDIRECTION((1.,0.,0.));
#7765=IFCDIRECTION((0.,0.,1.));
#7766=IFCAXIS2PLACEMENT3D(#7763,#7765,#7764);
#7767=IFCREPRESENTATIONMAP(#7766,#7950);
#7768=IFCCARTESIANPOINT((0.,0.,0.));
#7769=IFCDIRECTION((1.,0.,0.));
#7770=IFCDIRECTION((0.,1.,0.));
#7771=IFCDIRECTION((0.,0.,1.));
#7772=IFCCARTESIANTRANSFORMATIONOPERATOR3D(#7769,#7770,#7768,1.,#7771);
#7773=IFCMAPPEDITEM(#7767,#7772);
#7774=IFCSHAPEREPRESENTATION(#11,'Body','MappedRepresentation',(#7773));
#7775=IFCPRODUCTDEFINITIONSHAPE($,$,(#7774));
#7776=IFCRELVOIDSELEMENT('20Yyo6S_P6zQ4tttl3jak3',$,$,$,#4513,#7747);
#7782=IFCRELFILLSELEMENT('2$gSTugt59IRgTgY8S7_dV',$,$,$,#7747,#7723);
#7818=IFCCARTESIANPOINTLIST3D(((0.,0.,0.),(1.2154366970062256,0.,0.),(1.2154366970062256,0.,0.89999997615814209),(0.,0.,0.89999997615814209)));
#7819=IFCINDEXEDPOLYCURVE(#7818,(IFCLINEINDEX((1,2,3,4,1))),$);
#7820=IFCSHAPEREPRESENTATION(#18,'Profile','Curve3D',(#7819));
#7821=IFCCARTESIANPOINTLIST2D(((0.6149788498878479,0.),(0.,0.),(0.,0.89999997615814209),(0.6149788498878479,0.89999997615814209),(0.6149788498878479,0.87499997578561306),(0.02500000037252903,0.87499997578561306),(0.02500000037252903,0.02500000037252903),(0.6149788498878479,0.02500000037252903)));
#7822=IFCINDEXEDPOLYCURVE(#7821,(IFCLINEINDEX((1,2,3,4,5,6,7,8,1))),$);
#7823=IFCARBITRARYCLOSEDPROFILEDEF(.AREA.,$,#7822);
#7824=IFCCARTESIANPOINT((0.,0.090000001713633537,0.));
#7825=IFCDIRECTION((0.,-1.,0.));
#7826=IFCDIRECTION((1.,0.,0.));
#7827=IFCAXIS2PLACEMENT3D(#7824,#7825,#7826);
#7828=IFCDIRECTION((0.,0.,-1.));
#7829=IFCEXTRUDEDAREASOLID(#7823,#7827,#7828,0.0099999997764825821);
#7830=IFCCARTESIANPOINTLIST2D(((0.,0.),(0.6149788498878479,0.),(0.6149788498878479,0.89999997615814209),(0.,0.89999997615814209)));
#7831=IFCINDEXEDPOLYCURVE(#7830,(IFCLINEINDEX((1,2,3,4,1))),$);
#7832=IFCCARTESIANPOINTLIST2D(((0.05000000074505806,0.05000000074505806),(0.58997884951531887,0.05000000074505806),(0.58997884951531887,0.84999997541308403),(0.05000000074505806,0.84999997541308403)));
#7833=IFCINDEXEDPOLYCURVE(#7832,(IFCLINEINDEX((1,2,3,4,1))),$);
#7834=IFCARBITRARYPROFILEDEFWITHVOIDS(.AREA.,$,#7831,(#7833));
#7835=IFCCARTESIANPOINT((0.,0.05000000074505806,0.));
#7836=IFCDIRECTION((0.,-1.,0.));
#7837=IFCDIRECTION((1.,0.,0.));
#7838=IFCAXIS2PLACEMENT3D(#7835,#7836,#7837);
#7839=IFCDIRECTION((0.,0.,-1.));
#7840=IFCEXTRUDEDAREASOLID(#7834,#7838,#7839,0.040000000968575478);
#7841=IFCCARTESIANPOINTLIST2D(((0.,0.),(0.58997884951531887,0.),(0.58997884951531887,0.84999997541308403),(0.,0.84999997541308403)));
#7842=IFCINDEXEDPOLYCURVE(#7841,(IFCLINEINDEX((1,2,3,4,1))),$);
#7843=IFCCARTESIANPOINTLIST2D(((0.035000000149011612,0.035000000149011612),(0.55497884936630726,0.035000000149011612),(0.55497884936630726,0.81499997526407242),(0.035000000149011612,0.81499997526407242)));
#7844=IFCINDEXEDPOLYCURVE(#7843,(IFCLINEINDEX((1,2,3,4,1))),$);
#7845=IFCARBITRARYPROFILEDEFWITHVOIDS(.AREA.,$,#7842,(#7844));
#7846=IFCCARTESIANPOINT((0.02500000037252903,0.090000001713633537,0.02500000037252903));
#7847=IFCDIRECTION((0.,-1.,0.));
#7848=IFCDIRECTION((1.,0.,0.));
#7849=IFCAXIS2PLACEMENT3D(#7846,#7847,#7848);
#7850=IFCDIRECTION((0.,0.,-1.));
#7851=IFCEXTRUDEDAREASOLID(#7845,#7849,#7850,0.035000000149011612);
#7852=IFCINDEXEDPOLYCURVE(#7853,(IFCLINEINDEX((1,2,3,4,1))),$);
#7853=IFCCARTESIANPOINTLIST2D(((0.035000000149011612,0.035000000149011612),(0.55497884936630726,0.035000000149011612),(0.55497884936630726,0.81499997526407242),(0.035000000149011612,0.81499997526407242)));
#7854=IFCARBITRARYCLOSEDPROFILEDEF(.AREA.,$,#7852);
#7855=IFCCARTESIANPOINT((0.02500000037252903,0.10250000178813934,0.02500000037252903));
#7856=IFCDIRECTION((0.,-1.,0.));
#7857=IFCDIRECTION((1.,0.,0.));
#7858=IFCAXIS2PLACEMENT3D(#7855,#7856,#7857);
#7859=IFCDIRECTION((0.,0.,-1.));
#7860=IFCEXTRUDEDAREASOLID(#7854,#7858,#7859,0.01);
#7861=IFCCARTESIANPOINTLIST2D(((0.,0.89999997615814209),(0.60045784711837769,0.89999997615814209),(0.60045784711837769,0.),(0.,0.),(0.,0.02500000037252903),(0.57545784674584866,0.02500000037252903),(0.57545784674584866,0.87499997578561306),(0.,0.87499997578561306)));
#7862=IFCINDEXEDPOLYCURVE(#7861,(IFCLINEINDEX((1,2,3,4,5,6,7,8,1))),$);
#7863=IFCARBITRARYCLOSEDPROFILEDEF(.AREA.,$,#7862);
#7864=IFCCARTESIANPOINT((0.6149788498878479,0.090000001713633537,0.));
#7865=IFCDIRECTION((0.,-1.,0.));
#7866=IFCDIRECTION((1.,0.,0.));
#7867=IFCAXIS2PLACEMENT3D(#7864,#7865,#7866);
#7868=IFCDIRECTION((0.,0.,-1.));
#7869=IFCEXTRUDEDAREASOLID(#7863,#7867,#7868,0.0099999997764825821);
#7870=IFCCARTESIANPOINTLIST2D(((0.,0.),(0.60045784711837769,0.),(0.60045784711837769,0.89999997615814209),(0.,0.89999997615814209)));
#7871=IFCINDEXEDPOLYCURVE(#7870,(IFCLINEINDEX((1,2,3,4,1))),$);
#7872=IFCCARTESIANPOINTLIST2D(((0.02500000037252903,0.05000000074505806),(0.55045784637331963,0.05000000074505806),(0.55045784637331963,0.84999997541308403),(0.02500000037252903,0.84999997541308403)));
#7873=IFCINDEXEDPOLYCURVE(#7872,(IFCLINEINDEX((1,2,3,4,1))),$);
#7874=IFCARBITRARYPROFILEDEFWITHVOIDS(.AREA.,$,#7871,(#7873));
#7875=IFCCARTESIANPOINT((0.6149788498878479,0.05000000074505806,0.));
#7876=IFCDIRECTION((0.,-1.,0.));
#7877=IFCDIRECTION((1.,0.,0.));
#7878=IFCAXIS2PLACEMENT3D(#7875,#7876,#7877);
#7879=IFCDIRECTION((0.,0.,-1.));
#7880=IFCEXTRUDEDAREASOLID(#7874,#7878,#7879,0.040000000968575478);
#7881=IFCCARTESIANPOINTLIST2D(((0.,0.),(0.57545784674584866,0.),(0.57545784674584866,0.84999997541308403),(0.,0.84999997541308403)));
#7882=IFCINDEXEDPOLYCURVE(#7881,(IFCLINEINDEX((1,2,3,4,1))),$);
#7883=IFCCARTESIANPOINTLIST2D(((0.035000000149011612,0.035000000149011612),(0.54045784659683704,0.035000000149011612),(0.54045784659683704,0.81499997526407242),(0.035000000149011612,0.81499997526407242)));
#7884=IFCINDEXEDPOLYCURVE(#7883,(IFCLINEINDEX((1,2,3,4,1))),$);
#7885=IFCARBITRARYPROFILEDEFWITHVOIDS(.AREA.,$,#7882,(#7884));
#7886=IFCCARTESIANPOINT((0.6149788498878479,0.090000001713633537,0.02500000037252903));
#7887=IFCDIRECTION((0.,-1.,0.));
#7888=IFCDIRECTION((1.,0.,0.));
#7889=IFCAXIS2PLACEMENT3D(#7886,#7887,#7888);
#7890=IFCDIRECTION((0.,0.,-1.));
#7891=IFCEXTRUDEDAREASOLID(#7885,#7889,#7890,0.035000000149011612);
#7892=IFCINDEXEDPOLYCURVE(#7893,(IFCLINEINDEX((1,2,3,4,1))),$);
#7893=IFCCARTESIANPOINTLIST2D(((0.035000000149011612,0.035000000149011612),(0.54045784659683704,0.035000000149011612),(0.54045784659683704,0.81499997526407242),(0.035000000149011612,0.81499997526407242)));
#7894=IFCARBITRARYCLOSEDPROFILEDEF(.AREA.,$,#7892);
#7895=IFCCARTESIANPOINT((0.6149788498878479,0.10250000178813934,0.02500000037252903));
#7896=IFCDIRECTION((0.,-1.,0.));
#7897=IFCDIRECTION((1.,0.,0.));
#7898=IFCAXIS2PLACEMENT3D(#7895,#7896,#7897);
#7899=IFCDIRECTION((0.,0.,-1.));
#7900=IFCEXTRUDEDAREASOLID(#7894,#7898,#7899,0.01);
#7901=IFCSHAPEREPRESENTATION(#11,'Body','SweptSolid',(#7829,#7840,#7851,#7860,#7869,#7880,#7891,#7900));
#7902=IFCSHAPEREPRESENTATION(#11,'Body','SweptSolid',(#7829,#7840,#7869,#7880));
#7903=IFCSHAPEASPECT((#7902),'Lining',$,.T.,#7732);
#7904=IFCSHAPEREPRESENTATION(#11,'Body','SweptSolid',(#7851,#7891));
#7905=IFCSHAPEASPECT((#7904),'Framing',$,.T.,#7732);
#7906=IFCSHAPEREPRESENTATION(#11,'Body','SweptSolid',(#7860,#7900));
#7907=IFCSHAPEASPECT((#7906),'Glazing',$,.T.,#7732);
#7908=IFCCARTESIANPOINTLIST2D(((0.05000000074505806,0.05000000074505806),(0.58997884951531887,0.05000000074505806)));
#7909=IFCINDEXEDPOLYCURVE(#7908,$,$);
#7910=IFCCARTESIANPOINTLIST2D(((0.,0.10000000149011612),(0.02500000037252903,0.10000000149011612),(0.02500000037252903,0.090000001713633537),(0.05000000074505806,0.090000001713633537),(0.05000000074505806,0.05000000074505806),(0.,0.05000000074505806)));
#7911=IFCINDEXEDPOLYCURVE(#7910,(IFCLINEINDEX((1,2,3,4,5,6,1))),$);
#7912=IFCCARTESIANPOINTLIST2D(((0.6149788498878479,0.10000000149011612),(0.6149788498878479,0.10000000149011612),(0.6149788498878479,0.090000001713633537),(0.58997884951531887,0.090000001713633537),(0.58997884951531887,0.05000000074505806),(0.6149788498878479,0.05000000074505806)));
#7913=IFCINDEXEDPOLYCURVE(#7912,$,$);
#7914=IFCCARTESIANPOINTLIST2D(((0.02500000037252903,0.090000001713633537),(0.060000000521540642,0.090000001713633537),(0.060000000521540642,0.12500000186264515),(0.02500000037252903,0.12500000186264515)));
#7915=IFCINDEXEDPOLYCURVE(#7914,(IFCLINEINDEX((1,2,3,4,1))),$);
#7916=IFCINDEXEDPOLYCURVE(#7917,(IFCLINEINDEX((1,2,3,4,1))),$);
#7917=IFCCARTESIANPOINTLIST2D(((0.6149788498878479,0.090000001713633537),(0.57997884973883629,0.090000001713633537),(0.57997884973883629,0.12500000186264515),(0.6149788498878479,0.12500000186264515)));
#7918=IFCCARTESIANPOINTLIST2D(((0.060000000521540642,0.090000001713633537),(0.57997884973883629,0.090000001713633537)));
#7919=IFCINDEXEDPOLYCURVE(#7918,$,$);
#7920=IFCINDEXEDPOLYCURVE(#7921,$,$);
#7921=IFCCARTESIANPOINTLIST2D(((0.060000000521540642,0.12500000186264515),(0.57997884973883629,0.12500000186264515)));
#7922=IFCINDEXEDPOLYCURVE(#7923,$,$);
#7923=IFCCARTESIANPOINTLIST2D(((0.060000000521540642,0.10750000178813934),(0.57997884973883629,0.10750000178813934)));
#7924=IFCCARTESIANPOINTLIST2D(((0.63997885026037693,0.05000000074505806),(1.1654366962611675,0.05000000074505806)));
#7925=IFCINDEXEDPOLYCURVE(#7924,$,$);
#7926=IFCCARTESIANPOINTLIST2D(((0.6149788498878479,0.10000000149011612),(0.6149788498878479,0.10000000149011612),(0.6149788498878479,0.090000001713633537),(0.63997885026037693,0.090000001713633537),(0.63997885026037693,0.05000000074505806),(0.6149788498878479,0.05000000074505806)));
#7927=IFCINDEXEDPOLYCURVE(#7926,$,$);
#7928=IFCCARTESIANPOINTLIST2D(((1.2154366970062256,0.10000000149011612),(1.1904366966336966,0.10000000149011612),(1.1904366966336966,0.090000001713633537),(1.1654366962611675,0.090000001713633537),(1.1654366962611675,0.05000000074505806),(1.2154366970062256,0.05000000074505806)));
#7929=IFCINDEXEDPOLYCURVE(#7928,(IFCLINEINDEX((1,2,3,4,5,6,1))),$);
#7930=IFCCARTESIANPOINTLIST2D(((0.6149788498878479,0.090000001713633537),(0.64997885003685951,0.090000001713633537),(0.64997885003685951,0.12500000186264515),(0.6149788498878479,0.12500000186264515)));
#7931=IFCINDEXEDPOLYCURVE(#7930,(IFCLINEINDEX((1,2,3,4,1))),$);
#7932=IFCINDEXEDPOLYCURVE(#7933,(IFCLINEINDEX((1,2,3,4,1))),$);
#7933=IFCCARTESIANPOINTLIST2D(((1.1904366966336966,0.090000001713633537),(1.1554366964846849,0.090000001713633537),(1.1554366964846849,0.12500000186264515),(1.1904366966336966,0.12500000186264515)));
#7934=IFCCARTESIANPOINTLIST2D(((0.64997885003685951,0.090000001713633537),(1.1554366964846849,0.090000001713633537)));
#7935=IFCINDEXEDPOLYCURVE(#7934,$,$);
#7936=IFCINDEXEDPOLYCURVE(#7937,$,$);
#7937=IFCCARTESIANPOINTLIST2D(((0.64997885003685951,0.12500000186264515),(1.1554366964846849,0.12500000186264515)));
#7938=IFCINDEXEDPOLYCURVE(#7939,$,$);
#7939=IFCCARTESIANPOINTLIST2D(((0.64997885003685951,0.10750000178813934),(1.1554366964846849,0.10750000178813934)));
#7940=IFCSHAPEREPRESENTATION(#24,'Body','Curve2D',(#7909,#7911,#7913,#7915,#7916,#7919,#7920,#7922,#7925,#7927,#7929,#7931,#7932,#7935,#7936,#7938));
#7941=IFCCARTESIANPOINTLIST2D(((0.,0.),(1.2154366970062256,0.),(1.2154366970062256,0.89999997615814209),(0.,0.89999997615814209)));
#7942=IFCINDEXEDPOLYCURVE(#7941,(IFCLINEINDEX((1,2,3,4,1))),$);
#7943=IFCARBITRARYCLOSEDPROFILEDEF(.AREA.,$,#7942);
#7944=IFCCARTESIANPOINT((0.,-0.60000002384185791,0.));
#7945=IFCDIRECTION((0.,-1.,0.));
#7946=IFCDIRECTION((1.,0.,0.));
#7947=IFCAXIS2PLACEMENT3D(#7944,#7945,#7946);
#7948=IFCDIRECTION((0.,0.,-1.));
#7949=IFCEXTRUDEDAREASOLID(#7943,#7947,#7948,1.2);
#7950=IFCSHAPEREPRESENTATION(#11,'Body','SweptSolid',(#7949));
#7956=IFCCARTESIANPOINT((2.06872030178776,0.09999927971050937,1.));
#7957=IFCDIRECTION((0.,0.,1.));
#7958=IFCDIRECTION((-0.99999999999994682,3.2584136988578502E-07,0.));
#7959=IFCAXIS2PLACEMENT3D(#7956,#7957,#7958);
#7960=IFCLOCALPLACEMENT(#5235,#7959);
#7961=IFCCARTESIANPOINT((-4.4408920985006262E-16,4.4408920985006262E-16,0.));
#7962=IFCDIRECTION((0.,0.,1.));
#7963=IFCDIRECTION((1.,3.1763735522036263E-22,0.));
#7964=IFCAXIS2PLACEMENT3D(#7961,#7962,#7963);
#7965=IFCLOCALPLACEMENT(#7960,#7964);
#7966=IFCWINDOWTYPE('0sGa$PvU9DAvrZijznuVdE',$,'MBR-1-2F',$,$,(#7967),(#7969,#7977,#8025),$,$,.WINDOW.,.SINGLE_PANEL.,$,$);
#7967=IFCPROPERTYSET('1scUk8rdbBPwREKddZxOEG',$,'BBIM_Window',$,(#7968));
#7968=IFCPROPERTYSINGLEVALUE('Data',$,IFCTEXT('{"window_type": "SINGLE_PANEL", "overall_height": 0.8999999761581421, "overall_width": 0.7975742816925049, "lining_properties": {"lining_depth": 0.05000000074505806, "lining_thickness": 0.05000000074505806, "lining_offset": 0.05000000074505806, "lining_to_panel_offset_x": 0.02500000037252903, "lining_to_panel_offset_y": 0.02500000037252903}, "panel_properties": {"frame_depth": [0.03500000014901161, 0.03500000014901161, 0.03500000014901161], "frame_thickness": [0.03500000014901161, 0.03500000014901161, 0.03500000014901161]}}'),$);
#7969=IFCREPRESENTATIONMAP(#7970,#8129);
#7970=IFCAXIS2PLACEMENT3D(#7971,#7972,#7973);
#7971=IFCCARTESIANPOINT((0.,0.,0.));
#7972=IFCDIRECTION((0.,0.,1.));
#7973=IFCDIRECTION((1.,0.,0.));
#7977=IFCREPRESENTATIONMAP(#7978,#8172);
#7978=IFCAXIS2PLACEMENT3D(#7979,#7980,#7981);
#7979=IFCCARTESIANPOINT((0.,0.,0.));
#7980=IFCDIRECTION((0.,0.,1.));
#7981=IFCDIRECTION((1.,0.,0.));
#8025=IFCREPRESENTATIONMAP(#8026,#8195);
#8026=IFCAXIS2PLACEMENT3D(#8027,#8028,#8029);
#8027=IFCCARTESIANPOINT((0.,0.,0.));
#8028=IFCDIRECTION((0.,0.,1.));
#8029=IFCDIRECTION((1.,0.,0.));
#8047=IFCWINDOW('3PwH$xOAv7lgN9ycJqJ9DZ',$,'Window',$,$,#8220,#8056,$,0.89999997615814209,0.79757428169250488,$,.SINGLE_PANEL.,$);
#8048=IFCRELDEFINESBYTYPE('2AA4ddrTPC3AZFogVNLNne',$,$,$,(#8047),#7966);
#8049=IFCCARTESIANPOINT((0.,0.,0.));
#8050=IFCDIRECTION((1.,0.,0.));
#8051=IFCDIRECTION((0.,1.,0.));
#8052=IFCDIRECTION((0.,0.,1.));
#8053=IFCCARTESIANTRANSFORMATIONOPERATOR3D(#8050,#8051,#8049,1.,#8052);
#8054=IFCMAPPEDITEM(#7969,#8053);
#8055=IFCSHAPEREPRESENTATION(#18,'Profile','MappedRepresentation',(#8054));
#8056=IFCPRODUCTDEFINITIONSHAPE($,$,(#8055,#8063,#8070));
#8057=IFCCARTESIANPOINT((0.,0.,0.));
#8058=IFCDIRECTION((1.,0.,0.));
#8059=IFCDIRECTION((0.,1.,0.));
#8060=IFCDIRECTION((0.,0.,1.));
#8061=IFCCARTESIANTRANSFORMATIONOPERATOR3D(#8058,#8059,#8057,1.,#8060);
#8062=IFCMAPPEDITEM(#7977,#8061);
#8063=IFCSHAPEREPRESENTATION(#11,'Body','MappedRepresentation',(#8062));
#8064=IFCCARTESIANPOINT((0.,0.,0.));
#8065=IFCDIRECTION((1.,0.,0.));
#8066=IFCDIRECTION((0.,1.,0.));
#8067=IFCDIRECTION((0.,0.,1.));
#8068=IFCCARTESIANTRANSFORMATIONOPERATOR3D(#8065,#8066,#8064,1.,#8067);
#8069=IFCMAPPEDITEM(#8025,#8068);
#8070=IFCSHAPEREPRESENTATION(#24,'Body','MappedRepresentation',(#8069));
#8071=IFCOPENINGELEMENT('2WMKObOvX2sBBYRBpfUXkV',$,'Opening',$,$,#8215,#8099,$,.OPENING.);
#8087=IFCCARTESIANPOINT((0.,0.,0.));
#8088=IFCDIRECTION((1.,0.,0.));
#8089=IFCDIRECTION((0.,0.,1.));
#8090=IFCAXIS2PLACEMENT3D(#8087,#8089,#8088);
#8091=IFCREPRESENTATIONMAP(#8090,#8205);
#8092=IFCCARTESIANPOINT((0.,0.,0.));
#8093=IFCDIRECTION((1.,0.,0.));
#8094=IFCDIRECTION((0.,1.,0.));
#8095=IFCDIRECTION((0.,0.,1.));
#8096=IFCCARTESIANTRANSFORMATIONOPERATOR3D(#8093,#8094,#8092,1.,#8095);
#8097=IFCMAPPEDITEM(#8091,#8096);
#8098=IFCSHAPEREPRESENTATION(#11,'Body','MappedRepresentation',(#8097));
#8099=IFCPRODUCTDEFINITIONSHAPE($,$,(#8098));
#8100=IFCRELVOIDSELEMENT('14AKB4F$vBax15uVAk999q',$,$,$,#4652,#8071);
#8106=IFCRELFILLSELEMENT('2YUbjNpBvBZhk$$NItyF1l',$,$,$,#8071,#8047);
#8127=IFCCARTESIANPOINTLIST3D(((0.,0.,0.),(0.79757428169250488,0.,0.),(0.79757428169250488,0.,0.89999997615814209),(0.,0.,0.89999997615814209)));
#8128=IFCINDEXEDPOLYCURVE(#8127,(IFCLINEINDEX((1,2,3,4,1))),$);
#8129=IFCSHAPEREPRESENTATION(#18,'Profile','Curve3D',(#8128));
#8130=IFCCARTESIANPOINTLIST2D(((0.,0.),(0.79757428169250488,0.),(0.79757428169250488,0.89999997615814209),(0.,0.89999997615814209)));
#8131=IFCINDEXEDPOLYCURVE(#8130,(IFCLINEINDEX((1,2,3,4,1))),$);
#8132=IFCCARTESIANPOINTLIST2D(((0.02500000037252903,0.02500000037252903),(0.77257428131997585,0.02500000037252903),(0.77257428131997585,0.87499997578561306),(0.02500000037252903,0.87499997578561306)));
#8133=IFCINDEXEDPOLYCURVE(#8132,(IFCLINEINDEX((1,2,3,4,1))),$);
#8134=IFCARBITRARYPROFILEDEFWITHVOIDS(.AREA.,$,#8131,(#8133));
#8135=IFCCARTESIANPOINT((0.,0.090000001713633537,0.));
#8136=IFCDIRECTION((0.,-1.,0.));
#8137=IFCDIRECTION((1.,0.,0.));
#8138=IFCAXIS2PLACEMENT3D(#8135,#8136,#8137);
#8139=IFCDIRECTION((0.,0.,-1.));
#8140=IFCEXTRUDEDAREASOLID(#8134,#8138,#8139,0.0099999997764825821);
#8141=IFCCARTESIANPOINTLIST2D(((0.,0.),(0.79757428169250488,0.),(0.79757428169250488,0.89999997615814209),(0.,0.89999997615814209)));
#8142=IFCINDEXEDPOLYCURVE(#8141,(IFCLINEINDEX((1,2,3,4,1))),$);
#8143=IFCCARTESIANPOINTLIST2D(((0.05000000074505806,0.05000000074505806),(0.74757428094744682,0.05000000074505806),(0.74757428094744682,0.84999997541308403),(0.05000000074505806,0.84999997541308403)));
#8144=IFCINDEXEDPOLYCURVE(#8143,(IFCLINEINDEX((1,2,3,4,1))),$);
#8145=IFCARBITRARYPROFILEDEFWITHVOIDS(.AREA.,$,#8142,(#8144));
#8146=IFCCARTESIANPOINT((0.,0.05000000074505806,0.));
#8147=IFCDIRECTION((0.,-1.,0.));
#8148=IFCDIRECTION((1.,0.,0.));
#8149=IFCAXIS2PLACEMENT3D(#8146,#8147,#8148);
#8150=IFCDIRECTION((0.,0.,-1.));
#8151=IFCEXTRUDEDAREASOLID(#8145,#8149,#8150,0.040000000968575478);
#8152=IFCCARTESIANPOINTLIST2D(((0.,0.),(0.74757428094744682,0.),(0.74757428094744682,0.84999997541308403),(0.,0.84999997541308403)));
#8153=IFCINDEXEDPOLYCURVE(#8152,(IFCLINEINDEX((1,2,3,4,1))),$);
#8154=IFCCARTESIANPOINTLIST2D(((0.035000000149011612,0.035000000149011612),(0.71257428079843521,0.035000000149011612),(0.71257428079843521,0.81499997526407242),(0.035000000149011612,0.81499997526407242)));
#8155=IFCINDEXEDPOLYCURVE(#8154,(IFCLINEINDEX((1,2,3,4,1))),$);
#8156=IFCARBITRARYPROFILEDEFWITHVOIDS(.AREA.,$,#8153,(#8155));
#8157=IFCCARTESIANPOINT((0.02500000037252903,0.090000001713633537,0.02500000037252903));
#8158=IFCDIRECTION((0.,-1.,0.));
#8159=IFCDIRECTION((1.,0.,0.));
#8160=IFCAXIS2PLACEMENT3D(#8157,#8158,#8159);
#8161=IFCDIRECTION((0.,0.,-1.));
#8162=IFCEXTRUDEDAREASOLID(#8156,#8160,#8161,0.035000000149011612);
#8163=IFCINDEXEDPOLYCURVE(#8164,(IFCLINEINDEX((1,2,3,4,1))),$);
#8164=IFCCARTESIANPOINTLIST2D(((0.035000000149011612,0.035000000149011612),(0.71257428079843521,0.035000000149011612),(0.71257428079843521,0.81499997526407242),(0.035000000149011612,0.81499997526407242)));
#8165=IFCARBITRARYCLOSEDPROFILEDEF(.AREA.,$,#8163);
#8166=IFCCARTESIANPOINT((0.02500000037252903,0.10250000178813934,0.02500000037252903));
#8167=IFCDIRECTION((0.,-1.,0.));
#8168=IFCDIRECTION((1.,0.,0.));
#8169=IFCAXIS2PLACEMENT3D(#8166,#8167,#8168);
#8170=IFCDIRECTION((0.,0.,-1.));
#8171=IFCEXTRUDEDAREASOLID(#8165,#8169,#8170,0.01);
#8172=IFCSHAPEREPRESENTATION(#11,'Body','SweptSolid',(#8140,#8151,#8162,#8171));
#8173=IFCSHAPEREPRESENTATION(#11,'Body','SweptSolid',(#8140,#8151));
#8174=IFCSHAPEASPECT((#8173),'Lining',$,.T.,#8056);
#8175=IFCSHAPEREPRESENTATION(#11,'Body','SweptSolid',(#8162));
#8176=IFCSHAPEASPECT((#8175),'Framing',$,.T.,#8056);
#8177=IFCSHAPEREPRESENTATION(#11,'Body','SweptSolid',(#8171));
#8178=IFCSHAPEASPECT((#8177),'Glazing',$,.T.,#8056);
#8179=IFCCARTESIANPOINTLIST2D(((0.05000000074505806,0.05000000074505806),(0.74757428094744682,0.05000000074505806)));
#8180=IFCINDEXEDPOLYCURVE(#8179,$,$);
#8181=IFCCARTESIANPOINTLIST2D(((0.,0.10000000149011612),(0.02500000037252903,0.10000000149011612),(0.02500000037252903,0.090000001713633537),(0.05000000074505806,0.090000001713633537),(0.05000000074505806,0.05000000074505806),(0.,0.05000000074505806)));
#8182=IFCINDEXEDPOLYCURVE(#8181,(IFCLINEINDEX((1,2,3,4,5,6,1))),$);
#8183=IFCCARTESIANPOINTLIST2D(((0.79757428169250488,0.10000000149011612),(0.77257428131997585,0.10000000149011612),(0.77257428131997585,0.090000001713633537),(0.74757428094744682,0.090000001713633537),(0.74757428094744682,0.05000000074505806),(0.79757428169250488,0.05000000074505806)));
#8184=IFCINDEXEDPOLYCURVE(#8183,(IFCLINEINDEX((1,2,3,4,5,6,1))),$);
#8185=IFCCARTESIANPOINTLIST2D(((0.02500000037252903,0.090000001713633537),(0.060000000521540642,0.090000001713633537),(0.060000000521540642,0.12500000186264515),(0.02500000037252903,0.12500000186264515)));
#8186=IFCINDEXEDPOLYCURVE(#8185,(IFCLINEINDEX((1,2,3,4,1))),$);
#8187=IFCINDEXEDPOLYCURVE(#8188,(IFCLINEINDEX((1,2,3,4,1))),$);
#8188=IFCCARTESIANPOINTLIST2D(((0.77257428131997585,0.090000001713633537),(0.73757428117096424,0.090000001713633537),(0.73757428117096424,0.12500000186264515),(0.77257428131997585,0.12500000186264515)));
#8189=IFCCARTESIANPOINTLIST2D(((0.060000000521540642,0.090000001713633537),(0.73757428117096424,0.090000001713633537)));
#8190=IFCINDEXEDPOLYCURVE(#8189,$,$);
#8191=IFCINDEXEDPOLYCURVE(#8192,$,$);
#8192=IFCCARTESIANPOINTLIST2D(((0.060000000521540642,0.12500000186264515),(0.73757428117096424,0.12500000186264515)));
#8193=IFCINDEXEDPOLYCURVE(#8194,$,$);
#8194=IFCCARTESIANPOINTLIST2D(((0.060000000521540642,0.10750000178813934),(0.73757428117096424,0.10750000178813934)));
#8195=IFCSHAPEREPRESENTATION(#24,'Body','Curve2D',(#8180,#8182,#8184,#8186,#8187,#8190,#8191,#8193));
#8196=IFCCARTESIANPOINTLIST2D(((0.,0.),(0.79757428169250488,0.),(0.79757428169250488,0.89999997615814209),(0.,0.89999997615814209)));
#8197=IFCINDEXEDPOLYCURVE(#8196,(IFCLINEINDEX((1,2,3,4,1))),$);
#8198=IFCARBITRARYCLOSEDPROFILEDEF(.AREA.,$,#8197);
#8199=IFCCARTESIANPOINT((0.,-0.60000002384185791,0.));
#8200=IFCDIRECTION((0.,-1.,0.));
#8201=IFCDIRECTION((1.,0.,0.));
#8202=IFCAXIS2PLACEMENT3D(#8199,#8200,#8201);
#8203=IFCDIRECTION((0.,0.,-1.));
#8204=IFCEXTRUDEDAREASOLID(#8198,#8202,#8203,1.2);
#8205=IFCSHAPEREPRESENTATION(#11,'Body','SweptSolid',(#8204));
#8211=IFCCARTESIANPOINT((6.1544727603503073,9.658617647900769E-07,1.));
#8212=IFCDIRECTION((0.,0.,1.));
#8213=IFCDIRECTION((0.99999999999999289,1.1920928244535129E-07,0.));
#8214=IFCAXIS2PLACEMENT3D(#8211,#8212,#8213);
#8215=IFCLOCALPLACEMENT(#5003,#8214);
#8216=IFCCARTESIANPOINT((0.,0.,0.));
#8217=IFCDIRECTION((0.,0.,1.));
#8218=IFCDIRECTION((1.,0.,0.));
#8219=IFCAXIS2PLACEMENT3D(#8216,#8217,#8218);
#8220=IFCLOCALPLACEMENT(#8215,#8219);
#8221=IFCWINDOWTYPE('3yQvqvdsX9$uV_hSQpv_DY',$,'MBR-2-2F',$,$,(#8222),(#8224,#8232,#8280),$,$,.WINDOW.,.SINGLE_PANEL.,$,$);
#8222=IFCPROPERTYSET('2W8UtaOgL4h8B7vtZRtzRK',$,'BBIM_Window',$,(#8223));
#8223=IFCPROPERTYSINGLEVALUE('Data',$,IFCTEXT('{"window_type": "SINGLE_PANEL", "overall_height": 0.8999999761581421, "overall_width": 0.8003785610198975, "lining_properties": {"lining_depth": 0.05000000074505806, "lining_thickness": 0.05000000074505806, "lining_offset": 0.05000000074505806, "lining_to_panel_offset_x": 0.02500000037252903, "lining_to_panel_offset_y": 0.02500000037252903}, "panel_properties": {"frame_depth": [0.03500000014901161, 0.03500000014901161, 0.03500000014901161], "frame_thickness": [0.03500000014901161, 0.03500000014901161, 0.03500000014901161]}}'),$);
#8224=IFCREPRESENTATIONMAP(#8225,#8384);
#8225=IFCAXIS2PLACEMENT3D(#8226,#8227,#8228);
#8226=IFCCARTESIANPOINT((0.,0.,0.));
#8227=IFCDIRECTION((0.,0.,1.));
#8228=IFCDIRECTION((1.,0.,0.));
#8232=IFCREPRESENTATIONMAP(#8233,#8427);
#8233=IFCAXIS2PLACEMENT3D(#8234,#8235,#8236);
#8234=IFCCARTESIANPOINT((0.,0.,0.));
#8235=IFCDIRECTION((0.,0.,1.));
#8236=IFCDIRECTION((1.,0.,0.));
#8280=IFCREPRESENTATIONMAP(#8281,#8450);
#8281=IFCAXIS2PLACEMENT3D(#8282,#8283,#8284);
#8282=IFCCARTESIANPOINT((0.,0.,0.));
#8283=IFCDIRECTION((0.,0.,1.));
#8284=IFCDIRECTION((1.,0.,0.));
#8302=IFCWINDOW('2TQHHdfiLC5AdT1hz3CdnN',$,'Window',$,$,#8475,#8311,$,0.89999997615814209,0.80037856101989746,$,.SINGLE_PANEL.,$);
#8303=IFCRELDEFINESBYTYPE('2pM5o75R1AOvLsvD5lToo2',$,$,$,(#8302),#8221);
#8304=IFCCARTESIANPOINT((0.,0.,0.));
#8305=IFCDIRECTION((1.,0.,0.));
#8306=IFCDIRECTION((0.,1.,0.));
#8307=IFCDIRECTION((0.,0.,1.));
#8308=IFCCARTESIANTRANSFORMATIONOPERATOR3D(#8305,#8306,#8304,1.,#8307);
#8309=IFCMAPPEDITEM(#8224,#8308);
#8310=IFCSHAPEREPRESENTATION(#18,'Profile','MappedRepresentation',(#8309));
#8311=IFCPRODUCTDEFINITIONSHAPE($,$,(#8310,#8318,#8325));
#8312=IFCCARTESIANPOINT((0.,0.,0.));
#8313=IFCDIRECTION((1.,0.,0.));
#8314=IFCDIRECTION((0.,1.,0.));
#8315=IFCDIRECTION((0.,0.,1.));
#8316=IFCCARTESIANTRANSFORMATIONOPERATOR3D(#8313,#8314,#8312,1.,#8315);
#8317=IFCMAPPEDITEM(#8232,#8316);
#8318=IFCSHAPEREPRESENTATION(#11,'Body','MappedRepresentation',(#8317));
#8319=IFCCARTESIANPOINT((0.,0.,0.));
#8320=IFCDIRECTION((1.,0.,0.));
#8321=IFCDIRECTION((0.,1.,0.));
#8322=IFCDIRECTION((0.,0.,1.));
#8323=IFCCARTESIANTRANSFORMATIONOPERATOR3D(#8320,#8321,#8319,1.,#8322);
#8324=IFCMAPPEDITEM(#8280,#8323);
#8325=IFCSHAPEREPRESENTATION(#24,'Body','MappedRepresentation',(#8324));
#8326=IFCOPENINGELEMENT('2B7UsAjJ99i9FsCCYco3Ii',$,'Opening',$,$,#8470,#8354,$,.OPENING.);
#8342=IFCCARTESIANPOINT((0.,0.,0.));
#8343=IFCDIRECTION((1.,0.,0.));
#8344=IFCDIRECTION((0.,0.,1.));
#8345=IFCAXIS2PLACEMENT3D(#8342,#8344,#8343);
#8346=IFCREPRESENTATIONMAP(#8345,#8460);
#8347=IFCCARTESIANPOINT((0.,0.,0.));
#8348=IFCDIRECTION((1.,0.,0.));
#8349=IFCDIRECTION((0.,1.,0.));
#8350=IFCDIRECTION((0.,0.,1.));
#8351=IFCCARTESIANTRANSFORMATIONOPERATOR3D(#8348,#8349,#8347,1.,#8350);
#8352=IFCMAPPEDITEM(#8346,#8351);
#8353=IFCSHAPEREPRESENTATION(#11,'Body','MappedRepresentation',(#8352));
#8354=IFCPRODUCTDEFINITIONSHAPE($,$,(#8353));
#8355=IFCRELVOIDSELEMENT('0RCBqetET77BwudENlOq32',$,$,$,#4652,#8326);
#8361=IFCRELFILLSELEMENT('3KAeSxAqrAjuzGn9xpZrgj',$,$,$,#8326,#8302);
#8382=IFCCARTESIANPOINTLIST3D(((0.,0.,0.),(0.80037856101989746,0.,0.),(0.80037856101989746,0.,0.89999997615814209),(0.,0.,0.89999997615814209)));
#8383=IFCINDEXEDPOLYCURVE(#8382,(IFCLINEINDEX((1,2,3,4,1))),$);
#8384=IFCSHAPEREPRESENTATION(#18,'Profile','Curve3D',(#8383));
#8385=IFCCARTESIANPOINTLIST2D(((0.,0.),(0.80037856101989746,0.),(0.80037856101989746,0.89999997615814209),(0.,0.89999997615814209)));
#8386=IFCINDEXEDPOLYCURVE(#8385,(IFCLINEINDEX((1,2,3,4,1))),$);
#8387=IFCCARTESIANPOINTLIST2D(((0.02500000037252903,0.02500000037252903),(0.77537856064736843,0.02500000037252903),(0.77537856064736843,0.87499997578561306),(0.02500000037252903,0.87499997578561306)));
#8388=IFCINDEXEDPOLYCURVE(#8387,(IFCLINEINDEX((1,2,3,4,1))),$);
#8389=IFCARBITRARYPROFILEDEFWITHVOIDS(.AREA.,$,#8386,(#8388));
#8390=IFCCARTESIANPOINT((0.,0.090000001713633537,0.));
#8391=IFCDIRECTION((0.,-1.,0.));
#8392=IFCDIRECTION((1.,0.,0.));
#8393=IFCAXIS2PLACEMENT3D(#8390,#8391,#8392);
#8394=IFCDIRECTION((0.,0.,-1.));
#8395=IFCEXTRUDEDAREASOLID(#8389,#8393,#8394,0.0099999997764825821);
#8396=IFCCARTESIANPOINTLIST2D(((0.,0.),(0.80037856101989746,0.),(0.80037856101989746,0.89999997615814209),(0.,0.89999997615814209)));
#8397=IFCINDEXEDPOLYCURVE(#8396,(IFCLINEINDEX((1,2,3,4,1))),$);
#8398=IFCCARTESIANPOINTLIST2D(((0.05000000074505806,0.05000000074505806),(0.7503785602748394,0.05000000074505806),(0.7503785602748394,0.84999997541308403),(0.05000000074505806,0.84999997541308403)));
#8399=IFCINDEXEDPOLYCURVE(#8398,(IFCLINEINDEX((1,2,3,4,1))),$);
#8400=IFCARBITRARYPROFILEDEFWITHVOIDS(.AREA.,$,#8397,(#8399));
#8401=IFCCARTESIANPOINT((0.,0.05000000074505806,0.));
#8402=IFCDIRECTION((0.,-1.,0.));
#8403=IFCDIRECTION((1.,0.,0.));
#8404=IFCAXIS2PLACEMENT3D(#8401,#8402,#8403);
#8405=IFCDIRECTION((0.,0.,-1.));
#8406=IFCEXTRUDEDAREASOLID(#8400,#8404,#8405,0.040000000968575478);
#8407=IFCCARTESIANPOINTLIST2D(((0.,0.),(0.7503785602748394,0.),(0.7503785602748394,0.84999997541308403),(0.,0.84999997541308403)));
#8408=IFCINDEXEDPOLYCURVE(#8407,(IFCLINEINDEX((1,2,3,4,1))),$);
#8409=IFCCARTESIANPOINTLIST2D(((0.035000000149011612,0.035000000149011612),(0.71537856012582779,0.035000000149011612),(0.71537856012582779,0.81499997526407242),(0.035000000149011612,0.81499997526407242)));
#8410=IFCINDEXEDPOLYCURVE(#8409,(IFCLINEINDEX((1,2,3,4,1))),$);
#8411=IFCARBITRARYPROFILEDEFWITHVOIDS(.AREA.,$,#8408,(#8410));
#8412=IFCCARTESIANPOINT((0.02500000037252903,0.090000001713633537,0.02500000037252903));
#8413=IFCDIRECTION((0.,-1.,0.));
#8414=IFCDIRECTION((1.,0.,0.));
#8415=IFCAXIS2PLACEMENT3D(#8412,#8413,#8414);
#8416=IFCDIRECTION((0.,0.,-1.));
#8417=IFCEXTRUDEDAREASOLID(#8411,#8415,#8416,0.035000000149011612);
#8418=IFCINDEXEDPOLYCURVE(#8419,(IFCLINEINDEX((1,2,3,4,1))),$);
#8419=IFCCARTESIANPOINTLIST2D(((0.035000000149011612,0.035000000149011612),(0.71537856012582779,0.035000000149011612),(0.71537856012582779,0.81499997526407242),(0.035000000149011612,0.81499997526407242)));
#8420=IFCARBITRARYCLOSEDPROFILEDEF(.AREA.,$,#8418);
#8421=IFCCARTESIANPOINT((0.02500000037252903,0.10250000178813934,0.02500000037252903));
#8422=IFCDIRECTION((0.,-1.,0.));
#8423=IFCDIRECTION((1.,0.,0.));
#8424=IFCAXIS2PLACEMENT3D(#8421,#8422,#8423);
#8425=IFCDIRECTION((0.,0.,-1.));
#8426=IFCEXTRUDEDAREASOLID(#8420,#8424,#8425,0.01);
#8427=IFCSHAPEREPRESENTATION(#11,'Body','SweptSolid',(#8395,#8406,#8417,#8426));
#8428=IFCSHAPEREPRESENTATION(#11,'Body','SweptSolid',(#8395,#8406));
#8429=IFCSHAPEASPECT((#8428),'Lining',$,.T.,#8311);
#8430=IFCSHAPEREPRESENTATION(#11,'Body','SweptSolid',(#8417));
#8431=IFCSHAPEASPECT((#8430),'Framing',$,.T.,#8311);
#8432=IFCSHAPEREPRESENTATION(#11,'Body','SweptSolid',(#8426));
#8433=IFCSHAPEASPECT((#8432),'Glazing',$,.T.,#8311);
#8434=IFCCARTESIANPOINTLIST2D(((0.05000000074505806,0.05000000074505806),(0.7503785602748394,0.05000000074505806)));
#8435=IFCINDEXEDPOLYCURVE(#8434,$,$);
#8436=IFCCARTESIANPOINTLIST2D(((0.,0.10000000149011612),(0.02500000037252903,0.10000000149011612),(0.02500000037252903,0.090000001713633537),(0.05000000074505806,0.090000001713633537),(0.05000000074505806,0.05000000074505806),(0.,0.05000000074505806)));
#8437=IFCINDEXEDPOLYCURVE(#8436,(IFCLINEINDEX((1,2,3,4,5,6,1))),$);
#8438=IFCCARTESIANPOINTLIST2D(((0.80037856101989746,0.10000000149011612),(0.77537856064736843,0.10000000149011612),(0.77537856064736843,0.090000001713633537),(0.7503785602748394,0.090000001713633537),(0.7503785602748394,0.05000000074505806),(0.80037856101989746,0.05000000074505806)));
#8439=IFCINDEXEDPOLYCURVE(#8438,(IFCLINEINDEX((1,2,3,4,5,6,1))),$);
#8440=IFCCARTESIANPOINTLIST2D(((0.02500000037252903,0.090000001713633537),(0.060000000521540642,0.090000001713633537),(0.060000000521540642,0.12500000186264515),(0.02500000037252903,0.12500000186264515)));
#8441=IFCINDEXEDPOLYCURVE(#8440,(IFCLINEINDEX((1,2,3,4,1))),$);
#8442=IFCINDEXEDPOLYCURVE(#8443,(IFCLINEINDEX((1,2,3,4,1))),$);
#8443=IFCCARTESIANPOINTLIST2D(((0.77537856064736843,0.090000001713633537),(0.74037856049835682,0.090000001713633537),(0.74037856049835682,0.12500000186264515),(0.77537856064736843,0.12500000186264515)));
#8444=IFCCARTESIANPOINTLIST2D(((0.060000000521540642,0.090000001713633537),(0.74037856049835682,0.090000001713633537)));
#8445=IFCINDEXEDPOLYCURVE(#8444,$,$);
#8446=IFCINDEXEDPOLYCURVE(#8447,$,$);
#8447=IFCCARTESIANPOINTLIST2D(((0.060000000521540642,0.12500000186264515),(0.74037856049835682,0.12500000186264515)));
#8448=IFCINDEXEDPOLYCURVE(#8449,$,$);
#8449=IFCCARTESIANPOINTLIST2D(((0.060000000521540642,0.10750000178813934),(0.74037856049835682,0.10750000178813934)));
#8450=IFCSHAPEREPRESENTATION(#24,'Body','Curve2D',(#8435,#8437,#8439,#8441,#8442,#8445,#8446,#8448));
#8451=IFCCARTESIANPOINTLIST2D(((0.,0.),(0.80037856101989746,0.),(0.80037856101989746,0.89999997615814209),(0.,0.89999997615814209)));
#8452=IFCINDEXEDPOLYCURVE(#8451,(IFCLINEINDEX((1,2,3,4,1))),$);
#8453=IFCARBITRARYCLOSEDPROFILEDEF(.AREA.,$,#8452);
#8454=IFCCARTESIANPOINT((0.,-0.60000002384185791,0.));
#8455=IFCDIRECTION((0.,-1.,0.));
#8456=IFCDIRECTION((1.,0.,0.));
#8457=IFCAXIS2PLACEMENT3D(#8454,#8455,#8456);
#8458=IFCDIRECTION((0.,0.,-1.));
#8459=IFCEXTRUDEDAREASOLID(#8453,#8457,#8458,1.2);
#8460=IFCSHAPEREPRESENTATION(#11,'Body','SweptSolid',(#8459));
#8466=IFCCARTESIANPOINT((3.5934249679155865,6.8237833961148908E-07,1.));
#8467=IFCDIRECTION((0.,0.,1.));
#8468=IFCDIRECTION((0.99999999999999289,1.1920928244535129E-07,0.));
#8469=IFCAXIS2PLACEMENT3D(#8466,#8467,#8468);
#8470=IFCLOCALPLACEMENT(#5003,#8469);
#8471=IFCCARTESIANPOINT((0.,4.4408920985006262E-16,0.));
#8472=IFCDIRECTION((0.,0.,1.));
#8473=IFCDIRECTION((1.,0.,0.));
#8474=IFCAXIS2PLACEMENT3D(#8471,#8472,#8473);
#8475=IFCLOCALPLACEMENT(#8470,#8474);
#8476=IFCWINDOWTYPE('1689Jjw_PC5uUsoK6iHXC5',$,'BR1-1-2F',$,$,(#8477),(#8479,#8487,#8535),$,$,.WINDOW.,.SINGLE_PANEL.,$,$);
#8477=IFCPROPERTYSET('0BtXyHIur6EBOM8CwgxLvo',$,'BBIM_Window',$,(#8478));
#8478=IFCPROPERTYSINGLEVALUE('Data',$,IFCTEXT('{"window_type": "SINGLE_PANEL", "overall_height": 0.8999999761581421, "overall_width": 0.8101162910461426, "lining_properties": {"lining_depth": 0.05000000074505806, "lining_thickness": 0.05000000074505806, "lining_offset": 0.05000000074505806, "lining_to_panel_offset_x": 0.02500000037252903, "lining_to_panel_offset_y": 0.02500000037252903}, "panel_properties": {"frame_depth": [0.03500000014901161, 0.03500000014901161, 0.03500000014901161], "frame_thickness": [0.03500000014901161, 0.03500000014901161, 0.03500000014901161]}}'),$);
#8479=IFCREPRESENTATIONMAP(#8480,#8639);
#8480=IFCAXIS2PLACEMENT3D(#8481,#8482,#8483);
#8481=IFCCARTESIANPOINT((0.,0.,0.));
#8482=IFCDIRECTION((0.,0.,1.));
#8483=IFCDIRECTION((1.,0.,0.));
#8487=IFCREPRESENTATIONMAP(#8488,#8682);
#8488=IFCAXIS2PLACEMENT3D(#8489,#8490,#8491);
#8489=IFCCARTESIANPOINT((0.,0.,0.));
#8490=IFCDIRECTION((0.,0.,1.));
#8491=IFCDIRECTION((1.,0.,0.));
#8535=IFCREPRESENTATIONMAP(#8536,#8705);
#8536=IFCAXIS2PLACEMENT3D(#8537,#8538,#8539);
#8537=IFCCARTESIANPOINT((0.,0.,0.));
#8538=IFCDIRECTION((0.,0.,1.));
#8539=IFCDIRECTION((1.,0.,0.));
#8557=IFCWINDOW('2EG4TlYcv878qV7uxesFNJ',$,'Window',$,$,#8730,#8566,$,0.89999997615814209,0.81011629104614258,$,.SINGLE_PANEL.,$);
#8558=IFCRELDEFINESBYTYPE('3UK5fDlUH1wAgVsYTSrRED',$,$,$,(#8557),#8476);
#8559=IFCCARTESIANPOINT((0.,0.,0.));
#8560=IFCDIRECTION((1.,0.,0.));
#8561=IFCDIRECTION((0.,1.,0.));
#8562=IFCDIRECTION((0.,0.,1.));
#8563=IFCCARTESIANTRANSFORMATIONOPERATOR3D(#8560,#8561,#8559,1.,#8562);
#8564=IFCMAPPEDITEM(#8479,#8563);
#8565=IFCSHAPEREPRESENTATION(#18,'Profile','MappedRepresentation',(#8564));
#8566=IFCPRODUCTDEFINITIONSHAPE($,$,(#8565,#8573,#8580));
#8567=IFCCARTESIANPOINT((0.,0.,0.));
#8568=IFCDIRECTION((1.,0.,0.));
#8569=IFCDIRECTION((0.,1.,0.));
#8570=IFCDIRECTION((0.,0.,1.));
#8571=IFCCARTESIANTRANSFORMATIONOPERATOR3D(#8568,#8569,#8567,1.,#8570);
#8572=IFCMAPPEDITEM(#8487,#8571);
#8573=IFCSHAPEREPRESENTATION(#11,'Body','MappedRepresentation',(#8572));
#8574=IFCCARTESIANPOINT((0.,0.,0.));
#8575=IFCDIRECTION((1.,0.,0.));
#8576=IFCDIRECTION((0.,1.,0.));
#8577=IFCDIRECTION((0.,0.,1.));
#8578=IFCCARTESIANTRANSFORMATIONOPERATOR3D(#8575,#8576,#8574,1.,#8577);
#8579=IFCMAPPEDITEM(#8535,#8578);
#8580=IFCSHAPEREPRESENTATION(#24,'Body','MappedRepresentation',(#8579));
#8581=IFCOPENINGELEMENT('2NB_0$sFfD_Rm0tARYn2SX',$,'Opening',$,$,#8725,#8609,$,.OPENING.);
#8597=IFCCARTESIANPOINT((0.,0.,0.));
#8598=IFCDIRECTION((1.,0.,0.));
#8599=IFCDIRECTION((0.,0.,1.));
#8600=IFCAXIS2PLACEMENT3D(#8597,#8599,#8598);
#8601=IFCREPRESENTATIONMAP(#8600,#8715);
#8602=IFCCARTESIANPOINT((0.,0.,0.));
#8603=IFCDIRECTION((1.,0.,0.));
#8604=IFCDIRECTION((0.,1.,0.));
#8605=IFCDIRECTION((0.,0.,1.));
#8606=IFCCARTESIANTRANSFORMATIONOPERATOR3D(#8603,#8604,#8602,1.,#8605);
#8607=IFCMAPPEDITEM(#8601,#8606);
#8608=IFCSHAPEREPRESENTATION(#11,'Body','MappedRepresentation',(#8607));
#8609=IFCPRODUCTDEFINITIONSHAPE($,$,(#8608));
#8610=IFCRELVOIDSELEMENT('22$7427e51nv3vj9RfkGHF',$,$,$,#4652,#8581);
#8616=IFCRELFILLSELEMENT('0m7WWbeV53cfontdPQzsvm',$,$,$,#8581,#8557);
#8637=IFCCARTESIANPOINTLIST3D(((0.,0.,0.),(0.81011629104614258,0.,0.),(0.81011629104614258,0.,0.89999997615814209),(0.,0.,0.89999997615814209)));
#8638=IFCINDEXEDPOLYCURVE(#8637,(IFCLINEINDEX((1,2,3,4,1))),$);
#8639=IFCSHAPEREPRESENTATION(#18,'Profile','Curve3D',(#8638));
#8640=IFCCARTESIANPOINTLIST2D(((0.,0.),(0.81011629104614258,0.),(0.81011629104614258,0.89999997615814209),(0.,0.89999997615814209)));
#8641=IFCINDEXEDPOLYCURVE(#8640,(IFCLINEINDEX((1,2,3,4,1))),$);
#8642=IFCCARTESIANPOINTLIST2D(((0.02500000037252903,0.02500000037252903),(0.78511629067361355,0.02500000037252903),(0.78511629067361355,0.87499997578561306),(0.02500000037252903,0.87499997578561306)));
#8643=IFCINDEXEDPOLYCURVE(#8642,(IFCLINEINDEX((1,2,3,4,1))),$);
#8644=IFCARBITRARYPROFILEDEFWITHVOIDS(.AREA.,$,#8641,(#8643));
#8645=IFCCARTESIANPOINT((0.,0.090000001713633537,0.));
#8646=IFCDIRECTION((0.,-1.,0.));
#8647=IFCDIRECTION((1.,0.,0.));
#8648=IFCAXIS2PLACEMENT3D(#8645,#8646,#8647);
#8649=IFCDIRECTION((0.,0.,-1.));
#8650=IFCEXTRUDEDAREASOLID(#8644,#8648,#8649,0.0099999997764825821);
#8651=IFCCARTESIANPOINTLIST2D(((0.,0.),(0.81011629104614258,0.),(0.81011629104614258,0.89999997615814209),(0.,0.89999997615814209)));
#8652=IFCINDEXEDPOLYCURVE(#8651,(IFCLINEINDEX((1,2,3,4,1))),$);
#8653=IFCCARTESIANPOINTLIST2D(((0.05000000074505806,0.05000000074505806),(0.76011629030108452,0.05000000074505806),(0.76011629030108452,0.84999997541308403),(0.05000000074505806,0.84999997541308403)));
#8654=IFCINDEXEDPOLYCURVE(#8653,(IFCLINEINDEX((1,2,3,4,1))),$);
#8655=IFCARBITRARYPROFILEDEFWITHVOIDS(.AREA.,$,#8652,(#8654));
#8656=IFCCARTESIANPOINT((0.,0.05000000074505806,0.));
#8657=IFCDIRECTION((0.,-1.,0.));
#8658=IFCDIRECTION((1.,0.,0.));
#8659=IFCAXIS2PLACEMENT3D(#8656,#8657,#8658);
#8660=IFCDIRECTION((0.,0.,-1.));
#8661=IFCEXTRUDEDAREASOLID(#8655,#8659,#8660,0.040000000968575478);
#8662=IFCCARTESIANPOINTLIST2D(((0.,0.),(0.76011629030108452,0.),(0.76011629030108452,0.84999997541308403),(0.,0.84999997541308403)));
#8663=IFCINDEXEDPOLYCURVE(#8662,(IFCLINEINDEX((1,2,3,4,1))),$);
#8664=IFCCARTESIANPOINTLIST2D(((0.035000000149011612,0.035000000149011612),(0.72511629015207291,0.035000000149011612),(0.72511629015207291,0.81499997526407242),(0.035000000149011612,0.81499997526407242)));
#8665=IFCINDEXEDPOLYCURVE(#8664,(IFCLINEINDEX((1,2,3,4,1))),$);
#8666=IFCARBITRARYPROFILEDEFWITHVOIDS(.AREA.,$,#8663,(#8665));
#8667=IFCCARTESIANPOINT((0.02500000037252903,0.090000001713633537,0.02500000037252903));
#8668=IFCDIRECTION((0.,-1.,0.));
#8669=IFCDIRECTION((1.,0.,0.));
#8670=IFCAXIS2PLACEMENT3D(#8667,#8668,#8669);
#8671=IFCDIRECTION((0.,0.,-1.));
#8672=IFCEXTRUDEDAREASOLID(#8666,#8670,#8671,0.035000000149011612);
#8673=IFCINDEXEDPOLYCURVE(#8674,(IFCLINEINDEX((1,2,3,4,1))),$);
#8674=IFCCARTESIANPOINTLIST2D(((0.035000000149011612,0.035000000149011612),(0.72511629015207291,0.035000000149011612),(0.72511629015207291,0.81499997526407242),(0.035000000149011612,0.81499997526407242)));
#8675=IFCARBITRARYCLOSEDPROFILEDEF(.AREA.,$,#8673);
#8676=IFCCARTESIANPOINT((0.02500000037252903,0.10250000178813934,0.02500000037252903));
#8677=IFCDIRECTION((0.,-1.,0.));
#8678=IFCDIRECTION((1.,0.,0.));
#8679=IFCAXIS2PLACEMENT3D(#8676,#8677,#8678);
#8680=IFCDIRECTION((0.,0.,-1.));
#8681=IFCEXTRUDEDAREASOLID(#8675,#8679,#8680,0.01);
#8682=IFCSHAPEREPRESENTATION(#11,'Body','SweptSolid',(#8650,#8661,#8672,#8681));
#8683=IFCSHAPEREPRESENTATION(#11,'Body','SweptSolid',(#8650,#8661));
#8684=IFCSHAPEASPECT((#8683),'Lining',$,.T.,#8566);
#8685=IFCSHAPEREPRESENTATION(#11,'Body','SweptSolid',(#8672));
#8686=IFCSHAPEASPECT((#8685),'Framing',$,.T.,#8566);
#8687=IFCSHAPEREPRESENTATION(#11,'Body','SweptSolid',(#8681));
#8688=IFCSHAPEASPECT((#8687),'Glazing',$,.T.,#8566);
#8689=IFCCARTESIANPOINTLIST2D(((0.05000000074505806,0.05000000074505806),(0.76011629030108452,0.05000000074505806)));
#8690=IFCINDEXEDPOLYCURVE(#8689,$,$);
#8691=IFCCARTESIANPOINTLIST2D(((0.,0.10000000149011612),(0.02500000037252903,0.10000000149011612),(0.02500000037252903,0.090000001713633537),(0.05000000074505806,0.090000001713633537),(0.05000000074505806,0.05000000074505806),(0.,0.05000000074505806)));
#8692=IFCINDEXEDPOLYCURVE(#8691,(IFCLINEINDEX((1,2,3,4,5,6,1))),$);
#8693=IFCCARTESIANPOINTLIST2D(((0.81011629104614258,0.10000000149011612),(0.78511629067361355,0.10000000149011612),(0.78511629067361355,0.090000001713633537),(0.76011629030108452,0.090000001713633537),(0.76011629030108452,0.05000000074505806),(0.81011629104614258,0.05000000074505806)));
#8694=IFCINDEXEDPOLYCURVE(#8693,(IFCLINEINDEX((1,2,3,4,5,6,1))),$);
#8695=IFCCARTESIANPOINTLIST2D(((0.02500000037252903,0.090000001713633537),(0.060000000521540642,0.090000001713633537),(0.060000000521540642,0.12500000186264515),(0.02500000037252903,0.12500000186264515)));
#8696=IFCINDEXEDPOLYCURVE(#8695,(IFCLINEINDEX((1,2,3,4,1))),$);
#8697=IFCINDEXEDPOLYCURVE(#8698,(IFCLINEINDEX((1,2,3,4,1))),$);
#8698=IFCCARTESIANPOINTLIST2D(((0.78511629067361355,0.090000001713633537),(0.75011629052460194,0.090000001713633537),(0.75011629052460194,0.12500000186264515),(0.78511629067361355,0.12500000186264515)));
#8699=IFCCARTESIANPOINTLIST2D(((0.060000000521540642,0.090000001713633537),(0.75011629052460194,0.090000001713633537)));
#8700=IFCINDEXEDPOLYCURVE(#8699,$,$);
#8701=IFCINDEXEDPOLYCURVE(#8702,$,$);
#8702=IFCCARTESIANPOINTLIST2D(((0.060000000521540642,0.12500000186264515),(0.75011629052460194,0.12500000186264515)));
#8703=IFCINDEXEDPOLYCURVE(#8704,$,$);
#8704=IFCCARTESIANPOINTLIST2D(((0.060000000521540642,0.10750000178813934),(0.75011629052460194,0.10750000178813934)));
#8705=IFCSHAPEREPRESENTATION(#24,'Body','Curve2D',(#8690,#8692,#8694,#8696,#8697,#8700,#8701,#8703));
#8706=IFCCARTESIANPOINTLIST2D(((0.,0.),(0.81011629104614258,0.),(0.81011629104614258,0.89999997615814209),(0.,0.89999997615814209)));
#8707=IFCINDEXEDPOLYCURVE(#8706,(IFCLINEINDEX((1,2,3,4,1))),$);
#8708=IFCARBITRARYCLOSEDPROFILEDEF(.AREA.,$,#8707);
#8709=IFCCARTESIANPOINT((0.,-0.60000002384185791,0.));
#8710=IFCDIRECTION((0.,-1.,0.));
#8711=IFCDIRECTION((1.,0.,0.));
#8712=IFCAXIS2PLACEMENT3D(#8709,#8710,#8711);
#8713=IFCDIRECTION((0.,0.,-1.));
#8714=IFCEXTRUDEDAREASOLID(#8708,#8712,#8713,1.2);
#8715=IFCSHAPEREPRESENTATION(#11,'Body','SweptSolid',(#8714));
#8721=IFCCARTESIANPOINT((1.5625058929033493,3.5887130955813973E-07,1.));
#8722=IFCDIRECTION((0.,0.,1.));
#8723=IFCDIRECTION((0.99999999999999289,1.1920928244535129E-07,0.));
#8724=IFCAXIS2PLACEMENT3D(#8721,#8722,#8723);
#8725=IFCLOCALPLACEMENT(#5003,#8724);
#8726=IFCCARTESIANPOINT((-4.4408920985006262E-16,0.,0.));
#8727=IFCDIRECTION((0.,0.,1.));
#8728=IFCDIRECTION((1.,0.,0.));
#8729=IFCAXIS2PLACEMENT3D(#8726,#8727,#8728);
#8730=IFCLOCALPLACEMENT(#8725,#8729);
#8731=IFCWINDOWTYPE('0E3l2KUyL1mRRm2mKgkid3',$,'BR1-2-2F',$,$,(#8732),(#8734,#8742,#8828),$,$,.WINDOW.,.SINGLE_PANEL.,$,$);
#8732=IFCPROPERTYSET('1BFIuH$kb7jBDI1e8yv8i8',$,'BBIM_Window',$,(#8733));
#8733=IFCPROPERTYSINGLEVALUE('Data',$,IFCTEXT('{"window_type": "DOUBLE_PANEL_VERTICAL", "overall_height": 0.8999999761581421, "overall_width": 1.2154366970062256, "lining_properties": {"lining_depth": 0.05000000074505806, "lining_thickness": 0.05000000074505806, "lining_offset": 0.05000000074505806, "lining_to_panel_offset_x": 0.02500000037252903, "lining_to_panel_offset_y": 0.02500000037252903, "mullion_thickness": 0.05000000074505806, "first_mullion_offset": 0.6149788498878479}, "panel_properties": {"frame_depth": [0.03500000014901161, 0.03500000014901161, 0.03500000014901161], "frame_thickness": [0.03500000014901161, 0.03500000014901161, 0.03500000014901161]}}'),$);
#8734=IFCREPRESENTATIONMAP(#8735,#8739);
#8735=IFCAXIS2PLACEMENT3D(#8736,#8737,#8738);
#8736=IFCCARTESIANPOINT((0.,0.,0.));
#8737=IFCDIRECTION((0.,0.,1.));
#8738=IFCDIRECTION((1.,0.,0.));
#8739=IFCSHAPEREPRESENTATION(#18,'Profile','Curve3D',(#8740));
#8740=IFCINDEXEDPOLYCURVE(#8741,(IFCLINEINDEX((1,2,3,4,1))),$);
#8741=IFCCARTESIANPOINTLIST3D(((0.,0.,0.),(1.2154366970062256,0.,0.),(1.2154366970062256,0.,0.89999997615814209),(0.,0.,0.89999997615814209)));
#8742=IFCREPRESENTATIONMAP(#8743,#8747);
#8743=IFCAXIS2PLACEMENT3D(#8744,#8745,#8746);
#8744=IFCCARTESIANPOINT((0.,0.,0.));
#8745=IFCDIRECTION((0.,0.,1.));
#8746=IFCDIRECTION((1.,0.,0.));
#8747=IFCSHAPEREPRESENTATION(#11,'Body','SweptSolid',(#8748,#8757,#8768,#8779,#8788,#8797,#8808,#8819));
#8748=IFCEXTRUDEDAREASOLID(#8749,#8752,#8756,0.0099999997764825821);
#8749=IFCARBITRARYCLOSEDPROFILEDEF(.AREA.,$,#8750);
#8750=IFCINDEXEDPOLYCURVE(#8751,(IFCLINEINDEX((1,2,3,4,5,6,7,8,1))),$);
#8751=IFCCARTESIANPOINTLIST2D(((0.6149788498878479,0.),(0.,0.),(0.,0.89999997615814209),(0.6149788498878479,0.89999997615814209),(0.6149788498878479,0.87499997578561306),(0.02500000037252903,0.87499997578561306),(0.02500000037252903,0.02500000037252903),(0.6149788498878479,0.02500000037252903)));
#8752=IFCAXIS2PLACEMENT3D(#8753,#8754,#8755);
#8753=IFCCARTESIANPOINT((0.,0.090000001713633537,0.));
#8754=IFCDIRECTION((0.,-1.,0.));
#8755=IFCDIRECTION((1.,0.,0.));
#8756=IFCDIRECTION((0.,0.,-1.));
#8757=IFCEXTRUDEDAREASOLID(#8758,#8763,#8767,0.040000000968575478);
#8758=IFCARBITRARYPROFILEDEFWITHVOIDS(.AREA.,$,#8759,(#8761));
#8759=IFCINDEXEDPOLYCURVE(#8760,(IFCLINEINDEX((1,2,3,4,1))),$);
#8760=IFCCARTESIANPOINTLIST2D(((0.,0.),(0.6149788498878479,0.),(0.6149788498878479,0.89999997615814209),(0.,0.89999997615814209)));
#8761=IFCINDEXEDPOLYCURVE(#8762,(IFCLINEINDEX((1,2,3,4,1))),$);
#8762=IFCCARTESIANPOINTLIST2D(((0.05000000074505806,0.05000000074505806),(0.58997884951531887,0.05000000074505806),(0.58997884951531887,0.84999997541308403),(0.05000000074505806,0.84999997541308403)));
#8763=IFCAXIS2PLACEMENT3D(#8764,#8765,#8766);
#8764=IFCCARTESIANPOINT((0.,0.05000000074505806,0.));
#8765=IFCDIRECTION((0.,-1.,0.));
#8766=IFCDIRECTION((1.,0.,0.));
#8767=IFCDIRECTION((0.,0.,-1.));
#8768=IFCEXTRUDEDAREASOLID(#8769,#8774,#8778,0.035000000149011612);
#8769=IFCARBITRARYPROFILEDEFWITHVOIDS(.AREA.,$,#8770,(#8772));
#8770=IFCINDEXEDPOLYCURVE(#8771,(IFCLINEINDEX((1,2,3,4,1))),$);
#8771=IFCCARTESIANPOINTLIST2D(((0.,0.),(0.58997884951531887,0.),(0.58997884951531887,0.84999997541308403),(0.,0.84999997541308403)));
#8772=IFCINDEXEDPOLYCURVE(#8773,(IFCLINEINDEX((1,2,3,4,1))),$);
#8773=IFCCARTESIANPOINTLIST2D(((0.035000000149011612,0.035000000149011612),(0.55497884936630726,0.035000000149011612),(0.55497884936630726,0.81499997526407242),(0.035000000149011612,0.81499997526407242)));
#8774=IFCAXIS2PLACEMENT3D(#8775,#8776,#8777);
#8775=IFCCARTESIANPOINT((0.02500000037252903,0.090000001713633537,0.02500000037252903));
#8776=IFCDIRECTION((0.,-1.,0.));
#8777=IFCDIRECTION((1.,0.,0.));
#8778=IFCDIRECTION((0.,0.,-1.));
#8779=IFCEXTRUDEDAREASOLID(#8780,#8783,#8787,0.01);
#8780=IFCARBITRARYCLOSEDPROFILEDEF(.AREA.,$,#8781);
#8781=IFCINDEXEDPOLYCURVE(#8782,(IFCLINEINDEX((1,2,3,4,1))),$);
#8782=IFCCARTESIANPOINTLIST2D(((0.035000000149011612,0.035000000149011612),(0.55497884936630726,0.035000000149011612),(0.55497884936630726,0.81499997526407242),(0.035000000149011612,0.81499997526407242)));
#8783=IFCAXIS2PLACEMENT3D(#8784,#8785,#8786);
#8784=IFCCARTESIANPOINT((0.02500000037252903,0.10250000178813934,0.02500000037252903));
#8785=IFCDIRECTION((0.,-1.,0.));
#8786=IFCDIRECTION((1.,0.,0.));
#8787=IFCDIRECTION((0.,0.,-1.));
#8788=IFCEXTRUDEDAREASOLID(#8789,#8792,#8796,0.0099999997764825821);
#8789=IFCARBITRARYCLOSEDPROFILEDEF(.AREA.,$,#8790);
#8790=IFCINDEXEDPOLYCURVE(#8791,(IFCLINEINDEX((1,2,3,4,5,6,7,8,1))),$);
#8791=IFCCARTESIANPOINTLIST2D(((0.,0.89999997615814209),(0.60045784711837769,0.89999997615814209),(0.60045784711837769,0.),(0.,0.),(0.,0.02500000037252903),(0.57545784674584866,0.02500000037252903),(0.57545784674584866,0.87499997578561306),(0.,0.87499997578561306)));
#8792=IFCAXIS2PLACEMENT3D(#8793,#8794,#8795);
#8793=IFCCARTESIANPOINT((0.6149788498878479,0.090000001713633537,0.));
#8794=IFCDIRECTION((0.,-1.,0.));
#8795=IFCDIRECTION((1.,0.,0.));
#8796=IFCDIRECTION((0.,0.,-1.));
#8797=IFCEXTRUDEDAREASOLID(#8798,#8803,#8807,0.040000000968575478);
#8798=IFCARBITRARYPROFILEDEFWITHVOIDS(.AREA.,$,#8799,(#8801));
#8799=IFCINDEXEDPOLYCURVE(#8800,(IFCLINEINDEX((1,2,3,4,1))),$);
#8800=IFCCARTESIANPOINTLIST2D(((0.,0.),(0.60045784711837769,0.),(0.60045784711837769,0.89999997615814209),(0.,0.89999997615814209)));
#8801=IFCINDEXEDPOLYCURVE(#8802,(IFCLINEINDEX((1,2,3,4,1))),$);
#8802=IFCCARTESIANPOINTLIST2D(((0.02500000037252903,0.05000000074505806),(0.55045784637331963,0.05000000074505806),(0.55045784637331963,0.84999997541308403),(0.02500000037252903,0.84999997541308403)));
#8803=IFCAXIS2PLACEMENT3D(#8804,#8805,#8806);
#8804=IFCCARTESIANPOINT((0.6149788498878479,0.05000000074505806,0.));
#8805=IFCDIRECTION((0.,-1.,0.));
#8806=IFCDIRECTION((1.,0.,0.));
#8807=IFCDIRECTION((0.,0.,-1.));
#8808=IFCEXTRUDEDAREASOLID(#8809,#8814,#8818,0.035000000149011612);
#8809=IFCARBITRARYPROFILEDEFWITHVOIDS(.AREA.,$,#8810,(#8812));
#8810=IFCINDEXEDPOLYCURVE(#8811,(IFCLINEINDEX((1,2,3,4,1))),$);
#8811=IFCCARTESIANPOINTLIST2D(((0.,0.),(0.57545784674584866,0.),(0.57545784674584866,0.84999997541308403),(0.,0.84999997541308403)));
#8812=IFCINDEXEDPOLYCURVE(#8813,(IFCLINEINDEX((1,2,3,4,1))),$);
#8813=IFCCARTESIANPOINTLIST2D(((0.035000000149011612,0.035000000149011612),(0.54045784659683704,0.035000000149011612),(0.54045784659683704,0.81499997526407242),(0.035000000149011612,0.81499997526407242)));
#8814=IFCAXIS2PLACEMENT3D(#8815,#8816,#8817);
#8815=IFCCARTESIANPOINT((0.6149788498878479,0.090000001713633537,0.02500000037252903));
#8816=IFCDIRECTION((0.,-1.,0.));
#8817=IFCDIRECTION((1.,0.,0.));
#8818=IFCDIRECTION((0.,0.,-1.));
#8819=IFCEXTRUDEDAREASOLID(#8820,#8823,#8827,0.01);
#8820=IFCARBITRARYCLOSEDPROFILEDEF(.AREA.,$,#8821);
#8821=IFCINDEXEDPOLYCURVE(#8822,(IFCLINEINDEX((1,2,3,4,1))),$);
#8822=IFCCARTESIANPOINTLIST2D(((0.035000000149011612,0.035000000149011612),(0.54045784659683704,0.035000000149011612),(0.54045784659683704,0.81499997526407242),(0.035000000149011612,0.81499997526407242)));
#8823=IFCAXIS2PLACEMENT3D(#8824,#8825,#8826);
#8824=IFCCARTESIANPOINT((0.6149788498878479,0.10250000178813934,0.02500000037252903));
#8825=IFCDIRECTION((0.,-1.,0.));
#8826=IFCDIRECTION((1.,0.,0.));
#8827=IFCDIRECTION((0.,0.,-1.));
#8828=IFCREPRESENTATIONMAP(#8829,#8833);
#8829=IFCAXIS2PLACEMENT3D(#8830,#8831,#8832);
#8830=IFCCARTESIANPOINT((0.,0.,0.));
#8831=IFCDIRECTION((0.,0.,1.));
#8832=IFCDIRECTION((1.,0.,0.));
#8833=IFCSHAPEREPRESENTATION(#24,'Body','Curve2D',(#8834,#8836,#8838,#8840,#8842,#8844,#8846,#8848,#8850,#8852,#8854,#8856,#8858,#8860,#8862,#8864));
#8834=IFCINDEXEDPOLYCURVE(#8835,$,$);
#8835=IFCCARTESIANPOINTLIST2D(((0.05000000074505806,0.05000000074505806),(0.58997884951531887,0.05000000074505806)));
#8836=IFCINDEXEDPOLYCURVE(#8837,(IFCLINEINDEX((1,2,3,4,5,6,1))),$);
#8837=IFCCARTESIANPOINTLIST2D(((0.,0.10000000149011612),(0.02500000037252903,0.10000000149011612),(0.02500000037252903,0.090000001713633537),(0.05000000074505806,0.090000001713633537),(0.05000000074505806,0.05000000074505806),(0.,0.05000000074505806)));
#8838=IFCINDEXEDPOLYCURVE(#8839,$,$);
#8839=IFCCARTESIANPOINTLIST2D(((0.6149788498878479,0.10000000149011612),(0.6149788498878479,0.10000000149011612),(0.6149788498878479,0.090000001713633537),(0.58997884951531887,0.090000001713633537),(0.58997884951531887,0.05000000074505806),(0.6149788498878479,0.05000000074505806)));
#8840=IFCINDEXEDPOLYCURVE(#8841,(IFCLINEINDEX((1,2,3,4,1))),$);
#8841=IFCCARTESIANPOINTLIST2D(((0.02500000037252903,0.090000001713633537),(0.060000000521540642,0.090000001713633537),(0.060000000521540642,0.12500000186264515),(0.02500000037252903,0.12500000186264515)));
#8842=IFCINDEXEDPOLYCURVE(#8843,(IFCLINEINDEX((1,2,3,4,1))),$);
#8843=IFCCARTESIANPOINTLIST2D(((0.6149788498878479,0.090000001713633537),(0.57997884973883629,0.090000001713633537),(0.57997884973883629,0.12500000186264515),(0.6149788498878479,0.12500000186264515)));
#8844=IFCINDEXEDPOLYCURVE(#8845,$,$);
#8845=IFCCARTESIANPOINTLIST2D(((0.060000000521540642,0.090000001713633537),(0.57997884973883629,0.090000001713633537)));
#8846=IFCINDEXEDPOLYCURVE(#8847,$,$);
#8847=IFCCARTESIANPOINTLIST2D(((0.060000000521540642,0.12500000186264515),(0.57997884973883629,0.12500000186264515)));
#8848=IFCINDEXEDPOLYCURVE(#8849,$,$);
#8849=IFCCARTESIANPOINTLIST2D(((0.060000000521540642,0.10750000178813934),(0.57997884973883629,0.10750000178813934)));
#8850=IFCINDEXEDPOLYCURVE(#8851,$,$);
#8851=IFCCARTESIANPOINTLIST2D(((0.63997885026037693,0.05000000074505806),(1.1654366962611675,0.05000000074505806)));
#8852=IFCINDEXEDPOLYCURVE(#8853,$,$);
#8853=IFCCARTESIANPOINTLIST2D(((0.6149788498878479,0.10000000149011612),(0.6149788498878479,0.10000000149011612),(0.6149788498878479,0.090000001713633537),(0.63997885026037693,0.090000001713633537),(0.63997885026037693,0.05000000074505806),(0.6149788498878479,0.05000000074505806)));
#8854=IFCINDEXEDPOLYCURVE(#8855,(IFCLINEINDEX((1,2,3,4,5,6,1))),$);
#8855=IFCCARTESIANPOINTLIST2D(((1.2154366970062256,0.10000000149011612),(1.1904366966336966,0.10000000149011612),(1.1904366966336966,0.090000001713633537),(1.1654366962611675,0.090000001713633537),(1.1654366962611675,0.05000000074505806),(1.2154366970062256,0.05000000074505806)));
#8856=IFCINDEXEDPOLYCURVE(#8857,(IFCLINEINDEX((1,2,3,4,1))),$);
#8857=IFCCARTESIANPOINTLIST2D(((0.6149788498878479,0.090000001713633537),(0.64997885003685951,0.090000001713633537),(0.64997885003685951,0.12500000186264515),(0.6149788498878479,0.12500000186264515)));
#8858=IFCINDEXEDPOLYCURVE(#8859,(IFCLINEINDEX((1,2,3,4,1))),$);
#8859=IFCCARTESIANPOINTLIST2D(((1.1904366966336966,0.090000001713633537),(1.1554366964846849,0.090000001713633537),(1.1554366964846849,0.12500000186264515),(1.1904366966336966,0.12500000186264515)));
#8860=IFCINDEXEDPOLYCURVE(#8861,$,$);
#8861=IFCCARTESIANPOINTLIST2D(((0.64997885003685951,0.090000001713633537),(1.1554366964846849,0.090000001713633537)));
#8862=IFCINDEXEDPOLYCURVE(#8863,$,$);
#8863=IFCCARTESIANPOINTLIST2D(((0.64997885003685951,0.12500000186264515),(1.1554366964846849,0.12500000186264515)));
#8864=IFCINDEXEDPOLYCURVE(#8865,$,$);
#8865=IFCCARTESIANPOINTLIST2D(((0.64997885003685951,0.10750000178813934),(1.1554366964846849,0.10750000178813934)));
#8866=IFCWINDOW('1mCAz_cdDEZf_YV3NRUv38',$,'Window',$,$,#8950,#8875,$,0.89999997615814209,1.2154366970062256,$,$,$);
#8867=IFCRELDEFINESBYTYPE('3L1fkLBT9BeumxaKJV4j1b',$,$,$,(#8866),#8731);
#8868=IFCCARTESIANPOINT((0.,0.,0.));
#8869=IFCDIRECTION((1.,0.,0.));
#8870=IFCDIRECTION((0.,1.,0.));
#8871=IFCDIRECTION((0.,0.,1.));
#8872=IFCCARTESIANTRANSFORMATIONOPERATOR3D(#8869,#8870,#8868,1.,#8871);
#8873=IFCMAPPEDITEM(#8734,#8872);
#8874=IFCSHAPEREPRESENTATION(#18,'Profile','MappedRepresentation',(#8873));
#8875=IFCPRODUCTDEFINITIONSHAPE($,$,(#8874,#8882,#8889));
#8876=IFCCARTESIANPOINT((0.,0.,0.));
#8877=IFCDIRECTION((1.,0.,0.));
#8878=IFCDIRECTION((0.,1.,0.));
#8879=IFCDIRECTION((0.,0.,1.));
#8880=IFCCARTESIANTRANSFORMATIONOPERATOR3D(#8877,#8878,#8876,1.,#8879);
#8881=IFCMAPPEDITEM(#8742,#8880);
#8882=IFCSHAPEREPRESENTATION(#11,'Body','MappedRepresentation',(#8881));
#8883=IFCCARTESIANPOINT((0.,0.,0.));
#8884=IFCDIRECTION((1.,0.,0.));
#8885=IFCDIRECTION((0.,1.,0.));
#8886=IFCDIRECTION((0.,0.,1.));
#8887=IFCCARTESIANTRANSFORMATIONOPERATOR3D(#8884,#8885,#8883,1.,#8886);
#8888=IFCMAPPEDITEM(#8828,#8887);
#8889=IFCSHAPEREPRESENTATION(#24,'Body','MappedRepresentation',(#8888));
#8890=IFCOPENINGELEMENT('10LNjviBzEUu9AaiykGWb_',$,'Opening',$,$,#8940,#8918,$,.OPENING.);
#8896=IFCCARTESIANPOINTLIST2D(((0.,0.),(1.2154366970062256,0.),(1.2154366970062256,0.89999997615814209),(0.,0.89999997615814209)));
#8897=IFCINDEXEDPOLYCURVE(#8896,(IFCLINEINDEX((1,2,3,4,1))),$);
#8898=IFCARBITRARYCLOSEDPROFILEDEF(.AREA.,$,#8897);
#8899=IFCCARTESIANPOINT((0.,-0.60000002384185791,0.));
#8900=IFCDIRECTION((0.,-1.,0.));
#8901=IFCDIRECTION((1.,0.,0.));
#8902=IFCAXIS2PLACEMENT3D(#8899,#8900,#8901);
#8903=IFCDIRECTION((0.,0.,-1.));
#8904=IFCEXTRUDEDAREASOLID(#8898,#8902,#8903,1.2);
#8905=IFCSHAPEREPRESENTATION(#11,'Body','SweptSolid',(#8904));
#8906=IFCCARTESIANPOINT((0.,0.,0.));
#8907=IFCDIRECTION((1.,0.,0.));
#8908=IFCDIRECTION((0.,0.,1.));
#8909=IFCAXIS2PLACEMENT3D(#8906,#8908,#8907);
#8910=IFCREPRESENTATIONMAP(#8909,#8905);
#8911=IFCCARTESIANPOINT((0.,0.,0.));
#8912=IFCDIRECTION((1.,0.,0.));
#8913=IFCDIRECTION((0.,1.,0.));
#8914=IFCDIRECTION((0.,0.,1.));
#8915=IFCCARTESIANTRANSFORMATIONOPERATOR3D(#8912,#8913,#8911,1.,#8914);
#8916=IFCMAPPEDITEM(#8910,#8915);
#8917=IFCSHAPEREPRESENTATION(#11,'Body','MappedRepresentation',(#8916));
#8918=IFCPRODUCTDEFINITIONSHAPE($,$,(#8917));
#8919=IFCRELVOIDSELEMENT('1GmN4MYsDAZ9J3EmnAZIKm',$,$,$,#4627,#8890);
#8925=IFCRELFILLSELEMENT('3d2c5OCvXBpPH7BMdM843h',$,$,$,#8890,#8866);
#8936=IFCCARTESIANPOINT((0.43456347286716474,-3.0761189862005267E-07,1.));
#8937=IFCDIRECTION((0.,0.,1.));
#8938=IFCDIRECTION((0.99999999999997158,-2.3841857910149749E-07,0.));
#8939=IFCAXIS2PLACEMENT3D(#8936,#8937,#8938);
#8940=IFCLOCALPLACEMENT(#4638,#8939);
#8946=IFCCARTESIANPOINT((2.7755575615628914E-17,0.,0.));
#8947=IFCDIRECTION((0.,0.,1.));
#8948=IFCDIRECTION((1.,0.,0.));
#8949=IFCAXIS2PLACEMENT3D(#8946,#8947,#8948);
#8950=IFCLOCALPLACEMENT(#8940,#8949);
#8951=IFCBUILDINGSTOREY('0CxtN4RiTBqeg7uyBN3o8K',$,'3F',$,$,#8972,$,$,$,$);
#8968=IFCCARTESIANPOINT((0.,0.,6.));
#8969=IFCDIRECTION((0.,0.,1.));
#8970=IFCDIRECTION((1.,0.,0.));
#8971=IFCAXIS2PLACEMENT3D(#8968,#8969,#8970);
#8972=IFCLOCALPLACEMENT(#56,#8971);
#8995=IFCSLAB('25NFxCRTn9bfBCF5Zco8jd',$,'Slab',$,$,#9003,#9010,$,$);
#8996=IFCRELCONTAINEDINSPATIALSTRUCTURE('2nOC0gOqb9xBYhBDnVRPJa',$,$,$,(#8995,#9018),#8951);
#8997=IFCMATERIALLAYERSETUSAGE(#1306,.AXIS3.,.POSITIVE.,-0.10000000149011612,$);
#8998=IFCRELASSOCIATESMATERIAL('1zs8m2oo56w9c9rEVwg36l',$,$,$,(#8995),#8997);
#8999=IFCCARTESIANPOINT((4.2174768447875977,-3.1193001270294189,0.));
#9000=IFCDIRECTION((0.,0.,1.));
#9001=IFCDIRECTION((1.,0.,0.));
#9002=IFCAXIS2PLACEMENT3D(#8999,#9000,#9001);
#9003=IFCLOCALPLACEMENT(#8972,#9002);
#9004=IFCCARTESIANPOINTLIST2D(((0.,0.),(-2.409998893737793,7.152557373046875E-07),(-2.409998893737793,0.89000105857849121),(-3.9599988460540771,0.89000105857849121),(-3.9599988460540771,1.4900009632110596),(-7.5099978446960449,1.4900009632110596),(-7.5099992752075195,8.6400022506713867),(-4.0099992752075195,8.6400003433227539),(-4.0099992752075195,9.600001335144043),(1.9073486328125E-06,9.6000003814697266),(0.,0.)));
#9005=IFCINDEXEDPOLYCURVE(#9004,$,$);
#9006=IFCDIRECTION((0.,0.,1.));
#9007=IFCARBITRARYCLOSEDPROFILEDEF(.AREA.,$,#9005);
#9008=IFCEXTRUDEDAREASOLID(#9007,#9017,#9006,0.10000000000000001);
#9009=IFCSHAPEREPRESENTATION(#11,'Body','SweptSolid',(#9008));
#9010=IFCPRODUCTDEFINITIONSHAPE($,$,(#9009));
#9011=IFCPROPERTYSET('1ullIIMC10FQHQE8nsBtfs',$,'EPset_Parametric',$,(#9013));
#9012=IFCRELDEFINESBYPROPERTIES('0gMyymSib9VwxVP_sJ4H35',$,$,$,(#8995),#9011);
#9013=IFCPROPERTYSINGLEVALUE('Engine',$,IFCLABEL('Bonsai.DumbLayer3'),$);
#9014=IFCCARTESIANPOINT((-0.,-0.,-0.10000000149011612));
#9015=IFCDIRECTION((0.,0.,1.));
#9016=IFCDIRECTION((1.,0.,0.));
#9017=IFCAXIS2PLACEMENT3D(#9014,#9015,#9016);
#9018=IFCROOF('29E_dnNuTB6OgbT$k8fam0',$,'Roof',$,$,#9043,#9026,$,$);
#9019=IFCCARTESIANPOINT((0.,0.,0.));
#9020=IFCDIRECTION((1.,0.,0.));
#9021=IFCDIRECTION((0.,1.,0.));
#9022=IFCDIRECTION((0.,0.,1.));
#9023=IFCCARTESIANTRANSFORMATIONOPERATOR3D(#9020,#9021,#9019,1.,#9022);
#9024=IFCMAPPEDITEM(#4429,#9023);
#9025=IFCSHAPEREPRESENTATION(#11,'Body','MappedRepresentation',(#9024));
#9026=IFCPRODUCTDEFINITIONSHAPE($,$,(#9025,#9033));
#9027=IFCCARTESIANPOINT((0.,0.,0.));
#9028=IFCDIRECTION((1.,0.,0.));
#9029=IFCDIRECTION((0.,1.,0.));
#9030=IFCDIRECTION((0.,0.,1.));
#9031=IFCCARTESIANTRANSFORMATIONOPERATOR3D(#9028,#9029,#9027,1.,#9030);
#9032=IFCMAPPEDITEM(#4457,#9031);
#9033=IFCSHAPEREPRESENTATION(#13,'Box','MappedRepresentation',(#9032));
#9039=IFCCARTESIANPOINT((0.48463216423988342,1.7062556743621826,0.10154247283935547));
#9040=IFCDIRECTION((0.,0.,1.));
#9041=IFCDIRECTION((1.,0.,0.));
#9042=IFCAXIS2PLACEMENT3D(#9039,#9040,#9041);
#9043=IFCLOCALPLACEMENT(#8972,#9042);
#9044=IFCCOVERINGTYPE('3aLkJGhYL4ygmHaDiDhZUA',$,'FL-1-GF',$,$,(#9048),$,$,$,.FLOORING.);
#9045=IFCMATERIALLAYERSET((#9072,#9073),$,$);
#9046=IFCRELASSOCIATESMATERIAL('3b02VaIFX6TfMn87cKLXcT',$,$,$,(#9044),#9045);
#9048=IFCPROPERTYSET('2SwxDcq7r0Kh4Z25MvczsB',$,'EPset_Parametric',$,(#9049));
#9049=IFCPROPERTYSINGLEVALUE('LayerSetDirection',$,IFCLABEL('AXIS3'),$);
#9050=IFCCOVERING('0wlHRtFKr90vUlUOOZFTvb',$,'Covering',$,$,#9071,#9064,$,$);
#9051=IFCRELDEFINESBYTYPE('19yZBW2GLElvBjaE24fCK9',$,$,$,(#9050),#9044);
#9052=IFCMATERIALLAYERSETUSAGE(#9045,.AXIS3.,.POSITIVE.,0.,$);
#9053=IFCRELASSOCIATESMATERIAL('3$LGJy$lrDXPlvI7mkcn95',$,$,$,(#9050),#9052);
#9054=IFCCARTESIANPOINTLIST2D(((-1.6320794820785522,1.8384323120117188),(1.6179206371307373,1.8384323120117188),(1.6179206371307373,-7.0715675354003906),(-2.1720795631408691,-7.0715675354003906),(-2.182079553604126,-4.5715675354003906),(-2.182079553604126,-1.921567440032959),(-3.6260795593261719,-1.921567440032959),(-3.6760795116424561,-1.921567440032959),(-3.6760795116424561,-1.1605675220489502),(-3.6760795116424561,-1.110567569732666),(-1.6310794353485107,-1.110567569732666),(-1.6310794353485107,0.36743259429931641),(-1.6310794353485107,0.36843252182006836),(-1.6320794820785522,0.36843252182006836)));
#9055=IFCINDEXEDPOLYCURVE(#9054,(IFCLINEINDEX((1,2,3,4,5,6,7,8,9,10,11,12,13,14,1))),$);
#9056=IFCARBITRARYCLOSEDPROFILEDEF(.AREA.,$,#9055);
#9057=IFCCARTESIANPOINT((0.,0.,0.));
#9058=IFCDIRECTION((0.,0.,1.));
#9059=IFCDIRECTION((1.,0.,0.));
#9060=IFCAXIS2PLACEMENT3D(#9057,#9058,#9059);
#9061=IFCDIRECTION((0.,0.,1.));
#9062=IFCEXTRUDEDAREASOLID(#9056,#9060,#9061,0.09999999962747097);
#9063=IFCSHAPEREPRESENTATION(#11,'Body','SweptSolid',(#9062));
#9064=IFCPRODUCTDEFINITIONSHAPE($,$,(#9063));
#9065=IFCMATERIAL('screed',$,'cement');
#9066=IFCMATERIAL('parquet',$,'wood');
#9067=IFCCARTESIANPOINT((2.4990794658660889,4.5715675354003906,0.));
#9068=IFCDIRECTION((0.,0.,1.));
#9069=IFCDIRECTION((1.,0.,0.));
#9070=IFCAXIS2PLACEMENT3D(#9067,#9068,#9069);
#9071=IFCLOCALPLACEMENT(#79,#9070);
#9072=IFCMATERIALLAYER(#9065,0.070000000298023224,$,$,$,$,$);
#9073=IFCMATERIALLAYER(#9066,0.029999999329447746,$,$,$,$,$);
#9074=IFCSTAIRFLIGHTTYPE('241KTj9kr3$Rn$3btrS4f6',$,'STAIR-1',$,$,(#9075,#9077),(#9119,#9256),$,$,.STRAIGHT.);
#9075=IFCPROPERTYSET('0H7r9C_Vz8Je1D_1z1zFVh',$,'BBIM_Stair',$,(#9076));
#9076=IFCPROPERTYSINGLEVALUE('Data',$,IFCTEXT('{"stair_type": "GENERIC", "width": 0.8171604871749878, "height": 1.7999999523162842, "number_of_treads": 7, "tread_run": 0.18732893466949463, "nosing_length": 0.0, "nosing_depth": 0.0, "custom_first_last_tread_run": [null, null], "custom_tread_lock": true}'),$);
#9077=IFCPROPERTYSET('1iwxGyTr9DH9yj65qVu3Wu',$,'Pset_StairFlightCommon',$,(#9078,#9079,#9080,#9081,#9082));
#9078=IFCPROPERTYSINGLEVALUE('NumberOfRiser',$,IFCCOUNTMEASURE(8.),$);
#9079=IFCPROPERTYSINGLEVALUE('NumberOfTreads',$,IFCCOUNTMEASURE(7.),$);
#9080=IFCPROPERTYSINGLEVALUE('RiserHeight',$,IFCPOSITIVELENGTHMEASURE(0.22499999403953552),$);
#9081=IFCPROPERTYSINGLEVALUE('TreadLength',$,IFCPOSITIVELENGTHMEASURE(0.25),$);
#9082=IFCPROPERTYSINGLEVALUE('NosingLength',$,IFCLENGTHMEASURE(0.),$);
#9115=IFCCARTESIANPOINT((0.,0.,0.));
#9116=IFCDIRECTION((1.,0.,0.));
#9117=IFCDIRECTION((0.,0.,1.));
#9118=IFCAXIS2PLACEMENT3D(#9115,#9117,#9116);
#9119=IFCREPRESENTATIONMAP(#9118,#9247);
#9120=IFCSTAIRFLIGHT('0Td2aIiFj138pv949nOn1V',$,'StairFlight',$,$,#9930,#9129,$,8,7,0.22499999403953552,0.25,.STRAIGHT.);
#9121=IFCRELDEFINESBYTYPE('0DIwK1pAj2$gJCNPPwZJJY',$,$,$,(#9120),#9074);
#9129=IFCPRODUCTDEFINITIONSHAPE($,$,(#9136,#9263));
#9130=IFCCARTESIANPOINT((0.,0.,0.));
#9131=IFCDIRECTION((1.,0.,0.));
#9132=IFCDIRECTION((0.,1.,0.));
#9133=IFCDIRECTION((0.,0.,1.));
#9134=IFCCARTESIANTRANSFORMATIONOPERATOR3D(#9131,#9132,#9130,1.,#9133);
#9135=IFCMAPPEDITEM(#9119,#9134);
#9136=IFCSHAPEREPRESENTATION(#11,'Body','MappedRepresentation',(#9135));
#9225=IFCINDEXEDPOLYGONALFACE((2,1,18,17,16,15,14,13,12,11,10,9,8,7,6,5,4,3));
#9226=IFCINDEXEDPOLYGONALFACE((19,20,21,22,23,24,25,26,27,28,29,30,31,32,33,34,35,36));
#9227=IFCINDEXEDPOLYGONALFACE((15,16,33,32));
#9228=IFCINDEXEDPOLYGONALFACE((8,9,26,25));
#9229=IFCINDEXEDPOLYGONALFACE((1,2,19,36));
#9230=IFCINDEXEDPOLYGONALFACE((16,17,34,33));
#9231=IFCINDEXEDPOLYGONALFACE((9,10,27,26));
#9232=IFCINDEXEDPOLYGONALFACE((2,3,20,19));
#9233=IFCINDEXEDPOLYGONALFACE((17,18,35,34));
#9234=IFCINDEXEDPOLYGONALFACE((10,11,28,27));
#9235=IFCINDEXEDPOLYGONALFACE((3,4,21,20));
#9236=IFCINDEXEDPOLYGONALFACE((18,1,36,35));
#9237=IFCINDEXEDPOLYGONALFACE((11,12,29,28));
#9238=IFCINDEXEDPOLYGONALFACE((4,5,22,21));
#9239=IFCINDEXEDPOLYGONALFACE((12,13,30,29));
#9240=IFCINDEXEDPOLYGONALFACE((5,6,23,22));
#9241=IFCINDEXEDPOLYGONALFACE((13,14,31,30));
#9242=IFCINDEXEDPOLYGONALFACE((6,7,24,23));
#9243=IFCINDEXEDPOLYGONALFACE((14,15,32,31));
#9244=IFCINDEXEDPOLYGONALFACE((7,8,25,24));
#9245=IFCCARTESIANPOINTLIST3D(((0.,0.,0.),(0.,0.,0.22499999403953552),(0.18732893466949463,0.,0.22499999403953552),(0.18732893466949463,0.,0.44999998807907104),(0.37465786933898926,0.,0.44999998807907104),(0.37465786933898926,0.,0.67499995231628418),(0.56198680400848389,0.,0.67499995231628418),(0.56198680400848389,0.,0.89999997615814209),(0.74931573867797852,0.,0.89999997615814209),(0.74931573867797852,0.,1.125),(0.93664467334747314,0.,1.125),(0.93664467334747314,0.,1.3500000238418579),(1.1239736080169678,0.,1.3500000238418579),(1.1239736080169678,0.,1.5750000476837158),(1.3113025426864624,0.,1.5750000476837158),(1.3113025426864624,0.,1.8000000715255737),(1.498631477355957,0.,1.8000000715255737),(1.498631477355957,0.,0.),(0.,0.81716048717498779,0.22499999403953552),(0.18732893466949463,0.81716048717498779,0.22499999403953552),(0.18732893466949463,0.81716048717498779,0.44999998807907104),(0.37465786933898926,0.81716048717498779,0.44999998807907104),(0.37465786933898926,0.81716048717498779,0.67499995231628418),(0.56198680400848389,0.81716048717498779,0.67499995231628418),(0.56198680400848389,0.81716048717498779,0.89999997615814209),(0.74931573867797852,0.81716048717498779,0.89999997615814209),(0.74931573867797852,0.81716048717498779,1.125),(0.93664467334747314,0.81716048717498779,1.125),(0.93664467334747314,0.81716048717498779,1.3500000238418579),(1.1239736080169678,0.81716048717498779,1.3500000238418579),(1.1239736080169678,0.81716048717498779,1.5750000476837158),(1.3113025426864624,0.81716048717498779,1.5750000476837158),(1.3113025426864624,0.81716048717498779,1.8000000715255737),(1.498631477355957,0.81716048717498779,1.8000000715255737),(1.498631477355957,0.81716048717498779,0.),(0.,0.81716048717498779,0.)));
#9246=IFCPOLYGONALFACESET(#9245,.T.,(#9225,#9226,#9227,#9228,#9229,#9230,#9231,#9232,#9233,#9234,#9235,#9236,#9237,#9238,#9239,#9240,#9241,#9242,#9243,#9244),$);
#9247=IFCSHAPEREPRESENTATION(#11,'Body','Tessellation',(#9246));
#9249=IFCCARTESIANPOINT((0.,0.,0.));
#9250=IFCBOUNDINGBOX(#9249,1.498631477355957,0.81716048717498779,1.8000000715255737);
#9251=IFCSHAPEREPRESENTATION(#13,'Box','BoundingBox',(#9250));
#9252=IFCCARTESIANPOINT((0.,0.,0.));
#9253=IFCDIRECTION((1.,0.,0.));
#9254=IFCDIRECTION((0.,0.,1.));
#9255=IFCAXIS2PLACEMENT3D(#9252,#9254,#9253);
#9256=IFCREPRESENTATIONMAP(#9255,#9251);
#9257=IFCCARTESIANPOINT((0.,0.,0.));
#9258=IFCDIRECTION((1.,0.,0.));
#9259=IFCDIRECTION((0.,1.,0.));
#9260=IFCDIRECTION((0.,0.,1.));
#9261=IFCCARTESIANTRANSFORMATIONOPERATOR3D(#9258,#9259,#9257,1.,#9260);
#9262=IFCMAPPEDITEM(#9256,#9261);
#9263=IFCSHAPEREPRESENTATION(#13,'Box','MappedRepresentation',(#9262));
#9269=IFCSLABTYPE('2fOBY5gjPC69XwlnUP0MQN',$,'SLAB LANDING',$,$,(#9273),$,$,$,.LANDING.);
#9270=IFCMATERIALLAYERSET((#9272),$,$);
#9271=IFCRELASSOCIATESMATERIAL('1tgFvX4BL1NQ65VXotQMrp',$,$,$,(#9269),#9270);
#9272=IFCMATERIALLAYER(#84,1.7999999523162842,$,$,$,$,$);
#9273=IFCPROPERTYSET('2Fyx55LUD7heaZmlqGxNpW',$,'EPset_Parametric',$,(#9274));
#9274=IFCPROPERTYSINGLEVALUE('LayerSetDirection',$,IFCLABEL('AXIS3'),$);
#9275=IFCSLAB('13wI9FlM1DxeHW1A5wgldK',$,'Slab',$,$,#9283,#9290,$,$);
#9276=IFCRELDEFINESBYTYPE('0vIcHNZSD0yQCk_if6IAb4',$,$,$,(#9298,#9899,#9275),#9269);
#9277=IFCMATERIALLAYERSETUSAGE(#9270,.AXIS3.,.POSITIVE.,-0.10000000149011612,$);
#9278=IFCRELASSOCIATESMATERIAL('2G5BP5nDn4HwFsaXUkevRV',$,$,$,(#9275),#9277);
#9279=IFCCARTESIANPOINT((3.3206930160522461,1.3376625776290894,0.));
#9280=IFCDIRECTION((0.,0.,1.));
#9281=IFCDIRECTION((1.,0.,0.));
#9282=IFCAXIS2PLACEMENT3D(#9279,#9280,#9281);
#9283=IFCLOCALPLACEMENT(#79,#9282);
#9286=IFCDIRECTION((0.,0.,1.));
#9288=IFCEXTRUDEDAREASOLID(#9870,#9297,#9286,0.10000000000000001);
#9289=IFCSHAPEREPRESENTATION(#11,'Body','SweptSolid',(#9288));
#9290=IFCPRODUCTDEFINITIONSHAPE($,$,(#9289));
#9291=IFCPROPERTYSET('37PTQjuEr4ohoPQIAaWvxC',$,'EPset_Parametric',$,(#9293));
#9292=IFCRELDEFINESBYPROPERTIES('07EEAQCCXAXRjiwmt_JCtA',$,$,$,(#9275),#9291);
#9293=IFCPROPERTYSINGLEVALUE('Engine',$,IFCLABEL('Bonsai.DumbLayer3'),$);
#9294=IFCCARTESIANPOINT((-0.,-0.,-0.10000000149011612));
#9295=IFCDIRECTION((0.,0.,1.));
#9296=IFCDIRECTION((1.,0.,0.));
#9297=IFCAXIS2PLACEMENT3D(#9294,#9295,#9296);
#9298=IFCSLAB('1fXvUVa2j8OvF_WI4CNL9r',$,'Slab',$,$,#9925,#9312,$,$);
#9299=IFCMATERIALLAYERSETUSAGE(#9270,.AXIS3.,.POSITIVE.,-0.10000000149011612,$);
#9300=IFCRELASSOCIATESMATERIAL('1ImddX2ob3UfHr6LeP8FIr',$,$,$,(#9298),#9299);
#9308=IFCDIRECTION((0.,0.,1.));
#9310=IFCEXTRUDEDAREASOLID(#9873,#9319,#9308,1.7999999523162842);
#9311=IFCSHAPEREPRESENTATION(#11,'Body','SweptSolid',(#9310));
#9312=IFCPRODUCTDEFINITIONSHAPE($,$,(#9311));
#9313=IFCPROPERTYSET('1xZuveZn19U9OlTI6DhTMd',$,'EPset_Parametric',$,(#9315));
#9314=IFCRELDEFINESBYPROPERTIES('1QTQRZuJv5EAnlea_SwDil',$,$,$,(#9298),#9313);
#9315=IFCPROPERTYSINGLEVALUE('Engine',$,IFCLABEL('Bonsai.DumbLayer3'),$);
#9316=IFCCARTESIANPOINT((-0.,-0.,-0.10000000149011612));
#9317=IFCDIRECTION((0.,0.,1.));
#9318=IFCDIRECTION((1.,0.,0.));
#9319=IFCAXIS2PLACEMENT3D(#9316,#9317,#9318);
#9325=IFCRAILINGTYPE('2GxhQjLh1FlO2NNPqrJZq7',$,'BALCONY-1',$,$,(#9326,#9328),(#9357,#9401),$,$,.USERDEFINED.);
#9326=IFCPROPERTYSET('26dhWWhLD2AwweO5T6F1k$',$,'BBIM_Railing',$,(#9327));
#9327=IFCPROPERTYSINGLEVALUE('Data',$,IFCTEXT('{"railing_type": "FRAMELESS_PANEL", "height": 1.0, "thickness": 0.05000000074505806, "spacing": 0.05000000074505806, "path_data": {"edges": [[0, 1], [1, 2]], "verts": [[-1.0, 0.0, 0.0], [0.0, 0.0, 0.0], [1.0, 0.0, 0.0]]}}'),$);
#9328=IFCPROPERTYSET('0oAzo008j2gegAmrrhgN_6',$,'Pset_RailingCommon',$,(#9329));
#9329=IFCPROPERTYSINGLEVALUE('Height',$,IFCPOSITIVELENGTHMEASURE(1.),$);
#9353=IFCCARTESIANPOINT((0.,0.,0.));
#9354=IFCDIRECTION((1.,0.,0.));
#9355=IFCDIRECTION((0.,0.,1.));
#9356=IFCAXIS2PLACEMENT3D(#9353,#9355,#9354);
#9357=IFCREPRESENTATIONMAP(#9356,#9392);
#9358=IFCINDEXEDPOLYGONALFACE((2,3,4));
#9359=IFCINDEXEDPOLYGONALFACE((2,4,1));
#9360=IFCINDEXEDPOLYGONALFACE((6,7,8));
#9361=IFCINDEXEDPOLYGONALFACE((6,8,5));
#9362=IFCINDEXEDPOLYGONALFACE((12,9,10));
#9363=IFCINDEXEDPOLYGONALFACE((12,10,11));
#9364=IFCINDEXEDPOLYGONALFACE((13,14,9));
#9365=IFCINDEXEDPOLYGONALFACE((13,9,12));
#9366=IFCINDEXEDPOLYGONALFACE((18,15,16));
#9367=IFCINDEXEDPOLYGONALFACE((18,16,17));
#9368=IFCINDEXEDPOLYGONALFACE((19,20,15));
#9369=IFCINDEXEDPOLYGONALFACE((19,15,18));
#9370=IFCINDEXEDPOLYGONALFACE((2,13,3));
#9371=IFCINDEXEDPOLYGONALFACE((2,14,13));
#9372=IFCINDEXEDPOLYGONALFACE((6,15,20));
#9373=IFCINDEXEDPOLYGONALFACE((5,16,15));
#9374=IFCINDEXEDPOLYGONALFACE((5,15,6));
#9375=IFCINDEXEDPOLYGONALFACE((2,9,14));
#9376=IFCINDEXEDPOLYGONALFACE((1,10,9));
#9377=IFCINDEXEDPOLYGONALFACE((1,9,2));
#9378=IFCINDEXEDPOLYGONALFACE((6,19,7));
#9379=IFCINDEXEDPOLYGONALFACE((6,20,19));
#9380=IFCINDEXEDPOLYGONALFACE((18,8,7));
#9381=IFCINDEXEDPOLYGONALFACE((18,7,19));
#9382=IFCINDEXEDPOLYGONALFACE((17,8,18));
#9383=IFCINDEXEDPOLYGONALFACE((16,5,8));
#9384=IFCINDEXEDPOLYGONALFACE((16,8,17));
#9385=IFCINDEXEDPOLYGONALFACE((10,1,4));
#9386=IFCINDEXEDPOLYGONALFACE((10,4,11));
#9387=IFCINDEXEDPOLYGONALFACE((12,4,3));
#9388=IFCINDEXEDPOLYGONALFACE((12,3,13));
#9389=IFCINDEXEDPOLYGONALFACE((11,4,12));
#9390=IFCCARTESIANPOINTLIST3D(((-0.02500000037252903,-0.02500000037252903,1.),(-0.02500000037252903,0.02500000037252903,1.),(-0.97500002384185791,0.02500000037252903,1.),(-0.97500002384185791,-0.02500000037252903,1.),(0.97500002384185791,-0.02500000037252903,1.),(0.97500002384185791,0.02500000037252903,1.),(0.02500000037252903,0.02500000037252903,1.),(0.02500000037252903,-0.02500000037252903,1.),(-0.02500000037252903,0.,0.),(-0.02500000037252903,-0.02500000037252903,0.),(-0.97500002384185791,-0.02500000037252903,0.),(-0.97500002384185791,0.,0.),(-0.97500002384185791,0.02500000037252903,0.),(-0.02500000037252903,0.02500000037252903,0.),(0.97500002384185791,0.,0.),(0.97500002384185791,-0.02500000037252903,0.),(0.02500000037252903,-0.02500000037252903,0.),(0.02500000037252903,0.,0.),(0.02500000037252903,0.02500000037252903,0.),(0.97500002384185791,0.02500000037252903,0.)));
#9391=IFCPOLYGONALFACESET(#9390,.T.,(#9358,#9359,#9360,#9361,#9362,#9363,#9364,#9365,#9366,#9367,#9368,#9369,#9370,#9371,#9372,#9373,#9374,#9375,#9376,#9377,#9378,#9379,#9380,#9381,#9382,#9383,#9384,#9385,#9386,#9387,#9388,#9389),$);
#9392=IFCSHAPEREPRESENTATION(#11,'Body','Tessellation',(#9391));
#9394=IFCCARTESIANPOINT((-0.97500002384185791,-0.02500000037252903,0.));
#9395=IFCBOUNDINGBOX(#9394,1.9500000476837158,0.05000000074505806,1.);
#9396=IFCSHAPEREPRESENTATION(#13,'Box','BoundingBox',(#9395));
#9397=IFCCARTESIANPOINT((0.,0.,0.));
#9398=IFCDIRECTION((1.,0.,0.));
#9399=IFCDIRECTION((0.,0.,1.));
#9400=IFCAXIS2PLACEMENT3D(#9397,#9399,#9398);
#9401=IFCREPRESENTATIONMAP(#9400,#9396);
#9402=IFCRAILING('3xbtWrbpT649LV4KiKti0v',$,'Railing',$,$,#9428,#9411,$,$);
#9403=IFCRELDEFINESBYTYPE('2yJMHG2554p9yzJF$_xegb',$,$,$,(#9402,#9429,#9450,#9471,#9492,#9518),#9325);
#9404=IFCCARTESIANPOINT((0.,0.,0.));
#9405=IFCDIRECTION((1.,0.,0.));
#9406=IFCDIRECTION((0.,1.,0.));
#9407=IFCDIRECTION((0.,0.,1.));
#9408=IFCCARTESIANTRANSFORMATIONOPERATOR3D(#9405,#9406,#9404,1.,#9407);
#9409=IFCMAPPEDITEM(#9357,#9408);
#9410=IFCSHAPEREPRESENTATION(#11,'Body','MappedRepresentation',(#9409));
#9411=IFCPRODUCTDEFINITIONSHAPE($,$,(#9410,#9418));
#9412=IFCCARTESIANPOINT((0.,0.,0.));
#9413=IFCDIRECTION((1.,0.,0.));
#9414=IFCDIRECTION((0.,1.,0.));
#9415=IFCDIRECTION((0.,0.,1.));
#9416=IFCCARTESIANTRANSFORMATIONOPERATOR3D(#9413,#9414,#9412,1.,#9415);
#9417=IFCMAPPEDITEM(#9401,#9416);
#9418=IFCSHAPEREPRESENTATION(#13,'Box','MappedRepresentation',(#9417));
#9424=IFCCARTESIANPOINT((0.83196979761123657,-3.0747091770172119,0.));
#9425=IFCDIRECTION((0.,0.,1.));
#9426=IFCDIRECTION((1.,0.,0.));
#9427=IFCAXIS2PLACEMENT3D(#9424,#9425,#9426);
#9428=IFCLOCALPLACEMENT(#4293,#9427);
#9429=IFCRAILING('0BdtZLVb1EixIxXx0fricK',$,'Railing',$,$,#9430,#9442,$,$);
#9430=IFCLOCALPLACEMENT(#4293,#9431);
#9431=IFCAXIS2PLACEMENT3D(#9432,#9433,#9434);
#9432=IFCCARTESIANPOINT((0.83196979761123657,-3.0747091770172119,0.));
#9433=IFCDIRECTION((0.,0.,1.));
#9434=IFCDIRECTION((1.,0.,0.));
#9435=IFCCARTESIANPOINT((0.,0.,0.));
#9436=IFCDIRECTION((1.,0.,0.));
#9437=IFCDIRECTION((0.,1.,0.));
#9438=IFCDIRECTION((0.,0.,1.));
#9439=IFCCARTESIANTRANSFORMATIONOPERATOR3D(#9436,#9437,#9435,1.,#9438);
#9440=IFCMAPPEDITEM(#9357,#9439);
#9441=IFCSHAPEREPRESENTATION(#11,'Body','MappedRepresentation',(#9440));
#9442=IFCPRODUCTDEFINITIONSHAPE($,$,(#9441,#9449));
#9443=IFCCARTESIANPOINT((0.,0.,0.));
#9444=IFCDIRECTION((1.,0.,0.));
#9445=IFCDIRECTION((0.,1.,0.));
#9446=IFCDIRECTION((0.,0.,1.));
#9447=IFCCARTESIANTRANSFORMATIONOPERATOR3D(#9444,#9445,#9443,1.,#9446);
#9448=IFCMAPPEDITEM(#9401,#9447);
#9449=IFCSHAPEREPRESENTATION(#13,'Box','MappedRepresentation',(#9448));
#9450=IFCRAILING('1tzDQvxRH90gYks2WUHa30',$,'Railing',$,$,#9451,#9463,$,$);
#9451=IFCLOCALPLACEMENT(#4293,#9452);
#9452=IFCAXIS2PLACEMENT3D(#9453,#9454,#9455);
#9453=IFCCARTESIANPOINT((0.83196979761123657,-3.0747091770172119,0.));
#9454=IFCDIRECTION((0.,0.,1.));
#9455=IFCDIRECTION((1.,0.,0.));
#9456=IFCCARTESIANPOINT((0.,0.,0.));
#9457=IFCDIRECTION((1.,0.,0.));
#9458=IFCDIRECTION((0.,1.,0.));
#9459=IFCDIRECTION((0.,0.,1.));
#9460=IFCCARTESIANTRANSFORMATIONOPERATOR3D(#9457,#9458,#9456,1.,#9459);
#9461=IFCMAPPEDITEM(#9357,#9460);
#9462=IFCSHAPEREPRESENTATION(#11,'Body','MappedRepresentation',(#9461));
#9463=IFCPRODUCTDEFINITIONSHAPE($,$,(#9462,#9470));
#9464=IFCCARTESIANPOINT((0.,0.,0.));
#9465=IFCDIRECTION((1.,0.,0.));
#9466=IFCDIRECTION((0.,1.,0.));
#9467=IFCDIRECTION((0.,0.,1.));
#9468=IFCCARTESIANTRANSFORMATIONOPERATOR3D(#9465,#9466,#9464,1.,#9467);
#9469=IFCMAPPEDITEM(#9401,#9468);
#9470=IFCSHAPEREPRESENTATION(#13,'Box','MappedRepresentation',(#9469));
#9471=IFCRAILING('1tSNUHAbD58B$bMdu_h7b2',$,'Railing',$,$,#9472,#9484,$,$);
#9472=IFCLOCALPLACEMENT(#4293,#9473);
#9473=IFCAXIS2PLACEMENT3D(#9474,#9475,#9476);
#9474=IFCCARTESIANPOINT((0.83196979761123657,-3.0747091770172119,0.));
#9475=IFCDIRECTION((0.,0.,1.));
#9476=IFCDIRECTION((1.,0.,0.));
#9477=IFCCARTESIANPOINT((0.,0.,0.));
#9478=IFCDIRECTION((1.,0.,0.));
#9479=IFCDIRECTION((0.,1.,0.));
#9480=IFCDIRECTION((0.,0.,1.));
#9481=IFCCARTESIANTRANSFORMATIONOPERATOR3D(#9478,#9479,#9477,1.,#9480);
#9482=IFCMAPPEDITEM(#9357,#9481);
#9483=IFCSHAPEREPRESENTATION(#11,'Body','MappedRepresentation',(#9482));
#9484=IFCPRODUCTDEFINITIONSHAPE($,$,(#9483,#9491));
#9485=IFCCARTESIANPOINT((0.,0.,0.));
#9486=IFCDIRECTION((1.,0.,0.));
#9487=IFCDIRECTION((0.,1.,0.));
#9488=IFCDIRECTION((0.,0.,1.));
#9489=IFCCARTESIANTRANSFORMATIONOPERATOR3D(#9486,#9487,#9485,1.,#9488);
#9490=IFCMAPPEDITEM(#9401,#9489);
#9491=IFCSHAPEREPRESENTATION(#13,'Box','MappedRepresentation',(#9490));
#9492=IFCRAILING('1l1vG4rkf05vWq3y8Xr4sm',$,'Railing',$,$,#9517,#9505,$,$);
#9498=IFCCARTESIANPOINT((0.,0.,0.));
#9499=IFCDIRECTION((1.,0.,0.));
#9500=IFCDIRECTION((0.,1.,0.));
#9501=IFCDIRECTION((0.,0.,1.));
#9502=IFCCARTESIANTRANSFORMATIONOPERATOR3D(#9499,#9500,#9498,1.,#9501);
#9503=IFCMAPPEDITEM(#9357,#9502);
#9504=IFCSHAPEREPRESENTATION(#11,'Body','MappedRepresentation',(#9503));
#9505=IFCPRODUCTDEFINITIONSHAPE($,$,(#9504,#9512));
#9506=IFCCARTESIANPOINT((0.,0.,0.));
#9507=IFCDIRECTION((1.,0.,0.));
#9508=IFCDIRECTION((0.,1.,0.));
#9509=IFCDIRECTION((0.,0.,1.));
#9510=IFCCARTESIANTRANSFORMATIONOPERATOR3D(#9507,#9508,#9506,1.,#9509);
#9511=IFCMAPPEDITEM(#9401,#9510);
#9512=IFCSHAPEREPRESENTATION(#13,'Box','MappedRepresentation',(#9511));
#9513=IFCCARTESIANPOINT((-1.1589574813842773,-3.0706708431243896,0.));
#9514=IFCDIRECTION((0.,0.,1.));
#9515=IFCDIRECTION((1.,0.,0.));
#9516=IFCAXIS2PLACEMENT3D(#9513,#9514,#9515);
#9517=IFCLOCALPLACEMENT(#4293,#9516);
#9518=IFCRAILING('2vOBEcmDL4$ApROK9w5E3s',$,'Railing',$,$,#9519,#9531,$,$);
#9519=IFCLOCALPLACEMENT(#4293,#9520);
#9520=IFCAXIS2PLACEMENT3D(#9521,#9522,#9523);
#9521=IFCCARTESIANPOINT((-1.1589574813842773,-3.0706708431243896,0.));
#9522=IFCDIRECTION((0.,0.,1.));
#9523=IFCDIRECTION((1.,0.,0.));
#9524=IFCCARTESIANPOINT((0.,0.,0.));
#9525=IFCDIRECTION((1.,0.,0.));
#9526=IFCDIRECTION((0.,1.,0.));
#9527=IFCDIRECTION((0.,0.,1.));
#9528=IFCCARTESIANTRANSFORMATIONOPERATOR3D(#9525,#9526,#9524,1.,#9527);
#9529=IFCMAPPEDITEM(#9357,#9528);
#9530=IFCSHAPEREPRESENTATION(#11,'Body','MappedRepresentation',(#9529));
#9531=IFCPRODUCTDEFINITIONSHAPE($,$,(#9530,#9538));
#9532=IFCCARTESIANPOINT((0.,0.,0.));
#9533=IFCDIRECTION((1.,0.,0.));
#9534=IFCDIRECTION((0.,1.,0.));
#9535=IFCDIRECTION((0.,0.,1.));
#9536=IFCCARTESIANTRANSFORMATIONOPERATOR3D(#9533,#9534,#9532,1.,#9535);
#9537=IFCMAPPEDITEM(#9401,#9536);
#9538=IFCSHAPEREPRESENTATION(#13,'Box','MappedRepresentation',(#9537));
#9539=IFCRAILINGTYPE('2WIcnZxfv7IgOBtyrfVOmi',$,'BALCONY-2',$,$,(#9540,#9542),(#9544,#9777),$,$,.USERDEFINED.);
#9540=IFCPROPERTYSET('0vcPjwAB53E8MTtc9TESIM',$,'BBIM_Railing',$,(#9541));
#9541=IFCPROPERTYSINGLEVALUE('Data',$,IFCTEXT('{"railing_type": "FRAMELESS_PANEL", "height": 1.0, "thickness": 0.05000000074505806, "spacing": 0.05000000074505806, "path_data": {"edges": [[0, 1], [1, 2]], "verts": [[-0.12208914756774902, 0.0, 0.0], [0.0, 0.0, 0.0], [1.0, 0.0, 0.0]]}}'),$);
#9542=IFCPROPERTYSET('0hDNahWu5AWf03WmjZLqY$',$,'Pset_RailingCommon',$,(#9543));
#9543=IFCPROPERTYSINGLEVALUE('Height',$,IFCPOSITIVELENGTHMEASURE(1.),$);
#9544=IFCREPRESENTATIONMAP(#9545,#9768);
#9545=IFCAXIS2PLACEMENT3D(#9546,#9547,#9548);
#9546=IFCCARTESIANPOINT((0.,0.,0.));
#9547=IFCDIRECTION((0.,0.,1.));
#9548=IFCDIRECTION((1.,0.,0.));
#9592=IFCRAILING('1iEXNQAwr368Wdiv15Y1Ng',$,'Railing',$,'FRAMELESS_PANEL',#9613,#9601,$,.USERDEFINED.);
#9593=IFCRELDEFINESBYTYPE('3GkU0TVcvD$f09H0oDwLu5',$,$,$,(#9592),#9539);
#9594=IFCCARTESIANPOINT((0.,0.,0.));
#9595=IFCDIRECTION((1.,0.,0.));
#9596=IFCDIRECTION((0.,1.,0.));
#9597=IFCDIRECTION((0.,0.,1.));
#9598=IFCCARTESIANTRANSFORMATIONOPERATOR3D(#9595,#9596,#9594,1.,#9597);
#9599=IFCMAPPEDITEM(#9544,#9598);
#9600=IFCSHAPEREPRESENTATION(#11,'Body','MappedRepresentation',(#9599));
#9601=IFCPRODUCTDEFINITIONSHAPE($,$,(#9600,#9784));
#9609=IFCCARTESIANPOINT((-3.1677582263946533,-3.0616443157196045,0.));
#9610=IFCDIRECTION((0.,0.,1.));
#9611=IFCDIRECTION((1.,0.,0.));
#9612=IFCAXIS2PLACEMENT3D(#9609,#9610,#9611);
#9613=IFCLOCALPLACEMENT(#4293,#9612);
#9648=IFCRAILINGTYPE('0XabFY4ibDXeLCFcHGSQ6z',$,'BALCONY-3',$,$,(#9649,#9651),(#9653,#9808),$,$,.USERDEFINED.);
#9649=IFCPROPERTYSET('2sfDlBUXjBoh70uKYl2dCi',$,'BBIM_Railing',$,(#9650));
#9650=IFCPROPERTYSINGLEVALUE('Data',$,IFCTEXT('{"railing_type": "FRAMELESS_PANEL", "height": 1.0, "thickness": 0.05000000074505806, "spacing": 0.05000000074505806, "path_data": {"edges": [[0, 1], [1, 2]], "verts": [[-1.0, 0.0, 0.0], [0.0, 0.0, 0.0], [0.8399409055709839, -6.996405232939651e-09, 0.0]]}}'),$);
#9651=IFCPROPERTYSET('2YOb74Mcn8VBz14xNyP5$t',$,'Pset_RailingCommon',$,(#9652));
#9652=IFCPROPERTYSINGLEVALUE('Height',$,IFCPOSITIVELENGTHMEASURE(1.),$);
#9653=IFCREPRESENTATIONMAP(#9654,#9799);
#9654=IFCAXIS2PLACEMENT3D(#9655,#9656,#9657);
#9655=IFCCARTESIANPOINT((0.,0.,0.));
#9656=IFCDIRECTION((0.,0.,1.));
#9657=IFCDIRECTION((1.,0.,0.));
#9701=IFCRAILING('1T6yAaMmvDRRMOuh4N4MfT',$,'Railing',$,'FRAMELESS_PANEL',#9820,#9710,$,.USERDEFINED.);
#9702=IFCRELDEFINESBYTYPE('0ZLLWM4FH4puzdWoufvXtE',$,$,$,(#9701),#9648);
#9703=IFCCARTESIANPOINT((0.,0.,0.));
#9704=IFCDIRECTION((1.,0.,0.));
#9705=IFCDIRECTION((0.,1.,0.));
#9706=IFCDIRECTION((0.,0.,1.));
#9707=IFCCARTESIANTRANSFORMATIONOPERATOR3D(#9704,#9705,#9703,1.,#9706);
#9708=IFCMAPPEDITEM(#9653,#9707);
#9709=IFCSHAPEREPRESENTATION(#11,'Body','MappedRepresentation',(#9708));
#9710=IFCPRODUCTDEFINITIONSHAPE($,$,(#9709,#9815));
#9754=IFCINDEXEDPOLYGONALFACE((16,19,18,17));
#9755=IFCINDEXEDPOLYGONALFACE((20,23,22,21));
#9756=IFCINDEXEDPOLYGONALFACE((5,11,10,4,8,9));
#9757=IFCINDEXEDPOLYGONALFACE((7,15,14,6,12,13));
#9758=IFCINDEXEDPOLYGONALFACE((6,14,21,22,12));
#9759=IFCINDEXEDPOLYGONALFACE((15,20,21,14));
#9760=IFCINDEXEDPOLYGONALFACE((5,9,19,16,11));
#9761=IFCINDEXEDPOLYGONALFACE((7,13,23,20,15));
#9762=IFCINDEXEDPOLYGONALFACE((11,16,17,10));
#9763=IFCINDEXEDPOLYGONALFACE((8,18,19,9));
#9764=IFCINDEXEDPOLYGONALFACE((12,22,23,13));
#9765=IFCINDEXEDPOLYGONALFACE((10,17,18,8,4));
#9766=IFCCARTESIANPOINTLIST3D(((-0.12208914756774902,0.,0.),(0.,0.,0.),(1.,0.,0.),(-0.097089149057865143,0.,0.),(-0.02500000037252903,0.,0.),(0.02500000037252903,0.,0.),(0.97500002384185791,0.,0.),(-0.097089149057865143,0.02500000037252903,0.),(-0.02500000037252903,0.02500000037252903,0.),(-0.097089149057865143,-0.02500000037252903,0.),(-0.02500000037252903,-0.02500000037252903,0.),(0.02500000037252903,0.02500000037252903,0.),(0.97500002384185791,0.02500000037252903,0.),(0.02500000037252903,-0.02500000037252903,0.),(0.97500002384185791,-0.02500000037252903,0.),(-0.02500000037252903,-0.02500000037252903,1.),(-0.097089149057865143,-0.02500000037252903,1.),(-0.097089149057865143,0.02500000037252903,1.),(-0.02500000037252903,0.02500000037252903,1.),(0.97500002384185791,-0.02500000037252903,1.),(0.02500000037252903,-0.02500000037252903,1.),(0.02500000037252903,0.02500000037252903,1.),(0.97500002384185791,0.02500000037252903,1.)));
#9767=IFCPOLYGONALFACESET(#9766,.F.,(#9754,#9755,#9756,#9757,#9758,#9759,#9760,#9761,#9762,#9763,#9764,#9765),$);
#9768=IFCSHAPEREPRESENTATION(#11,'Body','Tessellation',(#9767));
#9770=IFCCARTESIANPOINT((-0.12208914756774902,-0.02500000037252903,0.));
#9771=IFCBOUNDINGBOX(#9770,1.122089147567749,0.05000000074505806,1.);
#9772=IFCSHAPEREPRESENTATION(#13,'Box','BoundingBox',(#9771));
#9773=IFCCARTESIANPOINT((0.,0.,0.));
#9774=IFCDIRECTION((1.,0.,0.));
#9775=IFCDIRECTION((0.,0.,1.));
#9776=IFCAXIS2PLACEMENT3D(#9773,#9775,#9774);
#9777=IFCREPRESENTATIONMAP(#9776,#9772);
#9778=IFCCARTESIANPOINT((0.,0.,0.));
#9779=IFCDIRECTION((1.,0.,0.));
#9780=IFCDIRECTION((0.,1.,0.));
#9781=IFCDIRECTION((0.,0.,1.));
#9782=IFCCARTESIANTRANSFORMATIONOPERATOR3D(#9779,#9780,#9778,1.,#9781);
#9783=IFCMAPPEDITEM(#9777,#9782);
#9784=IFCSHAPEREPRESENTATION(#13,'Box','MappedRepresentation',(#9783));
#9785=IFCINDEXEDPOLYGONALFACE((16,19,18,17));
#9786=IFCINDEXEDPOLYGONALFACE((20,23,22,21));
#9787=IFCINDEXEDPOLYGONALFACE((5,11,10,4,8,9));
#9788=IFCINDEXEDPOLYGONALFACE((7,15,14,6,12,13));
#9789=IFCINDEXEDPOLYGONALFACE((6,14,21,22,12));
#9790=IFCINDEXEDPOLYGONALFACE((15,20,21,14));
#9791=IFCINDEXEDPOLYGONALFACE((5,9,19,16,11));
#9792=IFCINDEXEDPOLYGONALFACE((7,13,23,20,15));
#9793=IFCINDEXEDPOLYGONALFACE((11,16,17,10));
#9794=IFCINDEXEDPOLYGONALFACE((8,18,19,9));
#9795=IFCINDEXEDPOLYGONALFACE((12,22,23,13));
#9796=IFCINDEXEDPOLYGONALFACE((10,17,18,8,4));
#9797=IFCCARTESIANPOINTLIST3D(((-1.,0.,0.),(0.,0.,0.),(0.83994090557098389,-6.9964052329396509E-09,0.),(-0.97500002384185791,0.,0.),(-0.02500000037252903,0.,0.),(0.02500000037252903,-2.0824099389304962E-10,0.),(0.8149409294128418,-6.7881642529243891E-09,0.),(-0.97500002384185791,0.02500000037252903,0.),(-0.02500000037252903,0.02500000037252903,0.),(-0.97500002384185791,-0.02500000037252903,0.),(-0.02500000037252903,-0.02500000037252903,0.),(0.02500000037252903,0.02500000037252903,0.),(0.8149409294128418,0.024999992921948433,0.),(0.02500000037252903,-0.02500000037252903,0.),(0.8149409294128418,-0.025000007823109627,0.),(-0.02500000037252903,-0.02500000037252903,1.),(-0.97500002384185791,-0.02500000037252903,1.),(-0.97500002384185791,0.02500000037252903,1.),(-0.02500000037252903,0.02500000037252903,1.),(0.8149409294128418,-0.025000007823109627,1.),(0.02500000037252903,-0.02500000037252903,1.),(0.02500000037252903,0.02500000037252903,1.),(0.8149409294128418,0.024999992921948433,1.)));
#9798=IFCPOLYGONALFACESET(#9797,.F.,(#9785,#9786,#9787,#9788,#9789,#9790,#9791,#9792,#9793,#9794,#9795,#9796),$);
#9799=IFCSHAPEREPRESENTATION(#11,'Body','Tessellation',(#9798));
#9801=IFCCARTESIANPOINT((-1.,-0.025000007823109627,0.));
#9802=IFCBOUNDINGBOX(#9801,1.8399409055709839,0.050000008195638657,1.);
#9803=IFCSHAPEREPRESENTATION(#13,'Box','BoundingBox',(#9802));
#9804=IFCCARTESIANPOINT((0.,0.,0.));
#9805=IFCDIRECTION((1.,0.,0.));
#9806=IFCDIRECTION((0.,0.,1.));
#9807=IFCAXIS2PLACEMENT3D(#9804,#9806,#9805);
#9808=IFCREPRESENTATIONMAP(#9807,#9803);
#9809=IFCCARTESIANPOINT((0.,0.,0.));
#9810=IFCDIRECTION((1.,0.,0.));
#9811=IFCDIRECTION((0.,1.,0.));
#9812=IFCDIRECTION((0.,0.,1.));
#9813=IFCCARTESIANTRANSFORMATIONOPERATOR3D(#9810,#9811,#9809,1.,#9812);
#9814=IFCMAPPEDITEM(#9808,#9813);
#9815=IFCSHAPEREPRESENTATION(#13,'Box','MappedRepresentation',(#9814));
#9816=IFCCARTESIANPOINT((-3.2553691864013672,-2.2677426338195801,0.));
#9817=IFCDIRECTION((0.,0.,1.));
#9818=IFCDIRECTION((-4.3711388286737889E-08,-0.99999999999999911,0.));
#9819=IFCAXIS2PLACEMENT3D(#9816,#9817,#9818);
#9820=IFCLOCALPLACEMENT(#4293,#9819);
#9846=IFCSLAB('1F6MDXPYj9MQnEzbv_rvw4',$,'Slab',$,$,#9853,#9860,$,$);
#9847=IFCMATERIALLAYERSETUSAGE(#1306,.AXIS3.,.POSITIVE.,-0.10000000149011612,$);
#9848=IFCRELASSOCIATESMATERIAL('3FihjdNqvFZQttnhSrGa_E',$,$,$,(#9846),#9847);
#9849=IFCCARTESIANPOINT((4.2174768447875977,-3.1193001270294189,0.));
#9850=IFCDIRECTION((0.,0.,1.));
#9851=IFCDIRECTION((1.,0.,0.));
#9852=IFCAXIS2PLACEMENT3D(#9849,#9850,#9851);
#9853=IFCLOCALPLACEMENT(#4293,#9852);
#9854=IFCCARTESIANPOINTLIST2D(((0.,0.),(9.5367431640625E-07,9.6000003814697266),(-4.0099992752075195,9.600001335144043),(-4.0099992752075195,8.6400003433227539),(-7.5099992752075195,8.6400022506713867),(-7.5100011825561523,0.040001630783081055),(0.,0.)));
#9855=IFCINDEXEDPOLYCURVE(#9854,$,$);
#9856=IFCDIRECTION((0.,0.,1.));
#9857=IFCARBITRARYCLOSEDPROFILEDEF(.AREA.,$,#9855);
#9858=IFCEXTRUDEDAREASOLID(#9857,#9867,#9856,0.10000000000000001);
#9859=IFCSHAPEREPRESENTATION(#11,'Body','SweptSolid',(#9858));
#9860=IFCPRODUCTDEFINITIONSHAPE($,$,(#9859));
#9861=IFCPROPERTYSET('02ey_E1Rz7Axq$yXVb$95x',$,'EPset_Parametric',$,(#9863));
#9862=IFCRELDEFINESBYPROPERTIES('0jz31$LZvCkxY_Kh33SOa6',$,$,$,(#9846),#9861);
#9863=IFCPROPERTYSINGLEVALUE('Engine',$,IFCLABEL('Bonsai.DumbLayer3'),$);
#9864=IFCCARTESIANPOINT((-0.,-0.,-0.10000000149011612));
#9865=IFCDIRECTION((0.,0.,1.));
#9866=IFCDIRECTION((1.,0.,0.));
#9867=IFCAXIS2PLACEMENT3D(#9864,#9865,#9866);
#9868=IFCCARTESIANPOINTLIST2D(((0.75191402435302734,0.93755066394805908),(0.74723958969116211,-0.81754195690155029),(0.,-0.81716048717498779),(0.,0.93755018711090088),(0.75191402435302734,0.93755066394805908)));
#9869=IFCINDEXEDPOLYCURVE(#9868,$,$);
#9870=IFCARBITRARYCLOSEDPROFILEDEF(.AREA.,$,#9869);
#9871=IFCCARTESIANPOINTLIST2D(((0.80784034729003906,0.93795454502105713),(0.80621719360351562,-0.81796085834503174),(0.,-0.81709277629852295),(0.,0.93795406818389893),(0.80784034729003906,0.93795454502105713)));
#9872=IFCINDEXEDPOLYCURVE(#9871,$,$);
#9873=IFCARBITRARYCLOSEDPROFILEDEF(.AREA.,$,#9872);
#9874=IFCSLAB('0j_pliV8r3OfFZSQYtTL1h',$,'Slab',$,$,#9881,#9888,$,$);
#9875=IFCMATERIALLAYERSETUSAGE(#1306,.AXIS3.,.POSITIVE.,-0.10000000149011612,$);
#9876=IFCRELASSOCIATESMATERIAL('3LzJ_SwBb1m8gRntc3slEM',$,$,$,(#9874),#9875);
#9877=IFCCARTESIANPOINT((3.3206930160522461,2.2755489349365234,0.));
#9878=IFCDIRECTION((0.,0.,1.));
#9879=IFCDIRECTION((1.,0.,0.));
#9880=IFCAXIS2PLACEMENT3D(#9877,#9878,#9879);
#9881=IFCLOCALPLACEMENT(#79,#9880);
#9884=IFCDIRECTION((0.,0.,1.));
#9886=IFCEXTRUDEDAREASOLID(#9898,#9895,#9884,0.10000000000000001);
#9887=IFCSHAPEREPRESENTATION(#11,'Body','SweptSolid',(#9886));
#9888=IFCPRODUCTDEFINITIONSHAPE($,$,(#9887));
#9889=IFCPROPERTYSET('0asB9dAWL6WQ9GRVE89Q3b',$,'EPset_Parametric',$,(#9891));
#9890=IFCRELDEFINESBYPROPERTIES('0terCsvNfENBIcKox0s5a8',$,$,$,(#9874),#9889);
#9891=IFCPROPERTYSINGLEVALUE('Engine',$,IFCLABEL('Bonsai.DumbLayer3'),$);
#9892=IFCCARTESIANPOINT((-0.,-0.,-0.10000000149011612));
#9893=IFCDIRECTION((0.,0.,1.));
#9894=IFCDIRECTION((1.,0.,0.));
#9895=IFCAXIS2PLACEMENT3D(#9892,#9893,#9894);
#9896=IFCCARTESIANPOINTLIST2D(((-1.502690315246582,-0.0025241374969482422),(-1.498631477355957,-0.93788635730743408),(0.,-0.93079268932342529),(0.,0.),(-1.502690315246582,-0.0025241374969482422)));
#9897=IFCINDEXEDPOLYCURVE(#9896,$,$);
#9898=IFCARBITRARYCLOSEDPROFILEDEF(.AREA.,$,#9897);
#9899=IFCSLAB('2$vnGu31TDCvPeoWs0KXpV',$,'Slab',$,$,#9935,#9913,$,$);
#9900=IFCMATERIALLAYERSETUSAGE(#9270,.AXIS3.,.POSITIVE.,-1.7999999523162842,$);
#9901=IFCRELASSOCIATESMATERIAL('3mDPOk2N56uPt7sPpdbMh9',$,$,$,(#9899),#9900);
#9907=IFCCARTESIANPOINTLIST2D(((0.,0.),(0.,-0.94053959846496582),(-1.498631477355957,-0.93788635730743408),(-1.4977161884307861,-0.0096063613891601562),(0.,0.)));
#9908=IFCINDEXEDPOLYCURVE(#9907,$,$);
#9909=IFCDIRECTION((0.,0.,1.));
#9910=IFCARBITRARYCLOSEDPROFILEDEF(.AREA.,$,#9908);
#9911=IFCEXTRUDEDAREASOLID(#9910,#9920,#9909,1.7999999523162842);
#9912=IFCSHAPEREPRESENTATION(#11,'Body','SweptSolid',(#9911));
#9913=IFCPRODUCTDEFINITIONSHAPE($,$,(#9912));
#9914=IFCPROPERTYSET('1Vky7F9TbCShV0Mzv5iGSR',$,'EPset_Parametric',$,(#9916));
#9915=IFCRELDEFINESBYPROPERTIES('3NWC2d35n3h9$ywgMfvmB6',$,$,$,(#9899),#9914);
#9916=IFCPROPERTYSINGLEVALUE('Engine',$,IFCLABEL('Bonsai.DumbLayer3'),$);
#9917=IFCCARTESIANPOINT((-0.,-0.,-1.7999999523162842));
#9918=IFCDIRECTION((0.,0.,1.));
#9919=IFCDIRECTION((1.,0.,0.));
#9920=IFCAXIS2PLACEMENT3D(#9917,#9918,#9919);
#9921=IFCCARTESIANPOINT((3.3206930160522461,1.3375948667526245,0.10000000149011612));
#9922=IFCDIRECTION((0.,0.,1.));
#9923=IFCDIRECTION((1.,0.,0.));
#9924=IFCAXIS2PLACEMENT3D(#9921,#9922,#9923);
#9925=IFCLOCALPLACEMENT(#79,#9924);
#9926=IFCCARTESIANPOINT((1.8220615386962891,0.52050209045410156,-0.00061317533254623413));
#9927=IFCDIRECTION((0.,0.,1.));
#9928=IFCDIRECTION((1.,0.,0.));
#9929=IFCAXIS2PLACEMENT3D(#9926,#9927,#9928);
#9930=IFCLOCALPLACEMENT(#79,#9929);
#9931=IFCCARTESIANPOINT((3.3206930160522461,2.2755489349365234,1.7993869781494141));
#9932=IFCDIRECTION((0.,0.,1.));
#9933=IFCDIRECTION((1.,0.,0.));
#9934=IFCAXIS2PLACEMENT3D(#9931,#9932,#9933);
#9935=IFCLOCALPLACEMENT(#79,#9934);
#9936=IFCSTAIRFLIGHTTYPE('3KJ7Ri0kfDHv1lDwvQ7Pp4',$,'STAIR-2',$,$,(#9937,#9939),(#9945,#10100),$,$,.STRAIGHT.);
#9937=IFCPROPERTYSET('2C5uyA4DX14eUHlziwTiLF',$,'BBIM_Stair',$,(#9938));
#9938=IFCPROPERTYSINGLEVALUE('Data',$,IFCTEXT('{"stair_type": "GENERIC", "width": 0.938312292098999, "height": 1.2000000476837158, "number_of_treads": 7, "tread_run": 0.18732893466949463, "nosing_length": 0.0, "nosing_depth": 0.0, "custom_first_last_tread_run": [null, null], "custom_tread_lock": true}'),$);
#9939=IFCPROPERTYSET('2hS4cJDDLDoOn2uZdcgAxh',$,'Pset_StairFlightCommon',$,(#9940,#9941,#9942,#9943,#9944));
#9940=IFCPROPERTYSINGLEVALUE('NumberOfRiser',$,IFCCOUNTMEASURE(8.),$);
#9941=IFCPROPERTYSINGLEVALUE('NumberOfTreads',$,IFCCOUNTMEASURE(7.),$);
#9942=IFCPROPERTYSINGLEVALUE('RiserHeight',$,IFCPOSITIVELENGTHMEASURE(0.15000000596046448),$);
#9943=IFCPROPERTYSINGLEVALUE('TreadLength',$,IFCPOSITIVELENGTHMEASURE(0.25),$);
#9944=IFCPROPERTYSINGLEVALUE('NosingLength',$,IFCLENGTHMEASURE(0.),$);
#9945=IFCREPRESENTATIONMAP(#9946,#10091);
#9946=IFCAXIS2PLACEMENT3D(#9947,#9948,#9949);
#9947=IFCCARTESIANPOINT((0.,0.,0.));
#9948=IFCDIRECTION((0.,0.,1.));
#9949=IFCDIRECTION((1.,0.,0.));
#10003=IFCSTAIRFLIGHT('3RkXV95kTCI9Q0JQS8W3BX',$,'StairFlight',$,$,#10068,#10012,$,8,7,0.15000000596046448,0.25,.STRAIGHT.);
#10004=IFCRELDEFINESBYTYPE('2IexZjZfH6YwoV36IzFSGH',$,$,$,(#10003),#9936);
#10005=IFCCARTESIANPOINT((0.,0.,0.));
#10006=IFCDIRECTION((1.,0.,0.));
#10007=IFCDIRECTION((0.,1.,0.));
#10008=IFCDIRECTION((0.,0.,1.));
#10009=IFCCARTESIANTRANSFORMATIONOPERATOR3D(#10006,#10007,#10005,1.,#10008);
#10010=IFCMAPPEDITEM(#9945,#10009);
#10011=IFCSHAPEREPRESENTATION(#11,'Body','MappedRepresentation',(#10010));
#10012=IFCPRODUCTDEFINITIONSHAPE($,$,(#10011,#10107));
#10064=IFCCARTESIANPOINT((3.3206930160522461,2.2755489349365234,1.7993869781494141));
#10065=IFCDIRECTION((0.,0.,1.));
#10066=IFCDIRECTION((-0.99999999999994693,3.2584136988587576E-07,0.));
#10067=IFCAXIS2PLACEMENT3D(#10064,#10065,#10066);
#10068=IFCLOCALPLACEMENT(#79,#10067);
#10069=IFCINDEXEDPOLYGONALFACE((2,1,18,17,16,15,14,13,12,11,10,9,8,7,6,5,4,3));
#10070=IFCINDEXEDPOLYGONALFACE((19,20,21,22,23,24,25,26,27,28,29,30,31,32,33,34,35,36));
#10071=IFCINDEXEDPOLYGONALFACE((4,5,22,21));
#10072=IFCINDEXEDPOLYGONALFACE((12,13,30,29));
#10073=IFCINDEXEDPOLYGONALFACE((5,6,23,22));
#10074=IFCINDEXEDPOLYGONALFACE((13,14,31,30));
#10075=IFCINDEXEDPOLYGONALFACE((6,7,24,23));
#10076=IFCINDEXEDPOLYGONALFACE((14,15,32,31));
#10077=IFCINDEXEDPOLYGONALFACE((7,8,25,24));
#10078=IFCINDEXEDPOLYGONALFACE((15,16,33,32));
#10079=IFCINDEXEDPOLYGONALFACE((8,9,26,25));
#10080=IFCINDEXEDPOLYGONALFACE((1,2,19,36));
#10081=IFCINDEXEDPOLYGONALFACE((16,17,34,33));
#10082=IFCINDEXEDPOLYGONALFACE((9,10,27,26));
#10083=IFCINDEXEDPOLYGONALFACE((2,3,20,19));
#10084=IFCINDEXEDPOLYGONALFACE((17,18,35,34));
#10085=IFCINDEXEDPOLYGONALFACE((10,11,28,27));
#10086=IFCINDEXEDPOLYGONALFACE((3,4,21,20));
#10087=IFCINDEXEDPOLYGONALFACE((18,1,36,35));
#10088=IFCINDEXEDPOLYGONALFACE((11,12,29,28));
#10089=IFCCARTESIANPOINTLIST3D(((0.,0.,0.),(0.,0.,0.15000000596046448),(0.18732893466949463,0.,0.15000000596046448),(0.18732893466949463,0.,0.30000001192092896),(0.37465786933898926,0.,0.30000001192092896),(0.37465786933898926,0.,0.45000001788139343),(0.56198680400848389,0.,0.45000001788139343),(0.56198680400848389,0.,0.60000002384185791),(0.74931573867797852,0.,0.60000002384185791),(0.74931573867797852,0.,0.75),(0.93664467334747314,0.,0.75),(0.93664467334747314,0.,0.89999997615814209),(1.1239736080169678,0.,0.89999997615814209),(1.1239736080169678,0.,1.0499999523162842),(1.3113025426864624,0.,1.0499999523162842),(1.3113025426864624,0.,1.1999999284744263),(1.498631477355957,0.,1.1999999284744263),(1.498631477355957,0.,0.),(0.,0.93831229209899902,0.15000000596046448),(0.18732893466949463,0.93831229209899902,0.15000000596046448),(0.18732893466949463,0.93831229209899902,0.30000001192092896),(0.37465786933898926,0.93831229209899902,0.30000001192092896),(0.37465786933898926,0.93831229209899902,0.45000001788139343),(0.56198680400848389,0.93831229209899902,0.45000001788139343),(0.56198680400848389,0.93831229209899902,0.60000002384185791),(0.74931573867797852,0.93831229209899902,0.60000002384185791),(0.74931573867797852,0.93831229209899902,0.75),(0.93664467334747314,0.93831229209899902,0.75),(0.93664467334747314,0.93831229209899902,0.89999997615814209),(1.1239736080169678,0.93831229209899902,0.89999997615814209),(1.1239736080169678,0.93831229209899902,1.0499999523162842),(1.3113025426864624,0.93831229209899902,1.0499999523162842),(1.3113025426864624,0.93831229209899902,1.1999999284744263),(1.498631477355957,0.93831229209899902,1.1999999284744263),(1.498631477355957,0.93831229209899902,0.),(0.,0.93831229209899902,0.)));
#10090=IFCPOLYGONALFACESET(#10089,.T.,(#10069,#10070,#10071,#10072,#10073,#10074,#10075,#10076,#10077,#10078,#10079,#10080,#10081,#10082,#10083,#10084,#10085,#10086,#10087,#10088),$);
#10091=IFCSHAPEREPRESENTATION(#11,'Body','Tessellation',(#10090));
#10093=IFCCARTESIANPOINT((0.,0.,0.));
#10094=IFCBOUNDINGBOX(#10093,1.498631477355957,0.93831229209899902,1.1999999284744263);
#10095=IFCSHAPEREPRESENTATION(#13,'Box','BoundingBox',(#10094));
#10096=IFCCARTESIANPOINT((0.,0.,0.));
#10097=IFCDIRECTION((1.,0.,0.));
#10098=IFCDIRECTION((0.,0.,1.));
#10099=IFCAXIS2PLACEMENT3D(#10096,#10098,#10097);
#10100=IFCREPRESENTATIONMAP(#10099,#10095);
#10101=IFCCARTESIANPOINT((0.,0.,0.));
#10102=IFCDIRECTION((1.,0.,0.));
#10103=IFCDIRECTION((0.,1.,0.));
#10104=IFCDIRECTION((0.,0.,1.));
#10105=IFCCARTESIANTRANSFORMATIONOPERATOR3D(#10102,#10103,#10101,1.,#10104);
#10106=IFCMAPPEDITEM(#10100,#10105);
#10107=IFCSHAPEREPRESENTATION(#13,'Box','MappedRepresentation',(#10106));
#10108=IFCRAILINGTYPE('2miIh0zdD6uvagEDOm2gQf',$,'STAIRS-1',$,$,(#10109,#10111),(#10113,#10268),$,$,.USERDEFINED.);
#10109=IFCPROPERTYSET('2KzFX8JePCuA0sCGfpGXcw',$,'BBIM_Railing',$,(#10110));
#10110=IFCPROPERTYSINGLEVALUE('Data',$,IFCTEXT('{"railing_type": "FRAMELESS_PANEL", "height": 1.0, "thickness": 0.05000000074505806, "spacing": 0.05000000074505806, "path_data": {"edges": [[0, 1], [1, 2]], "verts": [[-0.5619869232177734, 0.0, -0.0006131753325462341], [0.18732881546020508, 0.0, 0.8993868231773376], [0.9366445541381836, 0.0, 1.7993868589401245]]}}'),$);
#10111=IFCPROPERTYSET('3qAgFAyWf4Y8HVcAo_4UXn',$,'Pset_RailingCommon',$,(#10112));
#10112=IFCPROPERTYSINGLEVALUE('Height',$,IFCPOSITIVELENGTHMEASURE(1.),$);
#10113=IFCREPRESENTATIONMAP(#10114,#10259);
#10114=IFCAXIS2PLACEMENT3D(#10115,#10116,#10117);
#10115=IFCCARTESIANPOINT((0.,0.,0.));
#10116=IFCDIRECTION((0.,0.,1.));
#10117=IFCDIRECTION((1.,0.,0.));
#10161=IFCRAILING('1ix_7OBpT5YRTHRyE6HWNu',$,'Railing',$,'FRAMELESS_PANEL',#10280,#10170,$,.USERDEFINED.);
#10162=IFCRELDEFINESBYTYPE('0cgNVpOqbDee_xwMuAWDtZ',$,$,$,(#10161,#10281,#10302,#10323),#10108);
#10163=IFCCARTESIANPOINT((0.,0.,0.));
#10164=IFCDIRECTION((1.,0.,0.));
#10165=IFCDIRECTION((0.,1.,0.));
#10166=IFCDIRECTION((0.,0.,1.));
#10167=IFCCARTESIANTRANSFORMATIONOPERATOR3D(#10164,#10165,#10163,1.,#10166);
#10168=IFCMAPPEDITEM(#10113,#10167);
#10169=IFCSHAPEREPRESENTATION(#11,'Body','MappedRepresentation',(#10168));
#10170=IFCPRODUCTDEFINITIONSHAPE($,$,(#10169,#10275));
#10245=IFCINDEXEDPOLYGONALFACE((16,19,18,17));
#10246=IFCINDEXEDPOLYGONALFACE((20,23,22,21));
#10247=IFCINDEXEDPOLYGONALFACE((5,11,10,4,8,9));
#10248=IFCINDEXEDPOLYGONALFACE((7,15,14,6,12,13));
#10249=IFCINDEXEDPOLYGONALFACE((5,9,19,16,11));
#10250=IFCINDEXEDPOLYGONALFACE((12,22,23,13));
#10251=IFCINDEXEDPOLYGONALFACE((6,14,21,22,12));
#10252=IFCINDEXEDPOLYGONALFACE((15,20,21,14));
#10253=IFCINDEXEDPOLYGONALFACE((7,13,23,20,15));
#10254=IFCINDEXEDPOLYGONALFACE((11,16,17,10));
#10255=IFCINDEXEDPOLYGONALFACE((8,18,19,9));
#10256=IFCINDEXEDPOLYGONALFACE((4,10,17,18,8));
#10257=IFCCARTESIANPOINTLIST3D(((-0.56198692321777344,0.,-0.00061317533254623413),(0.18732881546020508,0.,0.89938682317733765),(0.93664455413818359,0.,1.7993868589401245),(-0.53698694705963135,0.,0.02941422164440155),(0.1623288094997406,0.,0.86935943365097046),(0.21232882142066956,0.,0.92941421270370483),(0.9116445779800415,0.,1.7693594694137573),(-0.53698694705963135,0.02500000037252903,0.02941422164440155),(0.1623288094997406,0.02500000037252903,0.86935943365097046),(-0.53698694705963135,-0.02500000037252903,0.02941422164440155),(0.1623288094997406,-0.02500000037252903,0.86935943365097046),(0.21232882142066956,0.02500000037252903,0.92941421270370483),(0.9116445779800415,0.02500000037252903,1.7693594694137573),(0.21232882142066956,-0.02500000037252903,0.92941421270370483),(0.9116445779800415,-0.02500000037252903,1.7693594694137573),(0.1623288094997406,-0.02500000037252903,1.8693594932556152),(-0.53698694705963135,-0.02500000037252903,1.029414176940918),(-0.53698694705963135,0.02500000037252903,1.029414176940918),(0.1623288094997406,0.02500000037252903,1.8693594932556152),(0.9116445779800415,-0.02500000037252903,2.7693595886230469),(0.21232882142066956,-0.02500000037252903,1.9294142723083496),(0.21232882142066956,0.02500000037252903,1.9294142723083496),(0.9116445779800415,0.02500000037252903,2.7693595886230469)));
#10258=IFCPOLYGONALFACESET(#10257,.F.,(#10245,#10246,#10247,#10248,#10249,#10250,#10251,#10252,#10253,#10254,#10255,#10256),$);
#10259=IFCSHAPEREPRESENTATION(#11,'Body','Tessellation',(#10258));
#10261=IFCCARTESIANPOINT((-0.56198692321777344,-0.02500000037252903,-0.00061317533254623413));
#10262=IFCBOUNDINGBOX(#10261,1.498631477355957,0.05000000074505806,2.7699728012084961);
#10263=IFCSHAPEREPRESENTATION(#13,'Box','BoundingBox',(#10262));
#10264=IFCCARTESIANPOINT((0.,0.,0.));
#10265=IFCDIRECTION((1.,0.,0.));
#10266=IFCDIRECTION((0.,0.,1.));
#10267=IFCAXIS2PLACEMENT3D(#10264,#10266,#10265);
#10268=IFCREPRESENTATIONMAP(#10267,#10263);
#10269=IFCCARTESIANPOINT((0.,0.,0.));
#10270=IFCDIRECTION((1.,0.,0.));
#10271=IFCDIRECTION((0.,1.,0.));
#10272=IFCDIRECTION((0.,0.,1.));
#10273=IFCCARTESIANTRANSFORMATIONOPERATOR3D(#10270,#10271,#10269,1.,#10272);
#10274=IFCMAPPEDITEM(#10268,#10273);
#10275=IFCSHAPEREPRESENTATION(#13,'Box','MappedRepresentation',(#10274));
#10276=IFCCARTESIANPOINT((2.3840484619140625,0.56659656763076782,0.));
#10277=IFCDIRECTION((0.,0.,1.));
#10278=IFCDIRECTION((1.,0.,0.));
#10279=IFCAXIS2PLACEMENT3D(#10276,#10277,#10278);
#10280=IFCLOCALPLACEMENT(#79,#10279);
#10281=IFCRAILING('3gQh8vY7T9SPVnU5h6_08b',$,'Railing',$,'FRAMELESS_PANEL',#10282,#10294,$,.USERDEFINED.);
#10282=IFCLOCALPLACEMENT(#79,#10283);
#10283=IFCAXIS2PLACEMENT3D(#10284,#10285,#10286);
#10284=IFCCARTESIANPOINT((2.3840484619140625,0.56659656763076782,0.));
#10285=IFCDIRECTION((0.,0.,1.));
#10286=IFCDIRECTION((1.,0.,0.));
#10287=IFCCARTESIANPOINT((0.,0.,0.));
#10288=IFCDIRECTION((1.,0.,0.));
#10289=IFCDIRECTION((0.,1.,0.));
#10290=IFCDIRECTION((0.,0.,1.));
#10291=IFCCARTESIANTRANSFORMATIONOPERATOR3D(#10288,#10289,#10287,1.,#10290);
#10292=IFCMAPPEDITEM(#10113,#10291);
#10293=IFCSHAPEREPRESENTATION(#11,'Body','MappedRepresentation',(#10292));
#10294=IFCPRODUCTDEFINITIONSHAPE($,$,(#10293,#10301));
#10295=IFCCARTESIANPOINT((0.,0.,0.));
#10296=IFCDIRECTION((1.,0.,0.));
#10297=IFCDIRECTION((0.,1.,0.));
#10298=IFCDIRECTION((0.,0.,1.));
#10299=IFCCARTESIANTRANSFORMATIONOPERATOR3D(#10296,#10297,#10295,1.,#10298);
#10300=IFCMAPPEDITEM(#10268,#10299);
#10301=IFCSHAPEREPRESENTATION(#13,'Box','MappedRepresentation',(#10300));
#10302=IFCRAILING('0Xfb0OxljFsfApXVM30Z_F',$,'Railing',$,'FRAMELESS_PANEL',#10303,#10315,$,.USERDEFINED.);
#10303=IFCLOCALPLACEMENT(#79,#10304);
#10304=IFCAXIS2PLACEMENT3D(#10305,#10306,#10307);
#10305=IFCCARTESIANPOINT((2.3840484619140625,0.56659656763076782,0.));
#10306=IFCDIRECTION((0.,0.,1.));
#10307=IFCDIRECTION((1.,0.,0.));
#10308=IFCCARTESIANPOINT((0.,0.,0.));
#10309=IFCDIRECTION((1.,0.,0.));
#10310=IFCDIRECTION((0.,1.,0.));
#10311=IFCDIRECTION((0.,0.,1.));
#10312=IFCCARTESIANTRANSFORMATIONOPERATOR3D(#10309,#10310,#10308,1.,#10311);
#10313=IFCMAPPEDITEM(#10113,#10312);
#10314=IFCSHAPEREPRESENTATION(#11,'Body','MappedRepresentation',(#10313));
#10315=IFCPRODUCTDEFINITIONSHAPE($,$,(#10314,#10322));
#10316=IFCCARTESIANPOINT((0.,0.,0.));
#10317=IFCDIRECTION((1.,0.,0.));
#10318=IFCDIRECTION((0.,1.,0.));
#10319=IFCDIRECTION((0.,0.,1.));
#10320=IFCCARTESIANTRANSFORMATIONOPERATOR3D(#10317,#10318,#10316,1.,#10319);
#10321=IFCMAPPEDITEM(#10268,#10320);
#10322=IFCSHAPEREPRESENTATION(#13,'Box','MappedRepresentation',(#10321));
#10323=IFCRAILING('3Ti3rCclv7mg0MR$wmQtJJ',$,'Railing',$,'FRAMELESS_PANEL',#10348,#10336,$,.USERDEFINED.);
#10329=IFCCARTESIANPOINT((0.,0.,0.));
#10330=IFCDIRECTION((1.,0.,0.));
#10331=IFCDIRECTION((0.,1.,0.));
#10332=IFCDIRECTION((0.,0.,1.));
#10333=IFCCARTESIANTRANSFORMATIONOPERATOR3D(#10330,#10331,#10329,1.,#10332);
#10334=IFCMAPPEDITEM(#10113,#10333);
#10335=IFCSHAPEREPRESENTATION(#11,'Body','MappedRepresentation',(#10334));
#10336=IFCPRODUCTDEFINITIONSHAPE($,$,(#10335,#10343));
#10337=IFCCARTESIANPOINT((0.,0.,0.));
#10338=IFCDIRECTION((1.,0.,0.));
#10339=IFCDIRECTION((0.,1.,0.));
#10340=IFCDIRECTION((0.,0.,1.));
#10341=IFCCARTESIANTRANSFORMATIONOPERATOR3D(#10338,#10339,#10337,1.,#10340);
#10342=IFCMAPPEDITEM(#10268,#10341);
#10343=IFCSHAPEREPRESENTATION(#13,'Box','MappedRepresentation',(#10342));
#10344=IFCCARTESIANPOINT((2.3840484619140625,1.2990100383758545,0.));
#10345=IFCDIRECTION((0.,0.,1.));
#10346=IFCDIRECTION((1.,0.,0.));
#10347=IFCAXIS2PLACEMENT3D(#10344,#10345,#10346);
#10348=IFCLOCALPLACEMENT(#79,#10347);
#10384=IFCRAILINGTYPE('34xhjqhtP8FO2E$5fFauoc',$,'STAIRS-2',$,$,(#10385,#10387),(#10389,#10462),$,$,.USERDEFINED.);
#10385=IFCPROPERTYSET('22QDExpuz2C8nvwXZgGZ2v',$,'BBIM_Railing',$,(#10386));
#10386=IFCPROPERTYSINGLEVALUE('Data',$,IFCTEXT('{"railing_type": "FRAMELESS_PANEL", "height": 1.0, "thickness": 0.05000000074505806, "spacing": 0.05000000074505806, "path_data": {"edges": [[0, 1], [1, 2]], "verts": [[-0.7493157386779785, 0.4691563844680786, 2.999386787414551], [0.0, 0.4691561460494995, 2.3993868827819824], [0.749315619468689, 0.4691559076309204, 1.799386978149414]]}}'),$);
#10387=IFCPROPERTYSET('3tHak6TZD8kQkHwCA$RztB',$,'Pset_RailingCommon',$,(#10388));
#10388=IFCPROPERTYSINGLEVALUE('Height',$,IFCPOSITIVELENGTHMEASURE(1.),$);
#10389=IFCREPRESENTATIONMAP(#10390,#10453);
#10390=IFCAXIS2PLACEMENT3D(#10391,#10392,#10393);
#10391=IFCCARTESIANPOINT((0.,0.,0.));
#10392=IFCDIRECTION((0.,0.,1.));
#10393=IFCDIRECTION((1.,0.,0.));
#10417=IFCRAILING('3uLdLTZJf1gRL9vi5lVJPL',$,'Railing',$,'FRAMELESS_PANEL',#10474,#10426,$,.USERDEFINED.);
#10418=IFCRELDEFINESBYTYPE('2627k1JmjEgur3naks$95b',$,$,$,(#10417,#10475),#10384);
#10419=IFCCARTESIANPOINT((0.,0.,0.));
#10420=IFCDIRECTION((1.,0.,0.));
#10421=IFCDIRECTION((0.,1.,0.));
#10422=IFCDIRECTION((0.,0.,1.));
#10423=IFCCARTESIANTRANSFORMATIONOPERATOR3D(#10420,#10421,#10419,1.,#10422);
#10424=IFCMAPPEDITEM(#10389,#10423);
#10425=IFCSHAPEREPRESENTATION(#11,'Body','MappedRepresentation',(#10424));
#10426=IFCPRODUCTDEFINITIONSHAPE($,$,(#10425,#10469));
#10439=IFCINDEXEDPOLYGONALFACE((16,19,18,17));
#10440=IFCINDEXEDPOLYGONALFACE((20,23,22,21));
#10441=IFCINDEXEDPOLYGONALFACE((5,11,10,4,8,9));
#10442=IFCINDEXEDPOLYGONALFACE((7,15,14,6,12,13));
#10443=IFCINDEXEDPOLYGONALFACE((12,22,23,13));
#10444=IFCINDEXEDPOLYGONALFACE((6,14,21,22,12));
#10445=IFCINDEXEDPOLYGONALFACE((15,20,21,14));
#10446=IFCINDEXEDPOLYGONALFACE((5,9,19,16,11));
#10447=IFCINDEXEDPOLYGONALFACE((7,13,23,20,15));
#10448=IFCINDEXEDPOLYGONALFACE((11,16,17,10));
#10449=IFCINDEXEDPOLYGONALFACE((8,18,19,9));
#10450=IFCINDEXEDPOLYGONALFACE((10,17,18,8,4));
#10451=IFCCARTESIANPOINTLIST3D(((-0.74931573867797852,0.46915638446807861,2.9993867874145508),(0.,0.46915614604949951,2.3993868827819824),(0.74931561946868896,0.46915590763092041,1.7993869781494141),(-0.72431576251983643,0.46915638446807861,2.9793684482574463),(-0.025000002235174179,0.46915614604949951,2.4194052219390869),(0.02500000037252903,0.46915614604949951,2.3793685436248779),(0.72431564331054688,0.46915590763092041,1.819405198097229),(-0.72431576251983643,0.49415639042854309,2.9793684482574463),(-0.024999992921948433,0.49415615200996399,2.4194052219390869),(-0.72431576251983643,0.44415637850761414,2.9793684482574463),(-0.025000011548399925,0.44415614008903503,2.4194052219390869),(0.025000009685754776,0.49415615200996399,2.3793685436248779),(0.72431564331054688,0.49415591359138489,1.819405198097229),(0.024999991059303284,0.44415614008903503,2.3793685436248779),(0.72431564331054688,0.44415590167045593,1.819405198097229),(-0.025000011548399925,0.44415614008903503,3.4194052219390869),(-0.72431576251983643,0.44415637850761414,3.9793684482574463),(-0.72431576251983643,0.49415639042854309,3.9793684482574463),(-0.024999992921948433,0.49415615200996399,3.4194052219390869),(0.72431564331054688,0.44415590167045593,2.8194050788879395),(0.024999991059303284,0.44415614008903503,3.3793685436248779),(0.025000009685754776,0.49415615200996399,3.3793685436248779),(0.72431564331054688,0.49415591359138489,2.8194050788879395)));
#10452=IFCPOLYGONALFACESET(#10451,.F.,(#10439,#10440,#10441,#10442,#10443,#10444,#10445,#10446,#10447,#10448,#10449,#10450),$);
#10453=IFCSHAPEREPRESENTATION(#11,'Body','Tessellation',(#10452));
#10455=IFCCARTESIANPOINT((-0.74931573867797852,0.44415590167045593,1.7993869781494141));
#10456=IFCBOUNDINGBOX(#10455,1.4986313581466675,0.050000488758087158,2.1799814701080322);
#10457=IFCSHAPEREPRESENTATION(#13,'Box','BoundingBox',(#10456));
#10458=IFCCARTESIANPOINT((0.,0.,0.));
#10459=IFCDIRECTION((1.,0.,0.));
#10460=IFCDIRECTION((0.,0.,1.));
#10461=IFCAXIS2PLACEMENT3D(#10458,#10460,#10459);
#10462=IFCREPRESENTATIONMAP(#10461,#10457);
#10463=IFCCARTESIANPOINT((0.,0.,0.));
#10464=IFCDIRECTION((1.,0.,0.));
#10465=IFCDIRECTION((0.,1.,0.));
#10466=IFCDIRECTION((0.,0.,1.));
#10467=IFCCARTESIANTRANSFORMATIONOPERATOR3D(#10464,#10465,#10463,1.,#10466);
#10468=IFCMAPPEDITEM(#10462,#10467);
#10469=IFCSHAPEREPRESENTATION(#13,'Box','MappedRepresentation',(#10468));
#10470=IFCCARTESIANPOINT((2.5713772773742676,1.7618681192398071,0.));
#10471=IFCDIRECTION((0.,0.,1.));
#10472=IFCDIRECTION((1.,0.,0.));
#10473=IFCAXIS2PLACEMENT3D(#10470,#10471,#10472);
#10474=IFCLOCALPLACEMENT(#79,#10473);
#10475=IFCRAILING('0dRfHaNm132A_cyh9MBeux',$,'Railing',$,'FRAMELESS_PANEL',#10637,#10488,$,.USERDEFINED.);
#10481=IFCCARTESIANPOINT((0.,0.,0.));
#10482=IFCDIRECTION((1.,0.,0.));
#10483=IFCDIRECTION((0.,1.,0.));
#10484=IFCDIRECTION((0.,0.,1.));
#10485=IFCCARTESIANTRANSFORMATIONOPERATOR3D(#10482,#10483,#10481,1.,#10484);
#10486=IFCMAPPEDITEM(#10389,#10485);
#10487=IFCSHAPEREPRESENTATION(#11,'Body','MappedRepresentation',(#10486));
#10488=IFCPRODUCTDEFINITIONSHAPE($,$,(#10487,#10495));
#10489=IFCCARTESIANPOINT((0.,0.,0.));
#10490=IFCDIRECTION((1.,0.,0.));
#10491=IFCDIRECTION((0.,1.,0.));
#10492=IFCDIRECTION((0.,0.,1.));
#10493=IFCCARTESIANTRANSFORMATIONOPERATOR3D(#10490,#10491,#10489,1.,#10492);
#10494=IFCMAPPEDITEM(#10462,#10493);
#10495=IFCSHAPEREPRESENTATION(#13,'Box','MappedRepresentation',(#10494));
#10496=IFCRAILINGTYPE('1_IdhjLSXDhvtGfURodNvH',$,'STAIRS-3',$,$,(#10497,#10499),(#10501,#10599),$,$,.USERDEFINED.);
#10497=IFCPROPERTYSET('0LfaDfQf10L8SrXoudBHSN',$,'BBIM_Railing',$,(#10498));
#10498=IFCPROPERTYSINGLEVALUE('Data',$,IFCTEXT('{"railing_type": "FRAMELESS_PANEL", "height": 1.0, "thickness": 0.05000000074505806, "spacing": 0.05000000074505806, "path_data": {"edges": [[0, 1]], "verts": [[-0.40392017364501953, -0.87752366065979, 1.7999999523162842], [0.4022970199584961, -0.8783917427062988, 1.7999999523162842]]}}'),$);
#10499=IFCPROPERTYSET('3piIOuKVHCtRoesSQ93Ndp',$,'Pset_RailingCommon',$,(#10500));
#10500=IFCPROPERTYSINGLEVALUE('Height',$,IFCPOSITIVELENGTHMEASURE(1.),$);
#10501=IFCREPRESENTATIONMAP(#10502,#10590);
#10502=IFCAXIS2PLACEMENT3D(#10503,#10504,#10505);
#10503=IFCCARTESIANPOINT((0.,0.,0.));
#10504=IFCDIRECTION((0.,0.,1.));
#10505=IFCDIRECTION((1.,0.,0.));
#10529=IFCRAILING('2oSjjEWvjBqeR0oS66OMXA',$,'Railing',$,'FRAMELESS_PANEL',#10611,#10538,$,.USERDEFINED.);
#10530=IFCRELDEFINESBYTYPE('2w$VR0Ez5AxBm2VFs$MCU0',$,$,$,(#10529,#10612),#10496);
#10531=IFCCARTESIANPOINT((0.,0.,0.));
#10532=IFCDIRECTION((1.,0.,0.));
#10533=IFCDIRECTION((0.,1.,0.));
#10534=IFCDIRECTION((0.,0.,1.));
#10535=IFCCARTESIANTRANSFORMATIONOPERATOR3D(#10532,#10533,#10531,1.,#10534);
#10536=IFCMAPPEDITEM(#10501,#10535);
#10537=IFCSHAPEREPRESENTATION(#11,'Body','MappedRepresentation',(#10536));
#10538=IFCPRODUCTDEFINITIONSHAPE($,$,(#10537,#10606));
#10582=IFCINDEXEDPOLYGONALFACE((9,12,11,10));
#10583=IFCINDEXEDPOLYGONALFACE((6,12,9,8,4));
#10584=IFCINDEXEDPOLYGONALFACE((4,8,7,3,5,6));
#10585=IFCINDEXEDPOLYGONALFACE((5,11,12,6));
#10586=IFCINDEXEDPOLYGONALFACE((8,9,10,7));
#10587=IFCINDEXEDPOLYGONALFACE((3,7,10,11,5));
#10588=IFCCARTESIANPOINTLIST3D(((-0.40392017364501953,-0.87752366065979004,1.7999999523162842),(0.40229701995849609,-0.87839174270629883,1.7999999523162842),(-0.37892019748687744,-0.87755060195922852,1.7999999523162842),(0.377297043800354,-0.87836480140686035,1.7999999523162842),(-0.37889328598976135,-0.85255062580108643,1.7999999523162842),(0.37732395529747009,-0.85336482524871826,1.7999999523162842),(-0.37894710898399353,-0.90255057811737061,1.7999999523162842),(0.37727013230323792,-0.90336477756500244,1.7999999523162842),(0.37727013230323792,-0.90336477756500244,2.7999999523162842),(-0.37894710898399353,-0.90255057811737061,2.7999999523162842),(-0.37889328598976135,-0.85255062580108643,2.7999999523162842),(0.37732395529747009,-0.85336482524871826,2.7999999523162842)));
#10589=IFCPOLYGONALFACESET(#10588,.F.,(#10582,#10583,#10584,#10585,#10586,#10587),$);
#10590=IFCSHAPEREPRESENTATION(#11,'Body','Tessellation',(#10589));
#10592=IFCCARTESIANPOINT((-0.40392017364501953,-0.90336477756500244,1.7999999523162842));
#10593=IFCBOUNDINGBOX(#10592,0.80621719360351562,0.050814151763916016,1.);
#10594=IFCSHAPEREPRESENTATION(#13,'Box','BoundingBox',(#10593));
#10595=IFCCARTESIANPOINT((0.,0.,0.));
#10596=IFCDIRECTION((1.,0.,0.));
#10597=IFCDIRECTION((0.,0.,1.));
#10598=IFCAXIS2PLACEMENT3D(#10595,#10597,#10596);
#10599=IFCREPRESENTATIONMAP(#10598,#10594);
#10600=IFCCARTESIANPOINT((0.,0.,0.));
#10601=IFCDIRECTION((1.,0.,0.));
#10602=IFCDIRECTION((0.,1.,0.));
#10603=IFCDIRECTION((0.,0.,1.));
#10604=IFCCARTESIANTRANSFORMATIONOPERATOR3D(#10601,#10602,#10600,1.,#10603);
#10605=IFCMAPPEDITEM(#10599,#10604);
#10606=IFCSHAPEREPRESENTATION(#13,'Box','MappedRepresentation',(#10605));
#10607=IFCCARTESIANPOINT((3.7246131896972656,1.4441472291946411,0.));
#10608=IFCDIRECTION((0.,0.,1.));
#10609=IFCDIRECTION((1.,0.,0.));
#10610=IFCAXIS2PLACEMENT3D(#10607,#10608,#10609);
#10611=IFCLOCALPLACEMENT(#79,#10610);
#10612=IFCRAILING('1mOEmt4x50kBKzcdp1faUO',$,'Railing',$,'FRAMELESS_PANEL',#10642,#10625,$,.USERDEFINED.);
#10618=IFCCARTESIANPOINT((0.,0.,0.));
#10619=IFCDIRECTION((1.,0.,0.));
#10620=IFCDIRECTION((0.,1.,0.));
#10621=IFCDIRECTION((0.,0.,1.));
#10622=IFCCARTESIANTRANSFORMATIONOPERATOR3D(#10619,#10620,#10618,1.,#10621);
#10623=IFCMAPPEDITEM(#10501,#10622);
#10624=IFCSHAPEREPRESENTATION(#11,'Body','MappedRepresentation',(#10623));
#10625=IFCPRODUCTDEFINITIONSHAPE($,$,(#10624,#10632));
#10626=IFCCARTESIANPOINT((0.,0.,0.));
#10627=IFCDIRECTION((1.,0.,0.));
#10628=IFCDIRECTION((0.,1.,0.));
#10629=IFCDIRECTION((0.,0.,1.));
#10630=IFCCARTESIANTRANSFORMATIONOPERATOR3D(#10627,#10628,#10626,1.,#10629);
#10631=IFCMAPPEDITEM(#10599,#10630);
#10632=IFCSHAPEREPRESENTATION(#13,'Box','MappedRepresentation',(#10631));
#10633=IFCCARTESIANPOINT((2.5713772773742676,0.91320157051086426,0.));
#10634=IFCDIRECTION((0.,0.,1.));
#10635=IFCDIRECTION((1.,0.,0.));
#10636=IFCAXIS2PLACEMENT3D(#10633,#10634,#10635);
#10637=IFCLOCALPLACEMENT(#79,#10636);
#10638=IFCCARTESIANPOINT((3.7246131896972656,3.1280994415283203,0.));
#10639=IFCDIRECTION((0.,0.,1.));
#10640=IFCDIRECTION((1.,0.,0.));
#10641=IFCAXIS2PLACEMENT3D(#10638,#10639,#10640);
#10642=IFCLOCALPLACEMENT(#79,#10641);
#10643=IFCCOLUMNTYPE('1nf99fRsr33hLnAt76O7fE',$,'Unnamed',$,$,$,$,$,$,.COLUMN.);
#10644=IFCRECTANGLEPROFILEDEF(.AREA.,'New Profile',$,0.5,0.5);
#10645=IFCMATERIALPROFILESET($,$,(#10647),$);
#10646=IFCRELASSOCIATESMATERIAL('32CJexpMPAzfDL$0g7zDMC',$,$,$,(#10643),#10645);
#10647=IFCMATERIALPROFILE($,$,#84,#10644,$,$);
#10648=IFCCOLUMN('3onJYC_5f5HAh6lM$vbvY6',$,'Column',$,$,#10656,#10660,$,$);
#10649=IFCRELDEFINESBYTYPE('0ZXpSFLOH95u7DnHqqa314',$,$,$,(#11717,#11541,#11563,#10852,#10874,#11629,#11739,#10962,#11783,#11805,#11827,#11849,#11871,#10759,#10825,#10671,#10648,#10803,#10693,#10715,#10737,#10781,#11011,#11607,#11038,#11761,#10984,#12089,#12111,#12133),#10643);
#10650=IFCMATERIALPROFILESETUSAGE(#10645,5,$);
#10651=IFCRELASSOCIATESMATERIAL('1OL_HhKG97ZBM9obFnjJB3',$,$,$,(#10648),#10650);
#10652=IFCCARTESIANPOINT((0.22747695446014404,-2.6000680923461914,0.));
#10653=IFCDIRECTION((0.,0.,1.));
#10654=IFCDIRECTION((1.,0.,0.));
#10655=IFCAXIS2PLACEMENT3D(#10652,#10653,#10654);
#10656=IFCLOCALPLACEMENT(#79,#10655);
#10660=IFCPRODUCTDEFINITIONSHAPE($,$,(#11212,#11219));
#10668=IFCPROPERTYSET('1gUbciQ3zEnPCKVblA816o',$,'EPset_Parametric',$,(#10670));
#10669=IFCRELDEFINESBYPROPERTIES('1vR3yY0q18UQp5llwOjQEg',$,$,$,(#10648),#10668);
#10670=IFCPROPERTYSINGLEVALUE('Engine',$,IFCLABEL('Bonsai.DumbProfile'),$);
#10671=IFCCOLUMN('0J9TdeHh9758FJLLaFXz2u',$,'Column',$,$,#10678,#10682,$,$);
#10672=IFCMATERIALPROFILESETUSAGE(#10645,5,$);
#10673=IFCRELASSOCIATESMATERIAL('2DEhgK9WfAMvWQYMW0ol8B',$,$,$,(#10671),#10672);
#10674=IFCCARTESIANPOINT((4.2174768447875977,-2.6000680923461914,0.));
#10675=IFCDIRECTION((0.,0.,1.));
#10676=IFCDIRECTION((1.,0.,0.));
#10677=IFCAXIS2PLACEMENT3D(#10674,#10675,#10676);
#10678=IFCLOCALPLACEMENT(#79,#10677);
#10682=IFCPRODUCTDEFINITIONSHAPE($,$,(#11222,#11229));
#10690=IFCPROPERTYSET('3wGiB5Uk98cv017exG5v9j',$,'EPset_Parametric',$,(#10692));
#10691=IFCRELDEFINESBYPROPERTIES('2wJJPDrPj7qfh4Vbr6giq6',$,$,$,(#10671),#10690);
#10692=IFCPROPERTYSINGLEVALUE('Engine',$,IFCLABEL('Bonsai.DumbProfile'),$);
#10693=IFCCOLUMN('287TALjG15RRvCuSjD3Gb4',$,'Column',$,$,#10700,#10704,$,$);
#10694=IFCMATERIALPROFILESETUSAGE(#10645,5,$);
#10695=IFCRELASSOCIATESMATERIAL('2saMFdBH963uJbardEDTV9',$,$,$,(#10693),#10694);
#10696=IFCCARTESIANPOINT((4.2174773216247559,6.5099315643310547,0.));
#10697=IFCDIRECTION((0.,0.,1.));
#10698=IFCDIRECTION((1.,0.,0.));
#10699=IFCAXIS2PLACEMENT3D(#10696,#10697,#10698);
#10700=IFCLOCALPLACEMENT(#79,#10699);
#10704=IFCPRODUCTDEFINITIONSHAPE($,$,(#11137,#11144));
#10712=IFCPROPERTYSET('3SVPIEIYrF1BdyoHpX8zP_',$,'EPset_Parametric',$,(#10714));
#10713=IFCRELDEFINESBYPROPERTIES('3sipqf_jPE1vq$3CT5wAXj',$,$,$,(#10693),#10712);
#10714=IFCPROPERTYSINGLEVALUE('Engine',$,IFCLABEL('Bonsai.DumbProfile'),$);
#10715=IFCCOLUMN('0dBTLDGMf6S9_IB24lFL$8',$,'Column',$,$,#10722,#10726,$,$);
#10716=IFCMATERIALPROFILESETUSAGE(#10645,5,$);
#10717=IFCRELASSOCIATESMATERIAL('3gugA2vmXBNemJ_eQ9PK_O',$,$,$,(#10715),#10716);
#10718=IFCCARTESIANPOINT((-2.7825236320495605,5.0399327278137207,0.));
#10719=IFCDIRECTION((0.,0.,1.));
#10720=IFCDIRECTION((1.,0.,0.));
#10721=IFCAXIS2PLACEMENT3D(#10718,#10719,#10720);
#10722=IFCLOCALPLACEMENT(#79,#10721);
#10726=IFCPRODUCTDEFINITIONSHAPE($,$,(#11242,#11249));
#10734=IFCPROPERTYSET('2CR0BN25PCZeoOVELvgkcq',$,'EPset_Parametric',$,(#10736));
#10735=IFCRELDEFINESBYPROPERTIES('2xH9OVuCL01REICkQJcOD_',$,$,$,(#10715),#10734);
#10736=IFCPROPERTYSINGLEVALUE('Engine',$,IFCLABEL('Bonsai.DumbProfile'),$);
#10737=IFCCOLUMN('2$ogrBbeLCqQFHHVDNLWAi',$,'Column',$,$,#10744,#10748,$,$);
#10738=IFCMATERIALPROFILESETUSAGE(#10645,5,$);
#10739=IFCRELASSOCIATESMATERIAL('03fg3Ia3v1MOQvtpMGiHEt',$,$,$,(#10737),#10738);
#10740=IFCCARTESIANPOINT((-2.7825226783752441,-0.10006809234619141,0.));
#10741=IFCDIRECTION((0.,0.,1.));
#10742=IFCDIRECTION((1.,0.,0.));
#10743=IFCAXIS2PLACEMENT3D(#10740,#10741,#10742);
#10744=IFCLOCALPLACEMENT(#79,#10743);
#10748=IFCPRODUCTDEFINITIONSHAPE($,$,(#11172,#11179));
#10756=IFCPROPERTYSET('1AzGv5RC993O8Z1VFSezlX',$,'EPset_Parametric',$,(#10758));
#10757=IFCRELDEFINESBYPROPERTIES('3FjXYuV11DmhQlOAyWMkTB',$,$,$,(#10737),#10756);
#10758=IFCPROPERTYSINGLEVALUE('Engine',$,IFCLABEL('Bonsai.DumbProfile'),$);
#10759=IFCCOLUMN('2jIynMnlH8iPKQ7S_wMCp7',$,'Column',$,$,#10851,#10770,$,$);
#10760=IFCMATERIALPROFILESETUSAGE(#10645,5,$);
#10761=IFCRELASSOCIATESMATERIAL('2eI30g0nfCGuIelvr9KuzK',$,$,$,(#10759),#10760);
#10770=IFCPRODUCTDEFINITIONSHAPE($,$,(#11192,#11199));
#10778=IFCPROPERTYSET('1KexKHSqX3EgWyuo7k157X',$,'EPset_Parametric',$,(#10780));
#10779=IFCRELDEFINESBYPROPERTIES('3yDcHwiXL3$AlJzeFdShNY',$,$,$,(#10759),#10778);
#10780=IFCPROPERTYSINGLEVALUE('Engine',$,IFCLABEL('Bonsai.DumbProfile'),$);
#10781=IFCCOLUMN('33N7YeyfbC$g824GP9CgEd',$,'Column',$,$,#10782,#10792,$,$);
#10782=IFCLOCALPLACEMENT(#79,#10783);
#10783=IFCAXIS2PLACEMENT3D(#10784,#10785,#10786);
#10784=IFCCARTESIANPOINT((4.2174773216247559,6.5099315643310547,0.));
#10785=IFCDIRECTION((0.,0.,1.));
#10786=IFCDIRECTION((1.,0.,0.));
#10787=IFCRELDEFINESBYPROPERTIES('3ZOULJG9H838C$TMTLDhTf',$,$,$,(#10781),#10788);
#10788=IFCPROPERTYSET('3A8FMoAaL2eAhooS7cmOmw',$,'EPset_Parametric',$,(#10789));
#10789=IFCPROPERTYSINGLEVALUE('Engine',$,IFCLABEL('Bonsai.DumbProfile'),$);
#10790=IFCRELASSOCIATESMATERIAL('2uSBOVDgD0FB_$1lzm9PRO',$,$,$,(#10781),#10791);
#10791=IFCMATERIALPROFILESETUSAGE(#10645,5,$);
#10792=IFCPRODUCTDEFINITIONSHAPE($,$,(#11087,#11094));
#10803=IFCCOLUMN('1ccz0BIAj5CQ47lLijxnNO',$,'Column',$,$,#10804,#10814,$,$);
#10804=IFCLOCALPLACEMENT(#79,#10805);
#10805=IFCAXIS2PLACEMENT3D(#10806,#10807,#10808);
#10806=IFCCARTESIANPOINT((-2.7825236320495605,5.0399327278137207,0.));
#10807=IFCDIRECTION((0.,0.,1.));
#10808=IFCDIRECTION((1.,0.,0.));
#10809=IFCRELDEFINESBYPROPERTIES('0crus9yqnFDxsIyoQJSr7D',$,$,$,(#10803),#10810);
#10810=IFCPROPERTYSET('3qCzfRkJT5OggufThOoe3b',$,'EPset_Parametric',$,(#10811));
#10811=IFCPROPERTYSINGLEVALUE('Engine',$,IFCLABEL('Bonsai.DumbProfile'),$);
#10812=IFCRELASSOCIATESMATERIAL('16dPCkuSb4WAEs3cwh5WAe',$,$,$,(#10803),#10813);
#10813=IFCMATERIALPROFILESETUSAGE(#10645,5,$);
#10814=IFCPRODUCTDEFINITIONSHAPE($,$,(#11202,#11209));
#10825=IFCCOLUMN('3E0P7sHo97IwEZjRH8xkIx',$,'Column',$,$,#10826,#10836,$,$);
#10826=IFCLOCALPLACEMENT(#79,#10827);
#10827=IFCAXIS2PLACEMENT3D(#10828,#10829,#10830);
#10828=IFCCARTESIANPOINT((-2.7825226783752441,-0.10006809234619141,0.));
#10829=IFCDIRECTION((0.,0.,1.));
#10830=IFCDIRECTION((1.,0.,0.));
#10831=IFCRELDEFINESBYPROPERTIES('0SCErcLhrEqg7t8oZ8nVTy',$,$,$,(#10825),#10832);
#10832=IFCPROPERTYSET('2czJ$RpZT7AgFsIsQLIaNe',$,'EPset_Parametric',$,(#10833));
#10833=IFCPROPERTYSINGLEVALUE('Engine',$,IFCLABEL('Bonsai.DumbProfile'),$);
#10834=IFCRELASSOCIATESMATERIAL('00LhCrqQX95OmhPN2l4XrZ',$,$,$,(#10825),#10835);
#10835=IFCMATERIALPROFILESETUSAGE(#10645,5,$);
#10836=IFCPRODUCTDEFINITIONSHAPE($,$,(#11182,#11189));
#10847=IFCCARTESIANPOINT((-2.7825236320495605,2.6499314308166504,0.));
#10848=IFCDIRECTION((0.,0.,1.));
#10849=IFCDIRECTION((1.,0.,0.));
#10850=IFCAXIS2PLACEMENT3D(#10847,#10848,#10849);
#10851=IFCLOCALPLACEMENT(#79,#10850);
#10852=IFCCOLUMN('16D5hoNCb5vuNZm64EBks7',$,'Column',$,$,#10853,#10863,$,$);
#10853=IFCLOCALPLACEMENT(#79,#10854);
#10854=IFCAXIS2PLACEMENT3D(#10855,#10856,#10857);
#10855=IFCCARTESIANPOINT((-2.7825236320495605,2.6499314308166504,0.));
#10856=IFCDIRECTION((0.,0.,1.));
#10857=IFCDIRECTION((1.,0.,0.));
#10858=IFCRELDEFINESBYPROPERTIES('1Oi_igwtP6KfTTSUJI_rCn',$,$,$,(#10852),#10859);
#10859=IFCPROPERTYSET('0i1YZCYrTDzwkAiYjzixOI',$,'EPset_Parametric',$,(#10860));
#10860=IFCPROPERTYSINGLEVALUE('Engine',$,IFCLABEL('Bonsai.DumbProfile'),$);
#10861=IFCRELASSOCIATESMATERIAL('0Npu7z9PPCmwCrEDGKJOk1',$,$,$,(#10852),#10862);
#10862=IFCMATERIALPROFILESETUSAGE(#10645,5,$);
#10863=IFCPRODUCTDEFINITIONSHAPE($,$,(#11232,#11239));
#10874=IFCCOLUMN('2PpMzvFo9BevNH9oA2rGcy',$,'Column',$,$,#10875,#10885,$,$);
#10875=IFCLOCALPLACEMENT(#79,#10876);
#10876=IFCAXIS2PLACEMENT3D(#10877,#10878,#10879);
#10877=IFCCARTESIANPOINT((4.2174773216247559,6.5099315643310547,0.));
#10878=IFCDIRECTION((0.,0.,1.));
#10879=IFCDIRECTION((1.,0.,0.));
#10880=IFCRELASSOCIATESMATERIAL('36n71fk5bBqOXD6Y1l92bW',$,$,$,(#10874),#10881);
#10881=IFCMATERIALPROFILESETUSAGE(#10645,5,$);
#10882=IFCRELDEFINESBYPROPERTIES('0KbsZ8C8DFo8s5Pxo5mJ91',$,$,$,(#10874),#10883);
#10883=IFCPROPERTYSET('071A4CqZ1818fhX97KxJAN',$,'EPset_Parametric',$,(#10884));
#10884=IFCPROPERTYSINGLEVALUE('Engine',$,IFCLABEL('Bonsai.DumbProfile'),$);
#10885=IFCPRODUCTDEFINITIONSHAPE($,$,(#11147,#11154));
#10962=IFCCOLUMN('3k$y40KHL5fwgJRfGz18mF',$,'Column',$,$,#10963,#10973,$,$);
#10963=IFCLOCALPLACEMENT(#79,#10964);
#10964=IFCAXIS2PLACEMENT3D(#10965,#10966,#10967);
#10965=IFCCARTESIANPOINT((0.22747695446014404,-2.6000680923461914,0.));
#10966=IFCDIRECTION((0.,0.,1.));
#10967=IFCDIRECTION((1.,0.,0.));
#10968=IFCRELASSOCIATESMATERIAL('1HOQbvwbT4DfZ4Rdu7zokG',$,$,$,(#10962),#10969);
#10969=IFCMATERIALPROFILESETUSAGE(#10645,5,$);
#10970=IFCRELDEFINESBYPROPERTIES('1g$1YAyF549xipWfEO8YWB',$,$,$,(#10962),#10971);
#10971=IFCPROPERTYSET('1kVqQdGfP0hwS2pEMoTiyR',$,'EPset_Parametric',$,(#10972));
#10972=IFCPROPERTYSINGLEVALUE('Engine',$,IFCLABEL('Bonsai.DumbProfile'),$);
#10973=IFCPRODUCTDEFINITIONSHAPE($,$,(#11112,#11119));
#10984=IFCCOLUMN('24DyZy4pb4Y9$$qkTHK7Um',$,'Column',$,$,#11010,#10995,$,$);
#10990=IFCRELASSOCIATESMATERIAL('1qfINbD6bAOPYjSc3GdPPp',$,$,$,(#10984),#10991);
#10991=IFCMATERIALPROFILESETUSAGE(#10645,5,$);
#10992=IFCRELDEFINESBYPROPERTIES('0VObjIWE56_RaezxuZcMA7',$,$,$,(#10984),#10993);
#10993=IFCPROPERTYSET('0zcHVA1AzE_ve9TlxIdskQ',$,'EPset_Parametric',$,(#10994));
#10994=IFCPROPERTYSINGLEVALUE('Engine',$,IFCLABEL('Bonsai.DumbProfile'),$);
#10995=IFCPRODUCTDEFINITIONSHAPE($,$,(#11062,#11069));
#11006=IFCCARTESIANPOINT((0.22747695446014404,-0.10006809234619141,0.));
#11007=IFCDIRECTION((0.,0.,1.));
#11008=IFCDIRECTION((1.,0.,0.));
#11009=IFCAXIS2PLACEMENT3D(#11006,#11007,#11008);
#11010=IFCLOCALPLACEMENT(#79,#11009);
#11011=IFCCOLUMN('0CL5R9eQXBJfop3_AJCkvA',$,'Column',$,$,#11037,#11022,$,$);
#11017=IFCRELASSOCIATESMATERIAL('3aq4$gdYD16wzLTx9w8ZFC',$,$,$,(#11011),#11018);
#11018=IFCMATERIALPROFILESETUSAGE(#10645,5,$);
#11019=IFCRELDEFINESBYPROPERTIES('06BvZ$d0H0qBEF7KWv3gDe',$,$,$,(#11011),#11020);
#11020=IFCPROPERTYSET('1RBYq9Qb5C1hjBDxx8x32C',$,'EPset_Parametric',$,(#11021));
#11021=IFCPROPERTYSINGLEVALUE('Engine',$,IFCLABEL('Bonsai.DumbProfile'),$);
#11022=IFCPRODUCTDEFINITIONSHAPE($,$,(#11252,#11259));
#11033=IFCCARTESIANPOINT((0.22747695446014404,5.0399327278137207,0.));
#11034=IFCDIRECTION((0.,0.,1.));
#11035=IFCDIRECTION((1.,0.,0.));
#11036=IFCAXIS2PLACEMENT3D(#11033,#11034,#11035);
#11037=IFCLOCALPLACEMENT(#79,#11036);
#11038=IFCCOLUMN('0ON10$yFnCgQdrKn2p4fuN',$,'Column',$,$,#11134,#11049,$,$);
#11044=IFCRELASSOCIATESMATERIAL('0iVdEbFNX0xe_c$pFIhZiB',$,$,$,(#11038),#11045);
#11045=IFCMATERIALPROFILESETUSAGE(#10645,5,$);
#11046=IFCRELDEFINESBYPROPERTIES('2XkOb2q$f26vrwAEmfZu3t',$,$,$,(#11038),#11047);
#11047=IFCPROPERTYSET('0g_mMmJ4DCOQ3bxgiGo4q5',$,'EPset_Parametric',$,(#11048));
#11048=IFCPROPERTYSINGLEVALUE('Engine',$,IFCLABEL('Bonsai.DumbProfile'),$);
#11049=IFCPRODUCTDEFINITIONSHAPE($,$,(#11122,#11129));
#11060=IFCCARTESIANPOINTLIST3D(((0.,0.,0.),(0.,0.,3.)));
#11061=IFCINDEXEDPOLYCURVE(#11060,$,.F.);
#11062=IFCSHAPEREPRESENTATION(#12,'Axis','Curve3D',(#11061));
#11063=IFCCARTESIANPOINT((0.,0.,0.));
#11064=IFCDIRECTION((0.,0.,1.));
#11065=IFCDIRECTION((1.,0.,0.));
#11066=IFCAXIS2PLACEMENT3D(#11063,#11064,#11065);
#11067=IFCDIRECTION((0.,0.,1.));
#11068=IFCEXTRUDEDAREASOLID(#10644,#11066,#11067,3.);
#11069=IFCSHAPEREPRESENTATION(#11,'Body','SweptSolid',(#11068));
#11085=IFCCARTESIANPOINTLIST3D(((0.,0.,0.),(0.,0.,3.)));
#11086=IFCINDEXEDPOLYCURVE(#11085,$,.F.);
#11087=IFCSHAPEREPRESENTATION(#12,'Axis','Curve3D',(#11086));
#11088=IFCCARTESIANPOINT((0.,0.,0.));
#11089=IFCDIRECTION((0.,0.,1.));
#11090=IFCDIRECTION((1.,0.,0.));
#11091=IFCAXIS2PLACEMENT3D(#11088,#11089,#11090);
#11092=IFCDIRECTION((0.,0.,1.));
#11093=IFCEXTRUDEDAREASOLID(#10644,#11091,#11092,3.);
#11094=IFCSHAPEREPRESENTATION(#11,'Body','SweptSolid',(#11093));
#11110=IFCCARTESIANPOINTLIST3D(((0.,0.,0.),(0.,0.,3.)));
#11111=IFCINDEXEDPOLYCURVE(#11110,$,.F.);
#11112=IFCSHAPEREPRESENTATION(#12,'Axis','Curve3D',(#11111));
#11113=IFCCARTESIANPOINT((0.,0.,0.));
#11114=IFCDIRECTION((0.,0.,1.));
#11115=IFCDIRECTION((1.,0.,0.));
#11116=IFCAXIS2PLACEMENT3D(#11113,#11114,#11115);
#11117=IFCDIRECTION((0.,0.,1.));
#11118=IFCEXTRUDEDAREASOLID(#10644,#11116,#11117,3.);
#11119=IFCSHAPEREPRESENTATION(#11,'Body','SweptSolid',(#11118));
#11120=IFCCARTESIANPOINTLIST3D(((0.,0.,0.),(0.,0.,3.)));
#11121=IFCINDEXEDPOLYCURVE(#11120,$,.F.);
#11122=IFCSHAPEREPRESENTATION(#12,'Axis','Curve3D',(#11121));
#11123=IFCCARTESIANPOINT((0.,0.,0.));
#11124=IFCDIRECTION((0.,0.,1.));
#11125=IFCDIRECTION((1.,0.,0.));
#11126=IFCAXIS2PLACEMENT3D(#11123,#11124,#11125);
#11127=IFCDIRECTION((0.,0.,1.));
#11128=IFCEXTRUDEDAREASOLID(#10644,#11126,#11127,3.);
#11129=IFCSHAPEREPRESENTATION(#11,'Body','SweptSolid',(#11128));
#11130=IFCCARTESIANPOINT((0.22747695446014404,6.5099315643310547,0.));
#11131=IFCDIRECTION((0.,0.,1.));
#11132=IFCDIRECTION((1.,0.,0.));
#11133=IFCAXIS2PLACEMENT3D(#11130,#11131,#11132);
#11134=IFCLOCALPLACEMENT(#79,#11133);
#11135=IFCCARTESIANPOINTLIST3D(((0.,0.,0.),(0.,0.,3.)));
#11136=IFCINDEXEDPOLYCURVE(#11135,$,.F.);
#11137=IFCSHAPEREPRESENTATION(#12,'Axis','Curve3D',(#11136));
#11138=IFCCARTESIANPOINT((0.,0.,0.));
#11139=IFCDIRECTION((0.,0.,1.));
#11140=IFCDIRECTION((1.,0.,0.));
#11141=IFCAXIS2PLACEMENT3D(#11138,#11139,#11140);
#11142=IFCDIRECTION((0.,0.,1.));
#11143=IFCEXTRUDEDAREASOLID(#10644,#11141,#11142,3.);
#11144=IFCSHAPEREPRESENTATION(#11,'Body','SweptSolid',(#11143));
#11145=IFCCARTESIANPOINTLIST3D(((0.,0.,0.),(0.,0.,3.)));
#11146=IFCINDEXEDPOLYCURVE(#11145,$,.F.);
#11147=IFCSHAPEREPRESENTATION(#12,'Axis','Curve3D',(#11146));
#11148=IFCCARTESIANPOINT((0.,0.,0.));
#11149=IFCDIRECTION((0.,0.,1.));
#11150=IFCDIRECTION((1.,0.,0.));
#11151=IFCAXIS2PLACEMENT3D(#11148,#11149,#11150);
#11152=IFCDIRECTION((0.,0.,1.));
#11153=IFCEXTRUDEDAREASOLID(#10644,#11151,#11152,3.);
#11154=IFCSHAPEREPRESENTATION(#11,'Body','SweptSolid',(#11153));
#11170=IFCCARTESIANPOINTLIST3D(((0.,0.,0.),(0.,0.,3.)));
#11171=IFCINDEXEDPOLYCURVE(#11170,$,.F.);
#11172=IFCSHAPEREPRESENTATION(#12,'Axis','Curve3D',(#11171));
#11173=IFCCARTESIANPOINT((0.,0.,0.));
#11174=IFCDIRECTION((0.,0.,1.));
#11175=IFCDIRECTION((1.,0.,0.));
#11176=IFCAXIS2PLACEMENT3D(#11173,#11174,#11175);
#11177=IFCDIRECTION((0.,0.,1.));
#11178=IFCEXTRUDEDAREASOLID(#10644,#11176,#11177,3.);
#11179=IFCSHAPEREPRESENTATION(#11,'Body','SweptSolid',(#11178));
#11180=IFCCARTESIANPOINTLIST3D(((0.,0.,0.),(0.,0.,3.)));
#11181=IFCINDEXEDPOLYCURVE(#11180,$,.F.);
#11182=IFCSHAPEREPRESENTATION(#12,'Axis','Curve3D',(#11181));
#11183=IFCCARTESIANPOINT((0.,0.,0.));
#11184=IFCDIRECTION((0.,0.,1.));
#11185=IFCDIRECTION((1.,0.,0.));
#11186=IFCAXIS2PLACEMENT3D(#11183,#11184,#11185);
#11187=IFCDIRECTION((0.,0.,1.));
#11188=IFCEXTRUDEDAREASOLID(#10644,#11186,#11187,3.);
#11189=IFCSHAPEREPRESENTATION(#11,'Body','SweptSolid',(#11188));
#11190=IFCCARTESIANPOINTLIST3D(((0.,0.,0.),(0.,0.,3.)));
#11191=IFCINDEXEDPOLYCURVE(#11190,$,.F.);
#11192=IFCSHAPEREPRESENTATION(#12,'Axis','Curve3D',(#11191));
#11193=IFCCARTESIANPOINT((0.,0.,0.));
#11194=IFCDIRECTION((0.,0.,1.));
#11195=IFCDIRECTION((1.,0.,0.));
#11196=IFCAXIS2PLACEMENT3D(#11193,#11194,#11195);
#11197=IFCDIRECTION((0.,0.,1.));
#11198=IFCEXTRUDEDAREASOLID(#10644,#11196,#11197,3.);
#11199=IFCSHAPEREPRESENTATION(#11,'Body','SweptSolid',(#11198));
#11200=IFCCARTESIANPOINTLIST3D(((0.,0.,0.),(0.,0.,3.)));
#11201=IFCINDEXEDPOLYCURVE(#11200,$,.F.);
#11202=IFCSHAPEREPRESENTATION(#12,'Axis','Curve3D',(#11201));
#11203=IFCCARTESIANPOINT((0.,0.,0.));
#11204=IFCDIRECTION((0.,0.,1.));
#11205=IFCDIRECTION((1.,0.,0.));
#11206=IFCAXIS2PLACEMENT3D(#11203,#11204,#11205);
#11207=IFCDIRECTION((0.,0.,1.));
#11208=IFCEXTRUDEDAREASOLID(#10644,#11206,#11207,3.);
#11209=IFCSHAPEREPRESENTATION(#11,'Body','SweptSolid',(#11208));
#11210=IFCCARTESIANPOINTLIST3D(((0.,0.,0.),(0.,0.,3.)));
#11211=IFCINDEXEDPOLYCURVE(#11210,$,.F.);
#11212=IFCSHAPEREPRESENTATION(#12,'Axis','Curve3D',(#11211));
#11213=IFCCARTESIANPOINT((0.,0.,0.));
#11214=IFCDIRECTION((0.,0.,1.));
#11215=IFCDIRECTION((1.,0.,0.));
#11216=IFCAXIS2PLACEMENT3D(#11213,#11214,#11215);
#11217=IFCDIRECTION((0.,0.,1.));
#11218=IFCEXTRUDEDAREASOLID(#10644,#11216,#11217,3.);
#11219=IFCSHAPEREPRESENTATION(#11,'Body','SweptSolid',(#11218));
#11220=IFCCARTESIANPOINTLIST3D(((0.,0.,0.),(0.,0.,3.)));
#11221=IFCINDEXEDPOLYCURVE(#11220,$,.F.);
#11222=IFCSHAPEREPRESENTATION(#12,'Axis','Curve3D',(#11221));
#11223=IFCCARTESIANPOINT((0.,0.,0.));
#11224=IFCDIRECTION((0.,0.,1.));
#11225=IFCDIRECTION((1.,0.,0.));
#11226=IFCAXIS2PLACEMENT3D(#11223,#11224,#11225);
#11227=IFCDIRECTION((0.,0.,1.));
#11228=IFCEXTRUDEDAREASOLID(#10644,#11226,#11227,3.);
#11229=IFCSHAPEREPRESENTATION(#11,'Body','SweptSolid',(#11228));
#11230=IFCCARTESIANPOINTLIST3D(((0.,0.,0.),(0.,0.,3.)));
#11231=IFCINDEXEDPOLYCURVE(#11230,$,.F.);
#11232=IFCSHAPEREPRESENTATION(#12,'Axis','Curve3D',(#11231));
#11233=IFCCARTESIANPOINT((0.,0.,0.));
#11234=IFCDIRECTION((0.,0.,1.));
#11235=IFCDIRECTION((1.,0.,0.));
#11236=IFCAXIS2PLACEMENT3D(#11233,#11234,#11235);
#11237=IFCDIRECTION((0.,0.,1.));
#11238=IFCEXTRUDEDAREASOLID(#10644,#11236,#11237,3.);
#11239=IFCSHAPEREPRESENTATION(#11,'Body','SweptSolid',(#11238));
#11240=IFCCARTESIANPOINTLIST3D(((0.,0.,0.),(0.,0.,3.)));
#11241=IFCINDEXEDPOLYCURVE(#11240,$,.F.);
#11242=IFCSHAPEREPRESENTATION(#12,'Axis','Curve3D',(#11241));
#11243=IFCCARTESIANPOINT((0.,0.,0.));
#11244=IFCDIRECTION((0.,0.,1.));
#11245=IFCDIRECTION((1.,0.,0.));
#11246=IFCAXIS2PLACEMENT3D(#11243,#11244,#11245);
#11247=IFCDIRECTION((0.,0.,1.));
#11248=IFCEXTRUDEDAREASOLID(#10644,#11246,#11247,3.);
#11249=IFCSHAPEREPRESENTATION(#11,'Body','SweptSolid',(#11248));
#11250=IFCCARTESIANPOINTLIST3D(((0.,0.,0.),(0.,0.,3.)));
#11251=IFCINDEXEDPOLYCURVE(#11250,$,.F.);
#11252=IFCSHAPEREPRESENTATION(#12,'Axis','Curve3D',(#11251));
#11253=IFCCARTESIANPOINT((0.,0.,0.));
#11254=IFCDIRECTION((0.,0.,1.));
#11255=IFCDIRECTION((1.,0.,0.));
#11256=IFCAXIS2PLACEMENT3D(#11253,#11254,#11255);
#11257=IFCDIRECTION((0.,0.,1.));
#11258=IFCEXTRUDEDAREASOLID(#10644,#11256,#11257,3.);
#11259=IFCSHAPEREPRESENTATION(#11,'Body','SweptSolid',(#11258));
#11260=IFCBEAMTYPE('2bOo1VpR5C9BxHlnZmN9KT',$,'Unnamed',$,$,$,$,$,$,.BEAM.);
#11261=IFCMATERIALPROFILESET($,$,(#11263),$);
#11262=IFCRELASSOCIATESMATERIAL('1oz2Kvuo115gxReK9luWOW',$,$,$,(#11260),#11261);
#11263=IFCMATERIALPROFILE($,$,#84,#10644,$,$);
#11264=IFCBEAM('2DfMV9eeb8oub2UsGjlCe7',$,'Beam',$,$,#11272,#11276,$,$);
#11265=IFCRELDEFINESBYTYPE('1WjySEYRrB2gNzN_KskhSk',$,$,$,(#11309,#11915,#11937,#11959,#11388,#11482,#11504,#11996,#11331,#11893,#11264,#11435,#11287,#12018,#12045,#12067),#11260);
#11266=IFCMATERIALPROFILESETUSAGE(#11261,7,$);
#11267=IFCRELASSOCIATESMATERIAL('1I4JBHd7H6UfTZdO$iFiin',$,$,$,(#11264),#11266);
#11268=IFCCARTESIANPOINT((4.4674773216247559,6.7599315643310547,3.));
#11269=IFCDIRECTION((-4.9618839401444133E-08,-0.99999999999994948,3.1391648226021402E-07));
#11270=IFCDIRECTION((0.99999999999999889,-4.9618840591847349E-08,5.8529637842093189E-15));
#11271=IFCAXIS2PLACEMENT3D(#11268,#11269,#11270);
#11272=IFCLOCALPLACEMENT(#79,#11271);
#11276=IFCPRODUCTDEFINITIONSHAPE($,$,(#11459,#11466));
#11284=IFCPROPERTYSET('3O3MioW2TBfBg6HGy6XP7w',$,'EPset_Parametric',$,(#11286));
#11285=IFCRELDEFINESBYPROPERTIES('096YsoIgH9BOuqvMBvpzgW',$,$,$,(#11264),#11284);
#11286=IFCPROPERTYSINGLEVALUE('Engine',$,IFCLABEL('Bonsai.DumbProfile'),$);
#11287=IFCBEAM('10ENA2CvL1ngsbylJJrqID',$,'Beam',$,$,#11294,#11298,$,$);
#11288=IFCMATERIALPROFILESETUSAGE(#11261,7,$);
#11289=IFCRELASSOCIATESMATERIAL('212XwBvdzCuhSkiuqrpaRS',$,$,$,(#11287),#11288);
#11290=IFCCARTESIANPOINT((0.47747695446014404,6.7599315643310547,3.));
#11291=IFCDIRECTION((0.,-0.99999999999995071,3.1391648226021439E-07));
#11292=IFCDIRECTION((1.,0.,0.));
#11293=IFCAXIS2PLACEMENT3D(#11290,#11291,#11292);
#11294=IFCLOCALPLACEMENT(#79,#11293);
#11295=IFCCARTESIANPOINTLIST3D(((0.,0.,0.),(0.,0.,9.6099998208957942)));
#11296=IFCINDEXEDPOLYCURVE(#11295,$,.F.);
#11297=IFCSHAPEREPRESENTATION(#12,'Axis','Curve3D',(#11296));
#11298=IFCPRODUCTDEFINITIONSHAPE($,$,(#11297,#11305));
#11299=IFCCARTESIANPOINT((-0.25,-0.25,0.));
#11300=IFCDIRECTION((0.,0.,1.));
#11301=IFCDIRECTION((1.,0.,0.));
#11302=IFCAXIS2PLACEMENT3D(#11299,#11300,#11301);
#11303=IFCDIRECTION((0.,0.,1.));
#11304=IFCEXTRUDEDAREASOLID(#10644,#11302,#11303,9.6099998208957942);
#11305=IFCSHAPEREPRESENTATION(#11,'Body','SweptSolid',(#11304));
#11306=IFCPROPERTYSET('3w_Di9kAv2rOGKWh9X_3pX',$,'EPset_Parametric',$,(#11308));
#11307=IFCRELDEFINESBYPROPERTIES('2yyn4$6bfAqek3_zrLBdF_',$,$,$,(#11287),#11306);
#11308=IFCPROPERTYSINGLEVALUE('Engine',$,IFCLABEL('Bonsai.DumbProfile'),$);
#11309=IFCBEAM('2V4aFWDEn0DvboauyAx5uo',$,'Beam',$,$,#11316,#11320,$,$);
#11310=IFCMATERIALPROFILESETUSAGE(#11261,7,$);
#11311=IFCRELASSOCIATESMATERIAL('2unxmjt8v0EeUrLBWIoHSQ',$,$,$,(#11309),#11310);
#11312=IFCCARTESIANPOINT((-2.5325236320495605,5.2899327278137207,3.));
#11313=IFCDIRECTION((1.690911618257407E-07,-0.99999999999998279,7.5497898658640094E-08));
#11314=IFCDIRECTION((0.99999999999998579,1.6909116595797727E-07,0.));
#11315=IFCAXIS2PLACEMENT3D(#11312,#11313,#11314);
#11316=IFCLOCALPLACEMENT(#79,#11315);
#11317=IFCCARTESIANPOINTLIST3D(((0.,0.,0.),(0.,0.,5.6400007499532805)));
#11318=IFCINDEXEDPOLYCURVE(#11317,$,.F.);
#11319=IFCSHAPEREPRESENTATION(#12,'Axis','Curve3D',(#11318));
#11320=IFCPRODUCTDEFINITIONSHAPE($,$,(#11319,#11327));
#11321=IFCCARTESIANPOINT((-0.25,-0.25,0.));
#11322=IFCDIRECTION((0.,0.,1.));
#11323=IFCDIRECTION((1.,0.,0.));
#11324=IFCAXIS2PLACEMENT3D(#11321,#11322,#11323);
#11325=IFCDIRECTION((0.,0.,1.));
#11326=IFCEXTRUDEDAREASOLID(#10644,#11324,#11325,5.6400007499532805);
#11327=IFCSHAPEREPRESENTATION(#11,'Body','SweptSolid',(#11326));
#11328=IFCPROPERTYSET('3t$p6vcPv6ThVUtptqVfwJ',$,'EPset_Parametric',$,(#11330));
#11329=IFCRELDEFINESBYPROPERTIES('2mkpFFl3H4qPszx3PF5sAT',$,$,$,(#11309),#11328);
#11330=IFCPROPERTYSINGLEVALUE('Engine',$,IFCLABEL('Bonsai.DumbProfile'),$);
#11331=IFCBEAM('3ptpoUODjASgDC2uKZhWfc',$,'Beam',$,$,#11387,#11342,$,$);
#11332=IFCMATERIALPROFILESETUSAGE(#11261,7,$);
#11333=IFCRELASSOCIATESMATERIAL('1fLtyu5Q57MuuCEZzzMHpg',$,$,$,(#11331),#11332);
#11342=IFCPRODUCTDEFINITIONSHAPE($,$,(#11412,#11419));
#11350=IFCPROPERTYSET('2jnCra3KD6LeiQXlzr58ss',$,'EPset_Parametric',$,(#11352));
#11351=IFCRELDEFINESBYPROPERTIES('2VZiUxmXHC5gvSzN9v7DOb',$,$,$,(#11331),#11350);
#11352=IFCPROPERTYSINGLEVALUE('Engine',$,IFCLABEL('Bonsai.DumbProfile'),$);
#11383=IFCCARTESIANPOINT((4.4674763679504395,6.2599306106567383,2.9999992847442627));
#11384=IFCDIRECTION((-0.99999999999998002,4.3711388286737055E-08,1.9470718370939332E-07));
#11385=IFCDIRECTION((-4.3711388286737889E-08,-0.99999999999999911,0.));
#11386=IFCAXIS2PLACEMENT3D(#11383,#11384,#11385);
#11387=IFCLOCALPLACEMENT(#79,#11386);
#11388=IFCBEAM('3jR2rM63T5zwdPzCdGiV6_',$,'Beam',$,$,#11434,#11399,$,$);
#11389=IFCMATERIALPROFILESETUSAGE(#11261,7,$);
#11390=IFCRELASSOCIATESMATERIAL('1O1A0VY2D6a8PuVMuX0BXK',$,$,$,(#11388),#11389);
#11399=IFCPRODUCTDEFINITIONSHAPE($,$,(#11422,#11429));
#11407=IFCPROPERTYSET('2UEv1iyaf9EAAjcNFB8bty',$,'EPset_Parametric',$,(#11409));
#11408=IFCRELDEFINESBYPROPERTIES('1BKeE_B_1Cl9kVMDi$D2kI',$,$,$,(#11388),#11407);
#11409=IFCPROPERTYSINGLEVALUE('Engine',$,IFCLABEL('Bonsai.DumbProfile'),$);
#11410=IFCCARTESIANPOINTLIST3D(((-1.9527959693732555E-07,-8.3824659213860286E-08,-9.5922615628296626E-08),(9.8461239161906633E-10,-4.3858929821283255E-09,4.4900016784667969)));
#11411=IFCINDEXEDPOLYCURVE(#11410,$,.F.);
#11412=IFCSHAPEREPRESENTATION(#12,'Axis','Curve3D',(#11411));
#11413=IFCCARTESIANPOINT((-0.25,-0.25,0.));
#11414=IFCDIRECTION((0.,0.,1.));
#11415=IFCDIRECTION((1.,0.,0.));
#11416=IFCAXIS2PLACEMENT3D(#11413,#11414,#11415);
#11417=IFCDIRECTION((0.,0.,1.));
#11418=IFCEXTRUDEDAREASOLID(#10644,#11416,#11417,4.4900015911278901);
#11419=IFCSHAPEREPRESENTATION(#11,'Body','SweptSolid',(#11418));
#11420=IFCCARTESIANPOINTLIST3D(((1.7010222563840216E-07,4.3138999927805344E-08,-2.1026201579843473E-07),(3.7872865732424543E-07,1.325558685039141E-07,7.5000009536743164)));
#11421=IFCINDEXEDPOLYCURVE(#11420,$,.F.);
#11422=IFCSHAPEREPRESENTATION(#12,'Axis','Curve3D',(#11421));
#11423=IFCCARTESIANPOINT((-0.25,-0.25,0.));
#11424=IFCDIRECTION((0.,0.,1.));
#11425=IFCDIRECTION((1.,0.,0.));
#11426=IFCAXIS2PLACEMENT3D(#11423,#11424,#11425);
#11427=IFCDIRECTION((0.,0.,1.));
#11428=IFCEXTRUDEDAREASOLID(#10644,#11426,#11427,7.5000010172527816);
#11429=IFCSHAPEREPRESENTATION(#11,'Body','SweptSolid',(#11428));
#11430=IFCCARTESIANPOINT((4.4674773216247559,4.7899327278137207,3.));
#11431=IFCDIRECTION((-0.99999999999995937,2.821299744937163E-07,-4.3711388286736155E-08));
#11432=IFCDIRECTION((-2.8212997449371656E-07,-0.99999999999996025,0.));
#11433=IFCAXIS2PLACEMENT3D(#11430,#11431,#11432);
#11434=IFCLOCALPLACEMENT(#79,#11433);
#11435=IFCBEAM('3O0Tt_L_j7jxSwi8YiNi29',$,'Beam',$,$,#11481,#11446,$,$);
#11436=IFCMATERIALPROFILESETUSAGE(#11261,7,$);
#11437=IFCRELASSOCIATESMATERIAL('1U17Xk3Bn7ixf0sNJJ33fA',$,$,$,(#11435),#11436);
#11446=IFCPRODUCTDEFINITIONSHAPE($,$,(#11469,#11476));
#11454=IFCPROPERTYSET('258LBwz_PCKOUC53YPQ6kp',$,'EPset_Parametric',$,(#11456));
#11455=IFCRELDEFINESBYPROPERTIES('07spf$o098CAiZdYJq7PUv',$,$,$,(#11435),#11454);
#11456=IFCPROPERTYSINGLEVALUE('Engine',$,IFCLABEL('Bonsai.DumbProfile'),$);
#11457=IFCCARTESIANPOINTLIST3D(((1.4141721749183489E-07,-2.3713223384902449E-08,-2.335959408128474E-07),(1.4141710380499717E-07,5.8991052043211312E-08,9.6099996566772461)));
#11458=IFCINDEXEDPOLYCURVE(#11457,$,.F.);
#11459=IFCSHAPEREPRESENTATION(#12,'Axis','Curve3D',(#11458));
#11460=IFCCARTESIANPOINT((-0.25,-0.25,0.));
#11461=IFCDIRECTION((0.,0.,1.));
#11462=IFCDIRECTION((1.,0.,0.));
#11463=IFCAXIS2PLACEMENT3D(#11460,#11461,#11462);
#11464=IFCDIRECTION((0.,0.,1.));
#11465=IFCEXTRUDEDAREASOLID(#10644,#11463,#11464,9.6099998208963058);
#11466=IFCSHAPEREPRESENTATION(#11,'Body','SweptSolid',(#11465));
#11467=IFCCARTESIANPOINTLIST3D(((1.3336574511413346E-08,4.3138896899108659E-08,-1.4643612189502164E-07),(1.3346493688004557E-08,1.3255578323878581E-07,7.5000009536743164)));
#11468=IFCINDEXEDPOLYCURVE(#11467,$,.F.);
#11469=IFCSHAPEREPRESENTATION(#12,'Axis','Curve3D',(#11468));
#11470=IFCCARTESIANPOINT((-0.25,-0.25,0.));
#11471=IFCDIRECTION((0.,0.,1.));
#11472=IFCDIRECTION((1.,0.,0.));
#11473=IFCAXIS2PLACEMENT3D(#11470,#11471,#11472);
#11474=IFCDIRECTION((0.,0.,1.));
#11475=IFCEXTRUDEDAREASOLID(#10644,#11473,#11474,7.5000010172525462);
#11476=IFCSHAPEREPRESENTATION(#11,'Body','SweptSolid',(#11475));
#11477=IFCCARTESIANPOINT((4.4674782752990723,-0.35006809234619141,3.));
#11478=IFCDIRECTION((-0.999999999999998,4.3711388286737843E-08,-4.3711388286737843E-08));
#11479=IFCDIRECTION((-4.3711388286737889E-08,-0.99999999999999911,0.));
#11480=IFCAXIS2PLACEMENT3D(#11477,#11478,#11479);
#11481=IFCLOCALPLACEMENT(#79,#11480);
#11482=IFCBEAM('2U5kPY3wnAReXC5INMp4X7',$,'Beam',$,$,#11489,#11493,$,$);
#11483=IFCMATERIALPROFILESETUSAGE(#11261,7,$);
#11484=IFCRELASSOCIATESMATERIAL('0HcV_FRN5C4wBUJ3pzMA91',$,$,$,(#11482),#11483);
#11485=IFCCARTESIANPOINT((4.4674773216247559,2.3999314308166504,3.));
#11486=IFCDIRECTION((-0.99999999999962197,-6.7154417777663053E-07,5.5233503743989558E-07));
#11487=IFCDIRECTION((6.7154434830699024E-07,-0.9999999999997301,2.9802319190244388E-07));
#11488=IFCAXIS2PLACEMENT3D(#11485,#11486,#11487);
#11489=IFCLOCALPLACEMENT(#79,#11488);
#11490=IFCCARTESIANPOINTLIST3D(((0.,0.,0.),(0.,0.,7.5000010172525355)));
#11491=IFCINDEXEDPOLYCURVE(#11490,$,.F.);
#11492=IFCSHAPEREPRESENTATION(#12,'Axis','Curve3D',(#11491));
#11493=IFCPRODUCTDEFINITIONSHAPE($,$,(#11492,#11500));
#11494=IFCCARTESIANPOINT((-0.25,-0.25,0.));
#11495=IFCDIRECTION((0.,0.,1.));
#11496=IFCDIRECTION((1.,0.,0.));
#11497=IFCAXIS2PLACEMENT3D(#11494,#11495,#11496);
#11498=IFCDIRECTION((0.,0.,1.));
#11499=IFCEXTRUDEDAREASOLID(#10644,#11497,#11498,7.5000010172525355);
#11500=IFCSHAPEREPRESENTATION(#11,'Body','SweptSolid',(#11499));
#11501=IFCPROPERTYSET('2x1zc27DH10BSmm8eHl86X',$,'EPset_Parametric',$,(#11503));
#11502=IFCRELDEFINESBYPROPERTIES('09KFFPjvn599gs7ZuwaHRd',$,$,$,(#11482),#11501);
#11503=IFCPROPERTYSINGLEVALUE('Engine',$,IFCLABEL('Bonsai.DumbProfile'),$);
#11504=IFCBEAM('2av8f2SUTDpBMKZyDsIA57',$,'Beam',$,$,#11540,#11515,$,$);
#11505=IFCMATERIALPROFILESETUSAGE(#11261,7,$);
#11506=IFCRELASSOCIATESMATERIAL('2dZFrTx659cvLVeeqGLfNS',$,$,$,(#11504),#11505);
#11515=IFCPRODUCTDEFINITIONSHAPE($,$,(#11528,#11535));
#11523=IFCPROPERTYSET('2wkQtl$NH39gLkK1Cx05__',$,'EPset_Parametric',$,(#11525));
#11524=IFCRELDEFINESBYPROPERTIES('3Vo0kOHgf2oQvf4F3yvzyS',$,$,$,(#11504),#11523);
#11525=IFCPROPERTYSINGLEVALUE('Engine',$,IFCLABEL('Bonsai.DumbProfile'),$);
#11526=IFCCARTESIANPOINTLIST3D(((-6.8316239776322618E-08,4.3138932426245447E-08,1.8450492689225939E-08),(6.354392567686773E-09,9.8447339169638326E-10,4.4899997711181641)));
#11527=IFCINDEXEDPOLYCURVE(#11526,$,.F.);
#11528=IFCSHAPEREPRESENTATION(#12,'Axis','Curve3D',(#11527));
#11529=IFCCARTESIANPOINT((-0.25,-0.25,0.));
#11530=IFCDIRECTION((0.,0.,1.));
#11531=IFCDIRECTION((1.,0.,0.));
#11532=IFCAXIS2PLACEMENT3D(#11529,#11530,#11531);
#11533=IFCDIRECTION((0.,0.,1.));
#11534=IFCEXTRUDEDAREASOLID(#10644,#11532,#11533,4.4899996795315991);
#11535=IFCSHAPEREPRESENTATION(#11,'Body','SweptSolid',(#11534));
#11536=IFCCARTESIANPOINT((4.4674768447875977,-2.8500680923461914,3.));
#11537=IFCDIRECTION((-0.99999999999995937,2.821299744937163E-07,-4.3711388286736155E-08));
#11538=IFCDIRECTION((-2.8212997449371656E-07,-0.99999999999996025,0.));
#11539=IFCAXIS2PLACEMENT3D(#11536,#11537,#11538);
#11540=IFCLOCALPLACEMENT(#79,#11539);
#11541=IFCCOLUMN('0lSl5YBYDBYw4ADC2s0p11',$,'Column',$,$,#11548,#11552,$,$);
#11542=IFCMATERIALPROFILESETUSAGE(#10645,5,$);
#11543=IFCRELASSOCIATESMATERIAL('1GWYxMx21F1QJoo_qkqAkJ',$,$,$,(#11541),#11542);
#11544=IFCCARTESIANPOINT((4.2174773216247559,6.5099315643310547,0.));
#11545=IFCDIRECTION((0.,0.,1.));
#11546=IFCDIRECTION((1.,0.,0.));
#11547=IFCAXIS2PLACEMENT3D(#11544,#11545,#11546);
#11548=IFCLOCALPLACEMENT(#4293,#11547);
#11549=IFCCARTESIANPOINTLIST3D(((0.,0.,0.),(0.,0.,3.)));
#11550=IFCINDEXEDPOLYCURVE(#11549,$,.F.);
#11551=IFCSHAPEREPRESENTATION(#12,'Axis','Curve3D',(#11550));
#11552=IFCPRODUCTDEFINITIONSHAPE($,$,(#11551,#11559));
#11553=IFCCARTESIANPOINT((0.,0.,0.));
#11554=IFCDIRECTION((0.,0.,1.));
#11555=IFCDIRECTION((1.,0.,0.));
#11556=IFCAXIS2PLACEMENT3D(#11553,#11554,#11555);
#11557=IFCDIRECTION((0.,0.,1.));
#11558=IFCEXTRUDEDAREASOLID(#10644,#11556,#11557,3.);
#11559=IFCSHAPEREPRESENTATION(#11,'Body','SweptSolid',(#11558));
#11560=IFCPROPERTYSET('0pKoq5g0L5lRbXmqClPkdW',$,'EPset_Parametric',$,(#11562));
#11561=IFCRELDEFINESBYPROPERTIES('3xqxKkGezCzRqGEhUiIrye',$,$,$,(#11541),#11560);
#11562=IFCPROPERTYSINGLEVALUE('Engine',$,IFCLABEL('Bonsai.DumbProfile'),$);
#11563=IFCCOLUMN('13yAOWxVn0wAWl7M9H4E7s',$,'Column',$,$,#11570,#11574,$,$);
#11564=IFCMATERIALPROFILESETUSAGE(#10645,5,$);
#11565=IFCRELASSOCIATESMATERIAL('3cyGln3HzEYxqOReD0bAbB',$,$,$,(#11563),#11564);
#11566=IFCCARTESIANPOINT((4.2174768447875977,-2.6000680923461914,0.));
#11567=IFCDIRECTION((0.,0.,1.));
#11568=IFCDIRECTION((1.,0.,0.));
#11569=IFCAXIS2PLACEMENT3D(#11566,#11567,#11568);
#11570=IFCLOCALPLACEMENT(#4293,#11569);
#11571=IFCCARTESIANPOINTLIST3D(((0.,0.,0.),(0.,0.,3.)));
#11572=IFCINDEXEDPOLYCURVE(#11571,$,.F.);
#11573=IFCSHAPEREPRESENTATION(#12,'Axis','Curve3D',(#11572));
#11574=IFCPRODUCTDEFINITIONSHAPE($,$,(#11573,#11581));
#11575=IFCCARTESIANPOINT((0.,0.,0.));
#11576=IFCDIRECTION((0.,0.,1.));
#11577=IFCDIRECTION((1.,0.,0.));
#11578=IFCAXIS2PLACEMENT3D(#11575,#11576,#11577);
#11579=IFCDIRECTION((0.,0.,1.));
#11580=IFCEXTRUDEDAREASOLID(#10644,#11578,#11579,3.);
#11581=IFCSHAPEREPRESENTATION(#11,'Body','SweptSolid',(#11580));
#11582=IFCPROPERTYSET('2JQiad7qzDU9UB7LXYypC1',$,'EPset_Parametric',$,(#11584));
#11583=IFCRELDEFINESBYPROPERTIES('2pilc7QjDBxel2WC5EdAze',$,$,$,(#11563),#11582);
#11584=IFCPROPERTYSINGLEVALUE('Engine',$,IFCLABEL('Bonsai.DumbProfile'),$);
#11607=IFCCOLUMN('1_aId6xcP90PCzF8GRp9pg',$,'Column',$,$,#11614,#11618,$,$);
#11608=IFCMATERIALPROFILESETUSAGE(#10645,5,$);
#11609=IFCRELASSOCIATESMATERIAL('0QuR51jkj0FeAbALRP_rnZ',$,$,$,(#11607),#11608);
#11610=IFCCARTESIANPOINT((-2.7825226783752441,-0.10006809234619141,0.));
#11611=IFCDIRECTION((0.,0.,1.));
#11612=IFCDIRECTION((1.,0.,0.));
#11613=IFCAXIS2PLACEMENT3D(#11610,#11611,#11612);
#11614=IFCLOCALPLACEMENT(#4293,#11613);
#11615=IFCCARTESIANPOINTLIST3D(((0.,0.,0.),(0.,0.,3.)));
#11616=IFCINDEXEDPOLYCURVE(#11615,$,.F.);
#11617=IFCSHAPEREPRESENTATION(#12,'Axis','Curve3D',(#11616));
#11618=IFCPRODUCTDEFINITIONSHAPE($,$,(#11617,#11625));
#11619=IFCCARTESIANPOINT((0.,0.,0.));
#11620=IFCDIRECTION((0.,0.,1.));
#11621=IFCDIRECTION((1.,0.,0.));
#11622=IFCAXIS2PLACEMENT3D(#11619,#11620,#11621);
#11623=IFCDIRECTION((0.,0.,1.));
#11624=IFCEXTRUDEDAREASOLID(#10644,#11622,#11623,3.);
#11625=IFCSHAPEREPRESENTATION(#11,'Body','SweptSolid',(#11624));
#11626=IFCPROPERTYSET('0zCJEvSUjDr9EftIj0jAUJ',$,'EPset_Parametric',$,(#11628));
#11627=IFCRELDEFINESBYPROPERTIES('1CEeb8F9vBZeHHBWUfTDQB',$,$,$,(#11607),#11626);
#11628=IFCPROPERTYSINGLEVALUE('Engine',$,IFCLABEL('Bonsai.DumbProfile'),$);
#11629=IFCCOLUMN('2HsAHYhiH7Y8Y82PTXKzj8',$,'Column',$,$,#11636,#11640,$,$);
#11630=IFCMATERIALPROFILESETUSAGE(#10645,5,$);
#11631=IFCRELASSOCIATESMATERIAL('1UuECN3tr9SfzvQDSmtzGT',$,$,$,(#11629),#11630);
#11632=IFCCARTESIANPOINT((-2.7825236320495605,5.0399327278137207,0.));
#11633=IFCDIRECTION((0.,0.,1.));
#11634=IFCDIRECTION((1.,0.,0.));
#11635=IFCAXIS2PLACEMENT3D(#11632,#11633,#11634);
#11636=IFCLOCALPLACEMENT(#4293,#11635);
#11637=IFCCARTESIANPOINTLIST3D(((0.,0.,0.),(0.,0.,3.)));
#11638=IFCINDEXEDPOLYCURVE(#11637,$,.F.);
#11639=IFCSHAPEREPRESENTATION(#12,'Axis','Curve3D',(#11638));
#11640=IFCPRODUCTDEFINITIONSHAPE($,$,(#11639,#11647));
#11641=IFCCARTESIANPOINT((0.,0.,0.));
#11642=IFCDIRECTION((0.,0.,1.));
#11643=IFCDIRECTION((1.,0.,0.));
#11644=IFCAXIS2PLACEMENT3D(#11641,#11642,#11643);
#11645=IFCDIRECTION((0.,0.,1.));
#11646=IFCEXTRUDEDAREASOLID(#10644,#11644,#11645,3.);
#11647=IFCSHAPEREPRESENTATION(#11,'Body','SweptSolid',(#11646));
#11648=IFCPROPERTYSET('2IJoXQOTn1IeKmoTSzYop4',$,'EPset_Parametric',$,(#11650));
#11649=IFCRELDEFINESBYPROPERTIES('1NGJ5W7VLA98RwvGP3JrbX',$,$,$,(#11629),#11648);
#11650=IFCPROPERTYSINGLEVALUE('Engine',$,IFCLABEL('Bonsai.DumbProfile'),$);
#11717=IFCCOLUMN('3ShzWGC9PB7uHA$kGowIhF',$,'Column',$,$,#11724,#11728,$,$);
#11718=IFCMATERIALPROFILESETUSAGE(#10645,5,$);
#11719=IFCRELASSOCIATESMATERIAL('26NTJg_Sr6zB5AUzmO0ko$',$,$,$,(#11717),#11718);
#11720=IFCCARTESIANPOINT((0.22747695446014404,6.5099315643310547,0.));
#11721=IFCDIRECTION((0.,0.,1.));
#11722=IFCDIRECTION((1.,0.,0.));
#11723=IFCAXIS2PLACEMENT3D(#11720,#11721,#11722);
#11724=IFCLOCALPLACEMENT(#4293,#11723);
#11725=IFCCARTESIANPOINTLIST3D(((0.,0.,0.),(0.,0.,3.)));
#11726=IFCINDEXEDPOLYCURVE(#11725,$,.F.);
#11727=IFCSHAPEREPRESENTATION(#12,'Axis','Curve3D',(#11726));
#11728=IFCPRODUCTDEFINITIONSHAPE($,$,(#11727,#11735));
#11729=IFCCARTESIANPOINT((0.,0.,0.));
#11730=IFCDIRECTION((0.,0.,1.));
#11731=IFCDIRECTION((1.,0.,0.));
#11732=IFCAXIS2PLACEMENT3D(#11729,#11730,#11731);
#11733=IFCDIRECTION((0.,0.,1.));
#11734=IFCEXTRUDEDAREASOLID(#10644,#11732,#11733,3.);
#11735=IFCSHAPEREPRESENTATION(#11,'Body','SweptSolid',(#11734));
#11736=IFCPROPERTYSET('2MRn04__j1ChI7kXW3hDC5',$,'EPset_Parametric',$,(#11738));
#11737=IFCRELDEFINESBYPROPERTIES('15FKZj55T1ZA73hfX3kIAz',$,$,$,(#11717),#11736);
#11738=IFCPROPERTYSINGLEVALUE('Engine',$,IFCLABEL('Bonsai.DumbProfile'),$);
#11739=IFCCOLUMN('2cGK3cZlX4vRfAyN6gCo1k',$,'Column',$,$,#11746,#11750,$,$);
#11740=IFCMATERIALPROFILESETUSAGE(#10645,5,$);
#11741=IFCRELASSOCIATESMATERIAL('1p$lpIKyr6cufw22Fw0TCI',$,$,$,(#11739),#11740);
#11742=IFCCARTESIANPOINT((0.22747695446014404,5.0399327278137207,0.));
#11743=IFCDIRECTION((0.,0.,1.));
#11744=IFCDIRECTION((1.,0.,0.));
#11745=IFCAXIS2PLACEMENT3D(#11742,#11743,#11744);
#11746=IFCLOCALPLACEMENT(#4293,#11745);
#11747=IFCCARTESIANPOINTLIST3D(((0.,0.,0.),(0.,0.,3.)));
#11748=IFCINDEXEDPOLYCURVE(#11747,$,.F.);
#11749=IFCSHAPEREPRESENTATION(#12,'Axis','Curve3D',(#11748));
#11750=IFCPRODUCTDEFINITIONSHAPE($,$,(#11749,#11757));
#11751=IFCCARTESIANPOINT((0.,0.,0.));
#11752=IFCDIRECTION((0.,0.,1.));
#11753=IFCDIRECTION((1.,0.,0.));
#11754=IFCAXIS2PLACEMENT3D(#11751,#11752,#11753);
#11755=IFCDIRECTION((0.,0.,1.));
#11756=IFCEXTRUDEDAREASOLID(#10644,#11754,#11755,3.);
#11757=IFCSHAPEREPRESENTATION(#11,'Body','SweptSolid',(#11756));
#11758=IFCPROPERTYSET('26GGwnCwnFMwjfvWkL9INN',$,'EPset_Parametric',$,(#11760));
#11759=IFCRELDEFINESBYPROPERTIES('1aE3MlkE98sxXY4SSuo9zI',$,$,$,(#11739),#11758);
#11760=IFCPROPERTYSINGLEVALUE('Engine',$,IFCLABEL('Bonsai.DumbProfile'),$);
#11761=IFCCOLUMN('2haJbajsP14PjRMEWeFOlI',$,'Column',$,$,#11768,#11772,$,$);
#11762=IFCMATERIALPROFILESETUSAGE(#10645,5,$);
#11763=IFCRELASSOCIATESMATERIAL('1GgY87JpH0Vv3pvApTrZxb',$,$,$,(#11761),#11762);
#11764=IFCCARTESIANPOINT((-2.7825236320495605,2.6499314308166504,0.));
#11765=IFCDIRECTION((0.,0.,1.));
#11766=IFCDIRECTION((1.,0.,0.));
#11767=IFCAXIS2PLACEMENT3D(#11764,#11765,#11766);
#11768=IFCLOCALPLACEMENT(#4293,#11767);
#11769=IFCCARTESIANPOINTLIST3D(((0.,0.,0.),(0.,0.,3.)));
#11770=IFCINDEXEDPOLYCURVE(#11769,$,.F.);
#11771=IFCSHAPEREPRESENTATION(#12,'Axis','Curve3D',(#11770));
#11772=IFCPRODUCTDEFINITIONSHAPE($,$,(#11771,#11779));
#11773=IFCCARTESIANPOINT((0.,0.,0.));
#11774=IFCDIRECTION((0.,0.,1.));
#11775=IFCDIRECTION((1.,0.,0.));
#11776=IFCAXIS2PLACEMENT3D(#11773,#11774,#11775);
#11777=IFCDIRECTION((0.,0.,1.));
#11778=IFCEXTRUDEDAREASOLID(#10644,#11776,#11777,3.);
#11779=IFCSHAPEREPRESENTATION(#11,'Body','SweptSolid',(#11778));
#11780=IFCPROPERTYSET('2gzhdEt7f4ruau7FUaqYr_',$,'EPset_Parametric',$,(#11782));
#11781=IFCRELDEFINESBYPROPERTIES('3aydYW_H580wogUrRaCSaZ',$,$,$,(#11761),#11780);
#11782=IFCPROPERTYSINGLEVALUE('Engine',$,IFCLABEL('Bonsai.DumbProfile'),$);
#11783=IFCCOLUMN('0Ixto922P9aRJ4dUbdNi6u',$,'Column',$,$,#11790,#11794,$,$);
#11784=IFCMATERIALPROFILESETUSAGE(#10645,5,$);
#11785=IFCRELASSOCIATESMATERIAL('0OtJm$vLL2zRhMuOrPGFj2',$,$,$,(#11783),#11784);
#11786=IFCCARTESIANPOINT((4.2174773216247559,5.0399327278137207,0.));
#11787=IFCDIRECTION((0.,0.,1.));
#11788=IFCDIRECTION((1.,0.,0.));
#11789=IFCAXIS2PLACEMENT3D(#11786,#11787,#11788);
#11790=IFCLOCALPLACEMENT(#4293,#11789);
#11791=IFCCARTESIANPOINTLIST3D(((0.,0.,0.),(0.,0.,3.)));
#11792=IFCINDEXEDPOLYCURVE(#11791,$,.F.);
#11793=IFCSHAPEREPRESENTATION(#12,'Axis','Curve3D',(#11792));
#11794=IFCPRODUCTDEFINITIONSHAPE($,$,(#11793,#11801));
#11795=IFCCARTESIANPOINT((0.,0.,0.));
#11796=IFCDIRECTION((0.,0.,1.));
#11797=IFCDIRECTION((1.,0.,0.));
#11798=IFCAXIS2PLACEMENT3D(#11795,#11796,#11797);
#11799=IFCDIRECTION((0.,0.,1.));
#11800=IFCEXTRUDEDAREASOLID(#10644,#11798,#11799,3.);
#11801=IFCSHAPEREPRESENTATION(#11,'Body','SweptSolid',(#11800));
#11802=IFCPROPERTYSET('2lfpa3EnfCKPY9UkTaaX2u',$,'EPset_Parametric',$,(#11804));
#11803=IFCRELDEFINESBYPROPERTIES('02DJpfmpf7MfGivyLa2Z73',$,$,$,(#11783),#11802);
#11804=IFCPROPERTYSINGLEVALUE('Engine',$,IFCLABEL('Bonsai.DumbProfile'),$);
#11805=IFCCOLUMN('2MTMAFCyn8lfEvhkJqcmaT',$,'Column',$,$,#11812,#11816,$,$);
#11806=IFCMATERIALPROFILESETUSAGE(#10645,5,$);
#11807=IFCRELASSOCIATESMATERIAL('28BHhiMLX63Qjfc1k6$MGe',$,$,$,(#11805),#11806);
#11808=IFCCARTESIANPOINT((4.2174773216247559,2.6499314308166504,0.));
#11809=IFCDIRECTION((0.,0.,1.));
#11810=IFCDIRECTION((1.,0.,0.));
#11811=IFCAXIS2PLACEMENT3D(#11808,#11809,#11810);
#11812=IFCLOCALPLACEMENT(#4293,#11811);
#11813=IFCCARTESIANPOINTLIST3D(((0.,0.,0.),(0.,0.,3.)));
#11814=IFCINDEXEDPOLYCURVE(#11813,$,.F.);
#11815=IFCSHAPEREPRESENTATION(#12,'Axis','Curve3D',(#11814));
#11816=IFCPRODUCTDEFINITIONSHAPE($,$,(#11815,#11823));
#11817=IFCCARTESIANPOINT((0.,0.,0.));
#11818=IFCDIRECTION((0.,0.,1.));
#11819=IFCDIRECTION((1.,0.,0.));
#11820=IFCAXIS2PLACEMENT3D(#11817,#11818,#11819);
#11821=IFCDIRECTION((0.,0.,1.));
#11822=IFCEXTRUDEDAREASOLID(#10644,#11820,#11821,3.);
#11823=IFCSHAPEREPRESENTATION(#11,'Body','SweptSolid',(#11822));
#11824=IFCPROPERTYSET('2dZ2X2pEL9_82Zs1oZz1xq',$,'EPset_Parametric',$,(#11826));
#11825=IFCRELDEFINESBYPROPERTIES('3trS011wf3DwWFtVBmdjaW',$,$,$,(#11805),#11824);
#11826=IFCPROPERTYSINGLEVALUE('Engine',$,IFCLABEL('Bonsai.DumbProfile'),$);
#11827=IFCCOLUMN('3Jj0Mjqu53WBBMYCq2H$E$',$,'Column',$,$,#11834,#11838,$,$);
#11828=IFCMATERIALPROFILESETUSAGE(#10645,5,$);
#11829=IFCRELASSOCIATESMATERIAL('2bJdvThEj0H9x$OZND7bQe',$,$,$,(#11827),#11828);
#11830=IFCCARTESIANPOINT((0.22747695446014404,-0.10006809234619141,0.));
#11831=IFCDIRECTION((0.,0.,1.));
#11832=IFCDIRECTION((1.,0.,0.));
#11833=IFCAXIS2PLACEMENT3D(#11830,#11831,#11832);
#11834=IFCLOCALPLACEMENT(#4293,#11833);
#11835=IFCCARTESIANPOINTLIST3D(((0.,0.,0.),(0.,0.,3.)));
#11836=IFCINDEXEDPOLYCURVE(#11835,$,.F.);
#11837=IFCSHAPEREPRESENTATION(#12,'Axis','Curve3D',(#11836));
#11838=IFCPRODUCTDEFINITIONSHAPE($,$,(#11837,#11845));
#11839=IFCCARTESIANPOINT((0.,0.,0.));
#11840=IFCDIRECTION((0.,0.,1.));
#11841=IFCDIRECTION((1.,0.,0.));
#11842=IFCAXIS2PLACEMENT3D(#11839,#11840,#11841);
#11843=IFCDIRECTION((0.,0.,1.));
#11844=IFCEXTRUDEDAREASOLID(#10644,#11842,#11843,3.);
#11845=IFCSHAPEREPRESENTATION(#11,'Body','SweptSolid',(#11844));
#11846=IFCPROPERTYSET('3w7QSDgQn3Mw33N9$UAtBl',$,'EPset_Parametric',$,(#11848));
#11847=IFCRELDEFINESBYPROPERTIES('21beH300970fOTHrCWZTv1',$,$,$,(#11827),#11846);
#11848=IFCPROPERTYSINGLEVALUE('Engine',$,IFCLABEL('Bonsai.DumbProfile'),$);
#11849=IFCCOLUMN('10xHirF9j4AgGPGTDFysmb',$,'Column',$,$,#11856,#11860,$,$);
#11850=IFCMATERIALPROFILESETUSAGE(#10645,5,$);
#11851=IFCRELASSOCIATESMATERIAL('1MzAu$wfj8awccKeLDy39o',$,$,$,(#11849),#11850);
#11852=IFCCARTESIANPOINT((0.22747695446014404,5.0399327278137207,0.));
#11853=IFCDIRECTION((0.,0.,1.));
#11854=IFCDIRECTION((1.,0.,0.));
#11855=IFCAXIS2PLACEMENT3D(#11852,#11853,#11854);
#11856=IFCLOCALPLACEMENT(#4293,#11855);
#11857=IFCCARTESIANPOINTLIST3D(((0.,0.,0.),(0.,0.,3.)));
#11858=IFCINDEXEDPOLYCURVE(#11857,$,.F.);
#11859=IFCSHAPEREPRESENTATION(#12,'Axis','Curve3D',(#11858));
#11860=IFCPRODUCTDEFINITIONSHAPE($,$,(#11859,#11867));
#11861=IFCCARTESIANPOINT((0.,0.,0.));
#11862=IFCDIRECTION((0.,0.,1.));
#11863=IFCDIRECTION((1.,0.,0.));
#11864=IFCAXIS2PLACEMENT3D(#11861,#11862,#11863);
#11865=IFCDIRECTION((0.,0.,1.));
#11866=IFCEXTRUDEDAREASOLID(#10644,#11864,#11865,3.);
#11867=IFCSHAPEREPRESENTATION(#11,'Body','SweptSolid',(#11866));
#11868=IFCPROPERTYSET('0N1T7x1Pj27wZ5v5sP6exx',$,'EPset_Parametric',$,(#11870));
#11869=IFCRELDEFINESBYPROPERTIES('0Eu6Tz4mX6GP3BfiUjqr5x',$,$,$,(#11849),#11868);
#11870=IFCPROPERTYSINGLEVALUE('Engine',$,IFCLABEL('Bonsai.DumbProfile'),$);
#11871=IFCCOLUMN('2nsC6m3jv6JBKdFqaQNx30',$,'Column',$,$,#11878,#11882,$,$);
#11872=IFCMATERIALPROFILESETUSAGE(#10645,5,$);
#11873=IFCRELASSOCIATESMATERIAL('34ti2yJOvDb9jB2lmVkJE$',$,$,$,(#11871),#11872);
#11874=IFCCARTESIANPOINT((4.2174782752990723,-0.10006809234619141,0.));
#11875=IFCDIRECTION((0.,0.,1.));
#11876=IFCDIRECTION((1.,0.,0.));
#11877=IFCAXIS2PLACEMENT3D(#11874,#11875,#11876);
#11878=IFCLOCALPLACEMENT(#4293,#11877);
#11879=IFCCARTESIANPOINTLIST3D(((0.,0.,0.),(0.,0.,3.)));
#11880=IFCINDEXEDPOLYCURVE(#11879,$,.F.);
#11881=IFCSHAPEREPRESENTATION(#12,'Axis','Curve3D',(#11880));
#11882=IFCPRODUCTDEFINITIONSHAPE($,$,(#11881,#11889));
#11883=IFCCARTESIANPOINT((0.,0.,0.));
#11884=IFCDIRECTION((0.,0.,1.));
#11885=IFCDIRECTION((1.,0.,0.));
#11886=IFCAXIS2PLACEMENT3D(#11883,#11884,#11885);
#11887=IFCDIRECTION((0.,0.,1.));
#11888=IFCEXTRUDEDAREASOLID(#10644,#11886,#11887,3.);
#11889=IFCSHAPEREPRESENTATION(#11,'Body','SweptSolid',(#11888));
#11890=IFCPROPERTYSET('1PsYUvGgz8Ceqrx$bJqSpR',$,'EPset_Parametric',$,(#11892));
#11891=IFCRELDEFINESBYPROPERTIES('3C$5TkgNT3tf7cTVd1Eoh6',$,$,$,(#11871),#11890);
#11892=IFCPROPERTYSINGLEVALUE('Engine',$,IFCLABEL('Bonsai.DumbProfile'),$);
#11893=IFCBEAM('1bKGhDrJL2gg7dt8qmjLr$',$,'Beam',$,$,#11900,#11904,$,$);
#11894=IFCMATERIALPROFILESETUSAGE(#11261,7,$);
#11895=IFCRELASSOCIATESMATERIAL('08vSixmIX0782eyJj7nUge',$,$,$,(#11893),#11894);
#11896=IFCCARTESIANPOINT((4.4674773216247559,6.7599315643310547,3.));
#11897=IFCDIRECTION((-4.9618839401444133E-08,-0.99999999999994948,3.1391648226021402E-07));
#11898=IFCDIRECTION((0.99999999999999889,-4.9618840591847349E-08,5.8529637842093189E-15));
#11899=IFCAXIS2PLACEMENT3D(#11896,#11897,#11898);
#11900=IFCLOCALPLACEMENT(#4293,#11899);
#11901=IFCCARTESIANPOINTLIST3D(((0.,0.,0.),(0.,0.,9.6099998208958048)));
#11902=IFCINDEXEDPOLYCURVE(#11901,$,.F.);
#11903=IFCSHAPEREPRESENTATION(#12,'Axis','Curve3D',(#11902));
#11904=IFCPRODUCTDEFINITIONSHAPE($,$,(#11903,#11911));
#11905=IFCCARTESIANPOINT((-0.25,-0.25,0.));
#11906=IFCDIRECTION((0.,0.,1.));
#11907=IFCDIRECTION((1.,0.,0.));
#11908=IFCAXIS2PLACEMENT3D(#11905,#11906,#11907);
#11909=IFCDIRECTION((0.,0.,1.));
#11910=IFCEXTRUDEDAREASOLID(#10644,#11908,#11909,9.6099998208958048);
#11911=IFCSHAPEREPRESENTATION(#11,'Body','SweptSolid',(#11910));
#11912=IFCPROPERTYSET('0YBHNP3BzCSgDkKzbQRcpn',$,'EPset_Parametric',$,(#11914));
#11913=IFCRELDEFINESBYPROPERTIES('12y70$dxvDwOjtaTVAoKiT',$,$,$,(#11893),#11912);
#11914=IFCPROPERTYSINGLEVALUE('Engine',$,IFCLABEL('Bonsai.DumbProfile'),$);
#11915=IFCBEAM('2SWe9ELmj1T9tJ6DpBCTu7',$,'Beam',$,$,#11922,#11926,$,$);
#11916=IFCMATERIALPROFILESETUSAGE(#11261,7,$);
#11917=IFCRELASSOCIATESMATERIAL('2g77s6PCr4qewsK8wrV9Bm',$,$,$,(#11915),#11916);
#11918=IFCCARTESIANPOINT((0.47747695446014404,6.7599315643310547,3.));
#11919=IFCDIRECTION((0.,-0.99999999999999711,7.5497898658641179E-08));
#11920=IFCDIRECTION((1.,0.,0.));
#11921=IFCAXIS2PLACEMENT3D(#11918,#11919,#11920);
#11922=IFCLOCALPLACEMENT(#4293,#11921);
#11923=IFCCARTESIANPOINTLIST3D(((0.,0.,0.),(0.,0.,7.1099995433093648)));
#11924=IFCINDEXEDPOLYCURVE(#11923,$,.F.);
#11925=IFCSHAPEREPRESENTATION(#12,'Axis','Curve3D',(#11924));
#11926=IFCPRODUCTDEFINITIONSHAPE($,$,(#11925,#11933));
#11927=IFCCARTESIANPOINT((-0.25,-0.25,0.));
#11928=IFCDIRECTION((0.,0.,1.));
#11929=IFCDIRECTION((1.,0.,0.));
#11930=IFCAXIS2PLACEMENT3D(#11927,#11928,#11929);
#11931=IFCDIRECTION((0.,0.,1.));
#11932=IFCEXTRUDEDAREASOLID(#10644,#11930,#11931,7.1099995433093648);
#11933=IFCSHAPEREPRESENTATION(#11,'Body','SweptSolid',(#11932));
#11934=IFCPROPERTYSET('3htdGxVlDBABeRSWDPrASv',$,'EPset_Parametric',$,(#11936));
#11935=IFCRELDEFINESBYPROPERTIES('2fMxpTOqH40AQoQNck5$mP',$,$,$,(#11915),#11934);
#11936=IFCPROPERTYSINGLEVALUE('Engine',$,IFCLABEL('Bonsai.DumbProfile'),$);
#11937=IFCBEAM('3i7uW3WY1EkPqicA1yld1B',$,'Beam',$,$,#11944,#11948,$,$);
#11938=IFCMATERIALPROFILESETUSAGE(#11261,7,$);
#11939=IFCRELASSOCIATESMATERIAL('1ITXcb9rT9JRyX0u_aBeob',$,$,$,(#11937),#11938);
#11940=IFCCARTESIANPOINT((-2.5325236320495605,5.2899327278137207,3.));
#11941=IFCDIRECTION((1.690911618257407E-07,-0.99999999999998279,7.5497898658640094E-08));
#11942=IFCDIRECTION((0.99999999999998579,1.6909116595797727E-07,0.));
#11943=IFCAXIS2PLACEMENT3D(#11940,#11941,#11942);
#11944=IFCLOCALPLACEMENT(#4293,#11943);
#11945=IFCCARTESIANPOINTLIST3D(((0.,0.,0.),(0.,0.,5.6400007499532805)));
#11946=IFCINDEXEDPOLYCURVE(#11945,$,.F.);
#11947=IFCSHAPEREPRESENTATION(#12,'Axis','Curve3D',(#11946));
#11948=IFCPRODUCTDEFINITIONSHAPE($,$,(#11947,#11955));
#11949=IFCCARTESIANPOINT((-0.25,-0.25,0.));
#11950=IFCDIRECTION((0.,0.,1.));
#11951=IFCDIRECTION((1.,0.,0.));
#11952=IFCAXIS2PLACEMENT3D(#11949,#11950,#11951);
#11953=IFCDIRECTION((0.,0.,1.));
#11954=IFCEXTRUDEDAREASOLID(#10644,#11952,#11953,5.6400007499532805);
#11955=IFCSHAPEREPRESENTATION(#11,'Body','SweptSolid',(#11954));
#11956=IFCPROPERTYSET('1esoMFmuvChB8Z2HMQAE6X',$,'EPset_Parametric',$,(#11958));
#11957=IFCRELDEFINESBYPROPERTIES('3gVXmLqD5AAATaLTrQo7TX',$,$,$,(#11937),#11956);
#11958=IFCPROPERTYSINGLEVALUE('Engine',$,IFCLABEL('Bonsai.DumbProfile'),$);
#11959=IFCBEAM('1Ol3sD70nAJAq7VtIR6Icv',$,'Beam',$,$,#11995,#11970,$,$);
#11960=IFCMATERIALPROFILESETUSAGE(#11261,7,$);
#11961=IFCRELASSOCIATESMATERIAL('2j$8wKu4H9vOR7sXlTG3Bj',$,$,$,(#11959),#11960);
#11970=IFCPRODUCTDEFINITIONSHAPE($,$,(#11983,#11990));
#11978=IFCPROPERTYSET('2nzSCSSGb2Mhmurth2CFEu',$,'EPset_Parametric',$,(#11980));
#11979=IFCRELDEFINESBYPROPERTIES('2nu1WiECD6EhfWaTZob5Q7',$,$,$,(#11959),#11978);
#11980=IFCPROPERTYSINGLEVALUE('Engine',$,IFCLABEL('Bonsai.DumbProfile'),$);
#11981=IFCCARTESIANPOINTLIST3D(((-1.3955202859960991E-07,-1.3955200017790048E-07,-1.9624280866992194E-08),(-1.7005126196067977E-09,-1.7004788688268491E-09,4.4900007247924805)));
#11982=IFCINDEXEDPOLYCURVE(#11981,$,.F.);
#11983=IFCSHAPEREPRESENTATION(#12,'Axis','Curve3D',(#11982));
#11984=IFCCARTESIANPOINT((-0.25,-0.25,0.));
#11985=IFCDIRECTION((0.,0.,1.));
#11986=IFCDIRECTION((1.,0.,0.));
#11987=IFCAXIS2PLACEMENT3D(#11984,#11985,#11986);
#11988=IFCDIRECTION((0.,0.,1.));
#11989=IFCEXTRUDEDAREASOLID(#10644,#11987,#11988,4.4900007415295606);
#11990=IFCSHAPEREPRESENTATION(#11,'Body','SweptSolid',(#11989));
#11991=IFCCARTESIANPOINT((4.4674773216247559,6.2599315643310547,3.));
#11992=IFCDIRECTION((-0.99999999999999423,-7.5497901264042884E-08,7.5497901264042884E-08));
#11993=IFCDIRECTION((7.5497901264043109E-08,-0.99999999999999711,-7.1609385088322392E-15));
#11994=IFCAXIS2PLACEMENT3D(#11991,#11992,#11993);
#11995=IFCLOCALPLACEMENT(#4293,#11994);
#11996=IFCBEAM('1LN2a8N_zFRhx1qMJVngb2',$,'Beam',$,$,#12003,#12007,$,$);
#11997=IFCMATERIALPROFILESETUSAGE(#11261,7,$);
#11998=IFCRELASSOCIATESMATERIAL('2jDfdKlxn5Pv2jx3mQVFJ6',$,$,$,(#11996),#11997);
#11999=IFCCARTESIANPOINT((4.4674773216247559,4.7899327278137207,3.));
#12000=IFCDIRECTION((-0.99999999999962197,-6.7154417777663053E-07,5.5233503743989558E-07));
#12001=IFCDIRECTION((6.7154434830699024E-07,-0.9999999999997301,2.9802319190244388E-07));
#12002=IFCAXIS2PLACEMENT3D(#11999,#12000,#12001);
#12003=IFCLOCALPLACEMENT(#4293,#12002);
#12004=IFCCARTESIANPOINTLIST3D(((0.,0.,0.),(0.,0.,7.5000010172525355)));
#12005=IFCINDEXEDPOLYCURVE(#12004,$,.F.);
#12006=IFCSHAPEREPRESENTATION(#12,'Axis','Curve3D',(#12005));
#12007=IFCPRODUCTDEFINITIONSHAPE($,$,(#12006,#12014));
#12008=IFCCARTESIANPOINT((-0.25,-0.25,0.));
#12009=IFCDIRECTION((0.,0.,1.));
#12010=IFCDIRECTION((1.,0.,0.));
#12011=IFCAXIS2PLACEMENT3D(#12008,#12009,#12010);
#12012=IFCDIRECTION((0.,0.,1.));
#12013=IFCEXTRUDEDAREASOLID(#10644,#12011,#12012,7.5000010172525355);
#12014=IFCSHAPEREPRESENTATION(#11,'Body','SweptSolid',(#12013));
#12015=IFCPROPERTYSET('2tJ0qZyCv7fO5ADDgZgusH',$,'EPset_Parametric',$,(#12017));
#12016=IFCRELDEFINESBYPROPERTIES('1iZM0TZ85BdPkU4cmpv2Np',$,$,$,(#11996),#12015);
#12017=IFCPROPERTYSINGLEVALUE('Engine',$,IFCLABEL('Bonsai.DumbProfile'),$);
#12018=IFCBEAM('02azLtfxX0MhTbaP8uHGKX',$,'Beam',$,$,#12044,#12029,$,$);
#12024=IFCRELDEFINESBYPROPERTIES('0SlLo29pb8Zhbm2b40_urw',$,$,$,(#12018),#12025);
#12025=IFCPROPERTYSET('3q8VadMKT259mXUS$_4w11',$,'EPset_Parametric',$,(#12026));
#12026=IFCPROPERTYSINGLEVALUE('Engine',$,IFCLABEL('Bonsai.DumbProfile'),$);
#12027=IFCRELASSOCIATESMATERIAL('13CoLra39DBOS1EamiJ2JC',$,$,$,(#12018),#12028);
#12028=IFCMATERIALPROFILESETUSAGE(#11261,7,$);
#12029=IFCPRODUCTDEFINITIONSHAPE($,$,(#12030,#12033));
#12030=IFCSHAPEREPRESENTATION(#12,'Axis','Curve3D',(#12031));
#12031=IFCINDEXEDPOLYCURVE(#12032,$,.F.);
#12032=IFCCARTESIANPOINTLIST3D(((0.,0.,0.),(0.,0.,7.5000010172525355)));
#12033=IFCSHAPEREPRESENTATION(#11,'Body','SweptSolid',(#12034));
#12034=IFCEXTRUDEDAREASOLID(#10644,#12035,#12039,7.5000010172525355);
#12035=IFCAXIS2PLACEMENT3D(#12036,#12037,#12038);
#12036=IFCCARTESIANPOINT((-0.25,-0.25,0.));
#12037=IFCDIRECTION((0.,0.,1.));
#12038=IFCDIRECTION((1.,0.,0.));
#12039=IFCDIRECTION((0.,0.,1.));
#12040=IFCCARTESIANPOINT((4.4674773216247559,2.3999366760253906,3.));
#12041=IFCDIRECTION((-0.99999999999962208,-6.7154417138201184E-07,5.5233505236153228E-07));
#12042=IFCDIRECTION((6.7154434191234105E-07,-0.99999999999973022,2.9802319545516328E-07));
#12043=IFCAXIS2PLACEMENT3D(#12040,#12041,#12042);
#12044=IFCLOCALPLACEMENT(#4293,#12043);
#12045=IFCBEAM('2tuXr1KIr6XvbCRu5O32Ny',$,'Beam',$,$,#12159,#12056,$,$);
#12051=IFCRELDEFINESBYPROPERTIES('0jRR7GXVz79w4m8w5XlOhe',$,$,$,(#12045),#12052);
#12052=IFCPROPERTYSET('1_weKHrJn9fPVQzh9mCMLX',$,'EPset_Parametric',$,(#12053));
#12053=IFCPROPERTYSINGLEVALUE('Engine',$,IFCLABEL('Bonsai.DumbProfile'),$);
#12054=IFCRELASSOCIATESMATERIAL('2nDDGJSmT97RCLbGzS1kYn',$,$,$,(#12045),#12055);
#12055=IFCMATERIALPROFILESETUSAGE(#11261,7,$);
#12056=IFCPRODUCTDEFINITIONSHAPE($,$,(#12057,#12060));
#12057=IFCSHAPEREPRESENTATION(#12,'Axis','Curve3D',(#12058));
#12058=IFCINDEXEDPOLYCURVE(#12059,$,.F.);
#12059=IFCCARTESIANPOINTLIST3D(((0.,0.,0.),(0.,0.,7.5000010172525355)));
#12060=IFCSHAPEREPRESENTATION(#11,'Body','SweptSolid',(#12061));
#12061=IFCEXTRUDEDAREASOLID(#10644,#12062,#12066,7.5000010172525355);
#12062=IFCAXIS2PLACEMENT3D(#12063,#12064,#12065);
#12063=IFCCARTESIANPOINT((-0.25,-0.25,0.));
#12064=IFCDIRECTION((0.,0.,1.));
#12065=IFCDIRECTION((1.,0.,0.));
#12066=IFCDIRECTION((0.,0.,1.));
#12067=IFCBEAM('2IY_AlHb5EYxUyXvBvBe5o',$,'Beam',$,$,#12068,#12078,$,$);
#12068=IFCLOCALPLACEMENT(#4293,#12069);
#12069=IFCAXIS2PLACEMENT3D(#12070,#12071,#12072);
#12070=IFCCARTESIANPOINT((4.4674773216247559,6.2599315643310547,3.));
#12071=IFCDIRECTION((-0.99999999999999423,-7.5497901264042884E-08,7.5497901264042884E-08));
#12072=IFCDIRECTION((7.5497901264043109E-08,-0.99999999999999711,-7.1609385088322392E-15));
#12073=IFCRELDEFINESBYPROPERTIES('1u8A8AkAT2eOpFOePhjv31',$,$,$,(#12067),#12074);
#12074=IFCPROPERTYSET('1AGWiCDqDC2BklvZi6sQ_H',$,'EPset_Parametric',$,(#12075));
#12075=IFCPROPERTYSINGLEVALUE('Engine',$,IFCLABEL('Bonsai.DumbProfile'),$);
#12076=IFCRELASSOCIATESMATERIAL('3lUMFS0T5CLPH7UhfIOm__',$,$,$,(#12067),#12077);
#12077=IFCMATERIALPROFILESETUSAGE(#11261,7,$);
#12078=IFCPRODUCTDEFINITIONSHAPE($,$,(#12079,#12082));
#12079=IFCSHAPEREPRESENTATION(#12,'Axis','Curve3D',(#12080));
#12080=IFCINDEXEDPOLYCURVE(#12081,$,.F.);
#12081=IFCCARTESIANPOINTLIST3D(((-1.3955202859960991E-07,-1.3955200017790048E-07,-1.9624280866992194E-08),(-1.7005126196067977E-09,-1.7004788688268491E-09,4.4900007247924805)));
#12082=IFCSHAPEREPRESENTATION(#11,'Body','SweptSolid',(#12083));
#12083=IFCEXTRUDEDAREASOLID(#10644,#12084,#12088,4.4900007415295606);
#12084=IFCAXIS2PLACEMENT3D(#12085,#12086,#12087);
#12085=IFCCARTESIANPOINT((-0.25,-0.25,0.));
#12086=IFCDIRECTION((0.,0.,1.));
#12087=IFCDIRECTION((1.,0.,0.));
#12088=IFCDIRECTION((0.,0.,1.));
#12089=IFCCOLUMN('31xLbnY0f4whlrXXdNmTo8',$,'Column',$,$,#12090,#12100,$,$);
#12090=IFCLOCALPLACEMENT(#79,#12091);
#12091=IFCAXIS2PLACEMENT3D(#12092,#12093,#12094);
#12092=IFCCARTESIANPOINT((-2.7825226783752441,-0.10006809234619141,0.));
#12093=IFCDIRECTION((0.,0.,1.));
#12094=IFCDIRECTION((1.,0.,0.));
#12095=IFCRELDEFINESBYPROPERTIES('0yXd63HQL8ugQZ6ADH7mvP',$,$,$,(#12089),#12096);
#12096=IFCPROPERTYSET('0cH2qOA4b7G9_JLvSJg6sZ',$,'EPset_Parametric',$,(#12097));
#12097=IFCPROPERTYSINGLEVALUE('Engine',$,IFCLABEL('Bonsai.DumbProfile'),$);
#12098=IFCRELASSOCIATESMATERIAL('2MFOYkvvbFafIbK3qLvjwO',$,$,$,(#12089),#12099);
#12099=IFCMATERIALPROFILESETUSAGE(#10645,5,$);
#12100=IFCPRODUCTDEFINITIONSHAPE($,$,(#12101,#12104));
#12101=IFCSHAPEREPRESENTATION(#12,'Axis','Curve3D',(#12102));
#12102=IFCINDEXEDPOLYCURVE(#12103,$,.F.);
#12103=IFCCARTESIANPOINTLIST3D(((0.,0.,0.),(0.,0.,3.)));
#12104=IFCSHAPEREPRESENTATION(#11,'Body','SweptSolid',(#12105));
#12105=IFCEXTRUDEDAREASOLID(#10644,#12106,#12110,3.);
#12106=IFCAXIS2PLACEMENT3D(#12107,#12108,#12109);
#12107=IFCCARTESIANPOINT((0.,0.,0.));
#12108=IFCDIRECTION((0.,0.,1.));
#12109=IFCDIRECTION((1.,0.,0.));
#12110=IFCDIRECTION((0.,0.,1.));
#12111=IFCCOLUMN('2dAbpDfIL1T8l6mbWH9WJF',$,'Column',$,$,#12112,#12122,$,$);
#12112=IFCLOCALPLACEMENT(#79,#12113);
#12113=IFCAXIS2PLACEMENT3D(#12114,#12115,#12116);
#12114=IFCCARTESIANPOINT((-2.7825226783752441,-0.10006809234619141,0.));
#12115=IFCDIRECTION((0.,0.,1.));
#12116=IFCDIRECTION((1.,0.,0.));
#12117=IFCRELDEFINESBYPROPERTIES('3joVhbvlrChf4E_Px$L$id',$,$,$,(#12111),#12118);
#12118=IFCPROPERTYSET('2DauAzJCT2xxuPUmHoRQh3',$,'EPset_Parametric',$,(#12119));
#12119=IFCPROPERTYSINGLEVALUE('Engine',$,IFCLABEL('Bonsai.DumbProfile'),$);
#12120=IFCRELASSOCIATESMATERIAL('3kRUx1Xmv8XhvdDADG0wMV',$,$,$,(#12111),#12121);
#12121=IFCMATERIALPROFILESETUSAGE(#10645,5,$);
#12122=IFCPRODUCTDEFINITIONSHAPE($,$,(#12123,#12126));
#12123=IFCSHAPEREPRESENTATION(#12,'Axis','Curve3D',(#12124));
#12124=IFCINDEXEDPOLYCURVE(#12125,$,.F.);
#12125=IFCCARTESIANPOINTLIST3D(((0.,0.,0.),(0.,0.,3.)));
#12126=IFCSHAPEREPRESENTATION(#11,'Body','SweptSolid',(#12127));
#12127=IFCEXTRUDEDAREASOLID(#10644,#12128,#12132,3.);
#12128=IFCAXIS2PLACEMENT3D(#12129,#12130,#12131);
#12129=IFCCARTESIANPOINT((0.,0.,0.));
#12130=IFCDIRECTION((0.,0.,1.));
#12131=IFCDIRECTION((1.,0.,0.));
#12132=IFCDIRECTION((0.,0.,1.));
#12133=IFCCOLUMN('1IIYsgQWX3ggzkn9VwF79g',$,'Column',$,$,#12164,#12144,$,$);
#12139=IFCRELDEFINESBYPROPERTIES('3N3Fb4Hc9DeRlPg87q3e2D',$,$,$,(#12133),#12140);
#12140=IFCPROPERTYSET('2R8nBJUPvBcQSDz6nt7VEX',$,'EPset_Parametric',$,(#12141));
#12141=IFCPROPERTYSINGLEVALUE('Engine',$,IFCLABEL('Bonsai.DumbProfile'),$);
#12142=IFCRELASSOCIATESMATERIAL('1QdAe2eBv2FRuGnn6NjqCJ',$,$,$,(#12133),#12143);
#12143=IFCMATERIALPROFILESETUSAGE(#10645,5,$);
#12144=IFCPRODUCTDEFINITIONSHAPE($,$,(#12145,#12148));
#12145=IFCSHAPEREPRESENTATION(#12,'Axis','Curve3D',(#12146));
#12146=IFCINDEXEDPOLYCURVE(#12147,$,.F.);
#12147=IFCCARTESIANPOINTLIST3D(((0.,0.,0.),(0.,0.,3.)));
#12148=IFCSHAPEREPRESENTATION(#11,'Body','SweptSolid',(#12149));
#12149=IFCEXTRUDEDAREASOLID(#10644,#12150,#12154,3.);
#12150=IFCAXIS2PLACEMENT3D(#12151,#12152,#12153);
#12151=IFCCARTESIANPOINT((0.,0.,0.));
#12152=IFCDIRECTION((0.,0.,1.));
#12153=IFCDIRECTION((1.,0.,0.));
#12154=IFCDIRECTION((0.,0.,1.));
#12155=IFCCARTESIANPOINT((4.4674773216247559,-0.35006308555603027,3.));
#12156=IFCDIRECTION((-0.99999999999962208,-6.7154417138201184E-07,5.5233505236153228E-07));
#12157=IFCDIRECTION((6.7154434191234105E-07,-0.99999999999973022,2.9802319545516328E-07));
#12158=IFCAXIS2PLACEMENT3D(#12155,#12156,#12157);
#12159=IFCLOCALPLACEMENT(#4293,#12158);
#12160=IFCCARTESIANPOINT((-2.7825226783752441,-2.5763611793518066,0.));
#12161=IFCDIRECTION((0.,0.,1.));
#12162=IFCDIRECTION((1.,0.,0.));
#12163=IFCAXIS2PLACEMENT3D(#12160,#12161,#12162);
#12164=IFCLOCALPLACEMENT(#79,#12163);
ENDSEC;
END-ISO-10303-21;
